[16Apr2026 02:26:05.230] [main/INFO] [cpw.mods.modlauncher.Launcher/MODLAUNCHER]: ModLauncher running: args [--launchTarget, forgeserver, --fml.forgeVersion, 47.3.7, --fml.mcVersion, 1.20.1, --fml.forgeGroup, net.minecraftforge, --fml.mcpVersion, 20230612.114412, nogui]
[16Apr2026 02:26:05.237] [main/INFO] [cpw.mods.modlauncher.Launcher/MODLAUNCHER]: ModLauncher 10.0.9+10.0.9+main.dcd20f30 starting: java version 17.0.18 by Ubuntu; OS Linux arch amd64 version 6.8.0-1044-azure
[16Apr2026 02:26:05.260] [main/DEBUG] [cpw.mods.modlauncher.LaunchServiceHandler/MODLAUNCHER]: Found launch services [fmlclientdev,forgeclient,minecraft,forgegametestserverdev,fmlserveruserdev,fmlclient,fmldatauserdev,forgeserverdev,forgeserveruserdev,forgeclientdev,forgeclientuserdev,forgeserver,forgedatadev,fmlserver,fmlclientuserdev,fmlserverdev,forgedatauserdev,testharness,forgegametestserveruserdev]
[16Apr2026 02:26:05.269] [main/DEBUG] [cpw.mods.modlauncher.NameMappingServiceHandler/MODLAUNCHER]: Found naming services : [srgtomcp]
[16Apr2026 02:26:05.282] [main/DEBUG] [cpw.mods.modlauncher.LaunchPluginHandler/MODLAUNCHER]: Found launch plugins: [mixin,eventbus,slf4jfixer,object_holder_definalize,runtime_enum_extender,capability_token_subclass,accesstransformer,runtimedistcleaner]
[16Apr2026 02:26:05.289] [main/DEBUG] [cpw.mods.modlauncher.TransformationServicesHandler/MODLAUNCHER]: Discovering transformation services
[16Apr2026 02:26:05.293] [main/DEBUG] [net.minecraftforge.fml.loading.FMLPaths/CORE]: Path GAMEDIR is /workspaces/papas-con-mayo/servidor_minecraft
[16Apr2026 02:26:05.293] [main/DEBUG] [net.minecraftforge.fml.loading.FMLPaths/CORE]: Path MODSDIR is /workspaces/papas-con-mayo/servidor_minecraft/mods
[16Apr2026 02:26:05.293] [main/DEBUG] [net.minecraftforge.fml.loading.FMLPaths/CORE]: Path CONFIGDIR is /workspaces/papas-con-mayo/servidor_minecraft/config
[16Apr2026 02:26:05.294] [main/DEBUG] [net.minecraftforge.fml.loading.FMLPaths/CORE]: Path FMLCONFIG is /workspaces/papas-con-mayo/servidor_minecraft/config/fml.toml
[16Apr2026 02:26:06.922] [main/DEBUG] [cpw.mods.modlauncher.TransformationServicesHandler/MODLAUNCHER]: Found additional transformation services from discovery services: 
[16Apr2026 02:26:06.932] [main/INFO] [net.minecraftforge.fml.loading.ImmediateWindowHandler/]: ImmediateWindowProvider not loading because launch target is forgeserver
[16Apr2026 02:26:06.942] [main/DEBUG] [cpw.mods.modlauncher.TransformationServicesHandler/MODLAUNCHER]: Found transformer services : [mixin,fml]
[16Apr2026 02:26:06.943] [main/DEBUG] [cpw.mods.modlauncher.TransformationServicesHandler/MODLAUNCHER]: Transformation services loading
[16Apr2026 02:26:06.944] [main/DEBUG] [cpw.mods.modlauncher.TransformationServiceDecorator/MODLAUNCHER]: Loading service mixin
[16Apr2026 02:26:06.944] [main/DEBUG] [cpw.mods.modlauncher.TransformationServiceDecorator/MODLAUNCHER]: Loaded service mixin
[16Apr2026 02:26:06.944] [main/DEBUG] [cpw.mods.modlauncher.TransformationServiceDecorator/MODLAUNCHER]: Loading service fml
[16Apr2026 02:26:06.945] [main/DEBUG] [net.minecraftforge.fml.loading.LauncherVersion/CORE]: Found FMLLauncher version 1.0
[16Apr2026 02:26:06.946] [main/DEBUG] [net.minecraftforge.fml.loading.FMLLoader/CORE]: FML 1.0 loading
[16Apr2026 02:26:06.946] [main/DEBUG] [net.minecraftforge.fml.loading.FMLLoader/CORE]: FML found ModLauncher version : 10.0.9+10.0.9+main.dcd20f30
[16Apr2026 02:26:06.946] [main/DEBUG] [net.minecraftforge.fml.loading.FMLLoader/CORE]: FML found AccessTransformer version : 8.0.4+66+master.c09db6d7
[16Apr2026 02:26:06.947] [main/DEBUG] [net.minecraftforge.fml.loading.FMLLoader/CORE]: FML found EventBus version : 6.0.5+6.0.5+master.eb8e549b
[16Apr2026 02:26:06.947] [main/DEBUG] [net.minecraftforge.fml.loading.FMLLoader/CORE]: Found Runtime Dist Cleaner
[16Apr2026 02:26:06.948] [main/DEBUG] [net.minecraftforge.fml.loading.FMLLoader/CORE]: FML found CoreMod version : 5.1.6
[16Apr2026 02:26:06.949] [main/DEBUG] [net.minecraftforge.fml.loading.FMLLoader/CORE]: Found ForgeSPI package implementation version 7.0.1+7.0.1+master.d2b38bf6
[16Apr2026 02:26:06.949] [main/DEBUG] [net.minecraftforge.fml.loading.FMLLoader/CORE]: Found ForgeSPI package specification 5
[16Apr2026 02:26:06.949] [main/DEBUG] [cpw.mods.modlauncher.TransformationServiceDecorator/MODLAUNCHER]: Loaded service fml
[16Apr2026 02:26:06.950] [main/DEBUG] [cpw.mods.modlauncher.TransformationServicesHandler/MODLAUNCHER]: Configuring option handling for services
[16Apr2026 02:26:06.957] [main/DEBUG] [cpw.mods.modlauncher.TransformationServicesHandler/MODLAUNCHER]: Transformation services initializing
[16Apr2026 02:26:06.958] [main/DEBUG] [cpw.mods.modlauncher.TransformationServiceDecorator/MODLAUNCHER]: Initializing transformation service mixin
[16Apr2026 02:26:06.972] [main/DEBUG] [mixin/]: MixinService [ModLauncher] was successfully booted in cpw.mods.cl.ModuleClassLoader@7a3d45bd
[16Apr2026 02:26:06.992] [main/INFO] [mixin/]: SpongePowered MIXIN Subsystem Version=0.8.5 Source=union:/workspaces/papas-con-mayo/servidor_minecraft/libraries/org/spongepowered/mixin/0.8.5/mixin-0.8.5.jar%2365!/ Service=ModLauncher Env=SERVER
[16Apr2026 02:26:06.995] [main/DEBUG] [mixin/]: Initialising Mixin Platform Manager
[16Apr2026 02:26:06.995] [main/DEBUG] [mixin/]: Adding mixin platform agents for container ModLauncher Root Container(ModLauncher:4f56a0a2)
[16Apr2026 02:26:06.996] [main/DEBUG] [mixin/]: Instancing new MixinPlatformAgentMinecraftForge for ModLauncher Root Container(ModLauncher:4f56a0a2)
[16Apr2026 02:26:06.996] [main/DEBUG] [mixin/]: MixinPlatformAgentMinecraftForge rejected container ModLauncher Root Container(ModLauncher:4f56a0a2)
[16Apr2026 02:26:06.997] [main/DEBUG] [mixin/]: Instancing new MixinPlatformAgentDefault for ModLauncher Root Container(ModLauncher:4f56a0a2)
[16Apr2026 02:26:06.997] [main/DEBUG] [mixin/]: MixinPlatformAgentDefault accepted container ModLauncher Root Container(ModLauncher:4f56a0a2)
[16Apr2026 02:26:07.000] [main/DEBUG] [cpw.mods.modlauncher.TransformationServiceDecorator/MODLAUNCHER]: Initialized transformation service mixin
[16Apr2026 02:26:07.000] [main/DEBUG] [cpw.mods.modlauncher.TransformationServiceDecorator/MODLAUNCHER]: Initializing transformation service fml
[16Apr2026 02:26:07.000] [main/DEBUG] [net.minecraftforge.fml.loading.FMLServiceProvider/CORE]: Setting up basic FML game directories
[16Apr2026 02:26:07.001] [main/DEBUG] [net.minecraftforge.fml.loading.FMLPaths/CORE]: Path GAMEDIR is /workspaces/papas-con-mayo/servidor_minecraft
[16Apr2026 02:26:07.001] [main/DEBUG] [net.minecraftforge.fml.loading.FMLPaths/CORE]: Path MODSDIR is /workspaces/papas-con-mayo/servidor_minecraft/mods
[16Apr2026 02:26:07.001] [main/DEBUG] [net.minecraftforge.fml.loading.FMLPaths/CORE]: Path CONFIGDIR is /workspaces/papas-con-mayo/servidor_minecraft/config
[16Apr2026 02:26:07.001] [main/DEBUG] [net.minecraftforge.fml.loading.FMLPaths/CORE]: Path FMLCONFIG is /workspaces/papas-con-mayo/servidor_minecraft/config/fml.toml
[16Apr2026 02:26:07.002] [main/DEBUG] [net.minecraftforge.fml.loading.FMLServiceProvider/CORE]: Loading configuration
[16Apr2026 02:26:07.004] [main/DEBUG] [net.minecraftforge.fml.loading.FMLServiceProvider/CORE]: Preparing ModFile
[16Apr2026 02:26:07.007] [main/DEBUG] [net.minecraftforge.fml.loading.FMLServiceProvider/CORE]: Preparing launch handler
[16Apr2026 02:26:07.008] [main/DEBUG] [net.minecraftforge.fml.loading.FMLLoader/CORE]: Using forgeserver as launch service
[16Apr2026 02:26:07.020] [main/DEBUG] [net.minecraftforge.fml.loading.FMLLoader/CORE]: Received command line version data  : VersionInfo[forgeVersion=47.3.7, mcVersion=1.20.1, mcpVersion=20230612.114412, forgeGroup=net.minecraftforge]
[16Apr2026 02:26:07.022] [main/DEBUG] [cpw.mods.modlauncher.TransformationServiceDecorator/MODLAUNCHER]: Initialized transformation service fml
[16Apr2026 02:26:07.022] [main/DEBUG] [cpw.mods.modlauncher.NameMappingServiceHandler/MODLAUNCHER]: Current naming domain is 'srg'
[16Apr2026 02:26:07.023] [main/DEBUG] [cpw.mods.modlauncher.NameMappingServiceHandler/MODLAUNCHER]: Identified name mapping providers {}
[16Apr2026 02:26:07.023] [main/DEBUG] [cpw.mods.modlauncher.TransformationServicesHandler/MODLAUNCHER]: Transformation services begin scanning
[16Apr2026 02:26:07.024] [main/DEBUG] [cpw.mods.modlauncher.TransformationServiceDecorator/MODLAUNCHER]: Beginning scan trigger - transformation service mixin
[16Apr2026 02:26:07.024] [main/DEBUG] [cpw.mods.modlauncher.TransformationServiceDecorator/MODLAUNCHER]: End scan trigger - transformation service mixin
[16Apr2026 02:26:07.024] [main/DEBUG] [cpw.mods.modlauncher.TransformationServiceDecorator/MODLAUNCHER]: Beginning scan trigger - transformation service fml
[16Apr2026 02:26:07.024] [main/DEBUG] [net.minecraftforge.fml.loading.FMLServiceProvider/CORE]: Initiating mod scan
[16Apr2026 02:26:07.033] [main/DEBUG] [net.minecraftforge.fml.loading.moddiscovery.ModListHandler/CORE]: Found mod coordinates from lists: []
[16Apr2026 02:26:07.038] [main/DEBUG] [net.minecraftforge.fml.loading.moddiscovery.ModDiscoverer/CORE]: Found Mod Locators : (mods folder:null),(maven libs:null),(exploded directory:null),(minecraft:null),(userdev classpath:null)
[16Apr2026 02:26:07.038] [main/DEBUG] [net.minecraftforge.fml.loading.moddiscovery.ModDiscoverer/CORE]: Found Dependency Locators : (JarInJar:null)
[16Apr2026 02:26:07.045] [main/DEBUG] [net.minecraftforge.fml.loading.moddiscovery.ModFileParser/LOADING]: Considering mod file candidate /workspaces/papas-con-mayo/servidor_minecraft/mods/1.20.1-Forge-sarosessentialsmod-1.0.1.jar
[16Apr2026 02:26:07.080] [main/DEBUG] [net.minecraftforge.fml.loading.moddiscovery.ModFileInfo/LOADING]: Found valid mod file 1.20.1-Forge-sarosessentialsmod-1.0.1.jar with {sarosessentialsmod} mods - versions {0.5}
[16Apr2026 02:26:07.084] [main/DEBUG] [net.minecraftforge.fml.loading.moddiscovery.ModFileParser/LOADING]: Considering mod file candidate /workspaces/papas-con-mayo/servidor_minecraft/mods/aether-1.20.1-1.5.2-neoforge.jar
[16Apr2026 02:26:07.109] [main/DEBUG] [net.minecraftforge.fml.loading.moddiscovery.ModFileInfo/LOADING]: Found valid mod file aether-1.20.1-1.5.2-neoforge.jar with {aether} mods - versions {1.20.1-1.5.2-neoforge}
[16Apr2026 02:26:07.121] [main/DEBUG] [net.minecraftforge.fml.loading.moddiscovery.ModFileParser/LOADING]: Considering mod file candidate /workspaces/papas-con-mayo/servidor_minecraft/mods/alexsmobs-1.22.9.jar
[16Apr2026 02:26:07.123] [main/DEBUG] [net.minecraftforge.fml.loading.moddiscovery.ModFileInfo/LOADING]: Found valid mod file alexsmobs-1.22.9.jar with {alexsmobs} mods - versions {1.22.9}
[16Apr2026 02:26:07.135] [main/DEBUG] [net.minecraftforge.fml.loading.moddiscovery.ModFileParser/LOADING]: Considering mod file candidate /workspaces/papas-con-mayo/servidor_minecraft/mods/another_furniture-forge-1.20.1-3.0.4.jar
[16Apr2026 02:26:07.137] [main/DEBUG] [net.minecraftforge.fml.loading.moddiscovery.ModFileInfo/LOADING]: Found valid mod file another_furniture-forge-1.20.1-3.0.4.jar with {another_furniture} mods - versions {1.20.1-3.0.4}
[16Apr2026 02:26:07.142] [main/DEBUG] [net.minecraftforge.fml.loading.moddiscovery.ModFileParser/LOADING]: Considering mod file candidate /workspaces/papas-con-mayo/servidor_minecraft/mods/Apotheosis-1.20.1-7.4.8.jar
[16Apr2026 02:26:07.147] [main/DEBUG] [net.minecraftforge.fml.loading.moddiscovery.ModFileInfo/LOADING]: Found valid mod file Apotheosis-1.20.1-7.4.8.jar with {apotheosis} mods - versions {7.4.8}
[16Apr2026 02:26:07.148] [main/DEBUG] [net.minecraftforge.fml.loading.moddiscovery.ModFileParser/LOADING]: Considering mod file candidate /workspaces/papas-con-mayo/servidor_minecraft/mods/ApothicAttributes-1.20.1-1.3.7.jar
[16Apr2026 02:26:07.150] [main/DEBUG] [net.minecraftforge.fml.loading.moddiscovery.ModFileInfo/LOADING]: Found valid mod file ApothicAttributes-1.20.1-1.3.7.jar with {attributeslib} mods - versions {1.3.7}
[16Apr2026 02:26:07.151] [main/DEBUG] [net.minecraftforge.fml.loading.moddiscovery.ModFileParser/LOADING]: Considering mod file candidate /workspaces/papas-con-mayo/servidor_minecraft/mods/architectury-9.2.14-forge.jar
[16Apr2026 02:26:07.153] [main/DEBUG] [net.minecraftforge.fml.loading.moddiscovery.ModFileInfo/LOADING]: Found valid mod file architectury-9.2.14-forge.jar with {architectury} mods - versions {9.2.14}
[16Apr2026 02:26:07.154] [main/DEBUG] [net.minecraftforge.fml.loading.moddiscovery.ModFileParser/LOADING]: Considering mod file candidate /workspaces/papas-con-mayo/servidor_minecraft/mods/artifacts-forge-9.5.19.jar
[16Apr2026 02:26:07.156] [main/DEBUG] [net.minecraftforge.fml.loading.moddiscovery.ModFileInfo/LOADING]: Found valid mod file artifacts-forge-9.5.19.jar with {artifacts} mods - versions {9.5.19}
[16Apr2026 02:26:07.157] [main/DEBUG] [net.minecraftforge.fml.loading.moddiscovery.ModFileParser/LOADING]: Considering mod file candidate /workspaces/papas-con-mayo/servidor_minecraft/mods/balm-forge-1.20.1-7.3.38-all.jar
[16Apr2026 02:26:07.159] [main/DEBUG] [net.minecraftforge.fml.loading.moddiscovery.ModFileInfo/LOADING]: Found valid mod file balm-forge-1.20.1-7.3.38-all.jar with {balm} mods - versions {7.3.38}
[16Apr2026 02:26:07.162] [main/DEBUG] [net.minecraftforge.fml.loading.moddiscovery.ModFileParser/LOADING]: Considering mod file candidate /workspaces/papas-con-mayo/servidor_minecraft/mods/BiomesOPlenty-forge-1.20.1-19.0.0.96.jar
[16Apr2026 02:26:07.163] [main/DEBUG] [net.minecraftforge.fml.loading.moddiscovery.ModFileInfo/LOADING]: Found valid mod file BiomesOPlenty-forge-1.20.1-19.0.0.96.jar with {biomesoplenty} mods - versions {19.0.0.96}
[16Apr2026 02:26:07.164] [main/DEBUG] [net.minecraftforge.fml.loading.moddiscovery.ModFileParser/LOADING]: Considering mod file candidate /workspaces/papas-con-mayo/servidor_minecraft/mods/blossom-blade-1.2.jar
[16Apr2026 02:26:07.164] [main/DEBUG] [net.minecraftforge.fml.loading.moddiscovery.ModFileInfo/LOADING]: Found valid mod file blossom-blade-1.2.jar with {mr_blossom_blade} mods - versions {1.2}
[16Apr2026 02:26:07.165] [main/DEBUG] [net.minecraftforge.fml.loading.moddiscovery.ModFileParser/LOADING]: Considering mod file candidate /workspaces/papas-con-mayo/servidor_minecraft/mods/carryon-forge-1.20.1-2.1.2.7.jar
[16Apr2026 02:26:07.166] [main/DEBUG] [net.minecraftforge.fml.loading.moddiscovery.ModFileInfo/LOADING]: Found valid mod file carryon-forge-1.20.1-2.1.2.7.jar with {carryon} mods - versions {2.1.2.7}
[16Apr2026 02:26:07.167] [main/DEBUG] [net.minecraftforge.fml.loading.moddiscovery.ModFileParser/LOADING]: Considering mod file candidate /workspaces/papas-con-mayo/servidor_minecraft/mods/Chunky-1.3.146.jar
[16Apr2026 02:26:07.168] [main/DEBUG] [net.minecraftforge.fml.loading.moddiscovery.ModFileInfo/LOADING]: Found valid mod file Chunky-1.3.146.jar with {chunky} mods - versions {1.3.146}
[16Apr2026 02:26:07.170] [main/DEBUG] [net.minecraftforge.fml.loading.moddiscovery.ModFileParser/LOADING]: Considering mod file candidate /workspaces/papas-con-mayo/servidor_minecraft/mods/citadel-2.6.3-1.20.1.jar
[16Apr2026 02:26:07.172] [main/DEBUG] [net.minecraftforge.fml.loading.moddiscovery.ModFileInfo/LOADING]: Found valid mod file citadel-2.6.3-1.20.1.jar with {citadel} mods - versions {2.6.3}
[16Apr2026 02:26:07.173] [main/DEBUG] [net.minecraftforge.fml.loading.moddiscovery.ModFileParser/LOADING]: Considering mod file candidate /workspaces/papas-con-mayo/servidor_minecraft/mods/cloth-config-11.1.136-forge.jar
[16Apr2026 02:26:07.175] [main/DEBUG] [net.minecraftforge.fml.loading.moddiscovery.ModFileInfo/LOADING]: Found valid mod file cloth-config-11.1.136-forge.jar with {cloth_config} mods - versions {11.1.136}
[16Apr2026 02:26:07.175] [main/DEBUG] [net.minecraftforge.fml.loading.moddiscovery.ModFileParser/LOADING]: Considering mod file candidate /workspaces/papas-con-mayo/servidor_minecraft/mods/coroutil-forge-1.20.1-1.3.7.jar
[16Apr2026 02:26:07.176] [main/DEBUG] [net.minecraftforge.fml.loading.moddiscovery.ModFileInfo/LOADING]: Found valid mod file coroutil-forge-1.20.1-1.3.7.jar with {coroutil} mods - versions {1.20.1-1.3.7}
[16Apr2026 02:26:07.177] [main/DEBUG] [net.minecraftforge.fml.loading.moddiscovery.ModFileParser/LOADING]: Considering mod file candidate /workspaces/papas-con-mayo/servidor_minecraft/mods/creeperoverhaul-3.0.2-forge.jar
[16Apr2026 02:26:07.178] [main/DEBUG] [net.minecraftforge.fml.loading.moddiscovery.ModFileInfo/LOADING]: Found valid mod file creeperoverhaul-3.0.2-forge.jar with {creeperoverhaul} mods - versions {3.0.2}
[16Apr2026 02:26:07.179] [main/DEBUG] [net.minecraftforge.fml.loading.moddiscovery.ModFileParser/LOADING]: Considering mod file candidate /workspaces/papas-con-mayo/servidor_minecraft/mods/curios-forge-5.14.1+1.20.1.jar
[16Apr2026 02:26:07.180] [main/DEBUG] [net.minecraftforge.fml.loading.moddiscovery.ModFileInfo/LOADING]: Found valid mod file curios-forge-5.14.1+1.20.1.jar with {curios} mods - versions {5.14.1+1.20.1}
[16Apr2026 02:26:07.181] [main/DEBUG] [net.minecraftforge.fml.loading.moddiscovery.ModFileParser/LOADING]: Considering mod file candidate /workspaces/papas-con-mayo/servidor_minecraft/mods/DungeonsArise-1.20.x-2.1.58-release.jar
[16Apr2026 02:26:07.182] [main/DEBUG] [net.minecraftforge.fml.loading.moddiscovery.ModFileInfo/LOADING]: Found valid mod file DungeonsArise-1.20.x-2.1.58-release.jar with {dungeons_arise} mods - versions {2.1.58-1.20.x}
[16Apr2026 02:26:07.182] [main/DEBUG] [net.minecraftforge.fml.loading.moddiscovery.ModFileParser/LOADING]: Considering mod file candidate /workspaces/papas-con-mayo/servidor_minecraft/mods/DungeonsAriseSevenSeas-1.19.2-1.0.2-forge.jar
[16Apr2026 02:26:07.183] [main/DEBUG] [net.minecraftforge.fml.loading.moddiscovery.ModFileInfo/LOADING]: Found valid mod file DungeonsAriseSevenSeas-1.19.2-1.0.2-forge.jar with {dungeons_arise_seven_seas} mods - versions {1.0.2}
[16Apr2026 02:26:07.185] [main/DEBUG] [net.minecraftforge.fml.loading.moddiscovery.ModFileParser/LOADING]: Considering mod file candidate /workspaces/papas-con-mayo/servidor_minecraft/mods/EnchantingInfuser-v8.0.3-1.20.1-Forge.jar
[16Apr2026 02:26:07.186] [main/DEBUG] [net.minecraftforge.fml.loading.moddiscovery.ModFileInfo/LOADING]: Found valid mod file EnchantingInfuser-v8.0.3-1.20.1-Forge.jar with {enchantinginfuser} mods - versions {8.0.3}
[16Apr2026 02:26:07.186] [main/DEBUG] [net.minecraftforge.fml.loading.moddiscovery.ModFileParser/LOADING]: Considering mod file candidate /workspaces/papas-con-mayo/servidor_minecraft/mods/endermanoverhaul-forge-1.20.1-1.0.4.jar
[16Apr2026 02:26:07.187] [main/DEBUG] [net.minecraftforge.fml.loading.moddiscovery.ModFileInfo/LOADING]: Found valid mod file endermanoverhaul-forge-1.20.1-1.0.4.jar with {endermanoverhaul} mods - versions {1.0.4}
[16Apr2026 02:26:07.189] [main/DEBUG] [net.minecraftforge.fml.loading.moddiscovery.ModFileParser/LOADING]: Considering mod file candidate /workspaces/papas-con-mayo/servidor_minecraft/mods/FallingTree-1.20.1-4.3.4.jar
[16Apr2026 02:26:07.190] [main/DEBUG] [net.minecraftforge.fml.loading.moddiscovery.ModFileInfo/LOADING]: Found valid mod file FallingTree-1.20.1-4.3.4.jar with {fallingtree} mods - versions {4.3.4}
[16Apr2026 02:26:07.191] [main/DEBUG] [net.minecraftforge.fml.loading.moddiscovery.ModFileParser/LOADING]: Considering mod file candidate /workspaces/papas-con-mayo/servidor_minecraft/mods/FarmersDelight-1.20.1-1.2.11.jar
[16Apr2026 02:26:07.192] [main/DEBUG] [net.minecraftforge.fml.loading.moddiscovery.ModFileInfo/LOADING]: Found valid mod file FarmersDelight-1.20.1-1.2.11.jar with {farmersdelight} mods - versions {1.20.1-1.2.11}
[16Apr2026 02:26:07.194] [main/DEBUG] [net.minecraftforge.fml.loading.moddiscovery.ModFileParser/LOADING]: Considering mod file candidate /workspaces/papas-con-mayo/servidor_minecraft/mods/ferritecore-6.0.1-forge.jar
[16Apr2026 02:26:07.195] [main/DEBUG] [net.minecraftforge.fml.loading.moddiscovery.ModFileInfo/LOADING]: Found valid mod file ferritecore-6.0.1-forge.jar with {ferritecore} mods - versions {6.0.1}
[16Apr2026 02:26:07.196] [main/DEBUG] [net.minecraftforge.fml.loading.moddiscovery.ModFileParser/LOADING]: Considering mod file candidate /workspaces/papas-con-mayo/servidor_minecraft/mods/From-The-Fog-1.20-v1.9.2-Forge-Fabric.jar
[16Apr2026 02:26:07.197] [main/DEBUG] [net.minecraftforge.fml.loading.moddiscovery.ModFileInfo/LOADING]: Found valid mod file From-The-Fog-1.20-v1.9.2-Forge-Fabric.jar with {watching} mods - versions {1.9.2}
[16Apr2026 02:26:07.197] [main/DEBUG] [net.minecraftforge.fml.loading.moddiscovery.ModFileParser/LOADING]: Considering mod file candidate /workspaces/papas-con-mayo/servidor_minecraft/mods/geckolib-forge-1.20.1-4.8.3.jar
[16Apr2026 02:26:07.198] [main/DEBUG] [net.minecraftforge.fml.loading.moddiscovery.ModFileInfo/LOADING]: Found valid mod file geckolib-forge-1.20.1-4.8.3.jar with {geckolib} mods - versions {4.8.3}
[16Apr2026 02:26:07.198] [main/DEBUG] [net.minecraftforge.fml.loading.moddiscovery.ModFileParser/LOADING]: Considering mod file candidate /workspaces/papas-con-mayo/servidor_minecraft/mods/GlitchCore-forge-1.20.1-0.0.1.1.jar
[16Apr2026 02:26:07.199] [main/DEBUG] [net.minecraftforge.fml.loading.moddiscovery.ModFileInfo/LOADING]: Found valid mod file GlitchCore-forge-1.20.1-0.0.1.1.jar with {glitchcore} mods - versions {0.0.1.1}
[16Apr2026 02:26:07.199] [main/DEBUG] [net.minecraftforge.fml.loading.moddiscovery.ModFileParser/LOADING]: Considering mod file candidate /workspaces/papas-con-mayo/servidor_minecraft/mods/guardvillagers-1.20.1-1.6.17.jar
[16Apr2026 02:26:07.200] [main/DEBUG] [net.minecraftforge.fml.loading.moddiscovery.ModFileInfo/LOADING]: Found valid mod file guardvillagers-1.20.1-1.6.17.jar with {guardvillagers} mods - versions {1.20.1-1.6.17}
[16Apr2026 02:26:07.201] [main/DEBUG] [net.minecraftforge.fml.loading.moddiscovery.ModFileParser/LOADING]: Considering mod file candidate /workspaces/papas-con-mayo/servidor_minecraft/mods/hiccups_legacy-2.0.0.jar
[16Apr2026 02:26:07.202] [main/DEBUG] [net.minecraftforge.fml.loading.moddiscovery.ModFileInfo/LOADING]: Found valid mod file hiccups_legacy-2.0.0.jar with {hiccups_legacy} mods - versions {2.0.0}
[16Apr2026 02:26:07.202] [main/DEBUG] [net.minecraftforge.fml.loading.moddiscovery.ModFileParser/LOADING]: Considering mod file candidate /workspaces/papas-con-mayo/servidor_minecraft/mods/ImmediatelyFast-Forge-1.5.4+1.20.4.jar
[16Apr2026 02:26:07.204] [main/DEBUG] [net.minecraftforge.fml.loading.moddiscovery.ModFileInfo/LOADING]: Found valid mod file ImmediatelyFast-Forge-1.5.4+1.20.4.jar with {immediatelyfast} mods - versions {1.5.4+1.20.4}
[16Apr2026 02:26:07.205] [main/DEBUG] [net.minecraftforge.fml.loading.moddiscovery.ModFileParser/LOADING]: Considering mod file candidate /workspaces/papas-con-mayo/servidor_minecraft/mods/immersive_armors-1.7.1+1.20.1-forge.jar
[16Apr2026 02:26:07.205] [main/DEBUG] [net.minecraftforge.fml.loading.moddiscovery.ModFileInfo/LOADING]: Found valid mod file immersive_armors-1.7.1+1.20.1-forge.jar with {immersive_armors} mods - versions {1.7.1+1.20.1}
[16Apr2026 02:26:07.206] [main/DEBUG] [net.minecraftforge.fml.loading.moddiscovery.ModFileParser/LOADING]: Considering mod file candidate /workspaces/papas-con-mayo/servidor_minecraft/mods/immersive_melodies-0.6.0+1.20.1-forge.jar
[16Apr2026 02:26:07.207] [main/DEBUG] [net.minecraftforge.fml.loading.moddiscovery.ModFileInfo/LOADING]: Found valid mod file immersive_melodies-0.6.0+1.20.1-forge.jar with {immersive_melodies} mods - versions {0.6.0+1.20.1}
[16Apr2026 02:26:07.208] [main/DEBUG] [net.minecraftforge.fml.loading.moddiscovery.ModFileParser/LOADING]: Considering mod file candidate /workspaces/papas-con-mayo/servidor_minecraft/mods/immersive_paintings-0.6.11+1.20.1-forge.jar
[16Apr2026 02:26:07.208] [main/DEBUG] [net.minecraftforge.fml.loading.moddiscovery.ModFileInfo/LOADING]: Found valid mod file immersive_paintings-0.6.11+1.20.1-forge.jar with {immersive_paintings} mods - versions {0.6.11+1.20.1}
[16Apr2026 02:26:07.209] [main/DEBUG] [net.minecraftforge.fml.loading.moddiscovery.ModFileParser/LOADING]: Considering mod file candidate /workspaces/papas-con-mayo/servidor_minecraft/mods/Jade-1.20.1-Forge-11.13.2.jar
[16Apr2026 02:26:07.210] [main/DEBUG] [net.minecraftforge.fml.loading.moddiscovery.ModFileInfo/LOADING]: Found valid mod file Jade-1.20.1-Forge-11.13.2.jar with {jade} mods - versions {11.13.2+forge}
[16Apr2026 02:26:07.210] [main/DEBUG] [net.minecraftforge.fml.loading.moddiscovery.ModFileParser/LOADING]: Considering mod file candidate /workspaces/papas-con-mayo/servidor_minecraft/mods/Ksyxis-1.3.4.jar
[16Apr2026 02:26:07.211] [main/DEBUG] [net.minecraftforge.fml.loading.moddiscovery.ModFileInfo/LOADING]: Found valid mod file Ksyxis-1.3.4.jar with {ksyxis} mods - versions {1.3.4}
[16Apr2026 02:26:07.214] [main/DEBUG] [net.minecraftforge.fml.loading.moddiscovery.ModFileParser/LOADING]: Considering mod file candidate /workspaces/papas-con-mayo/servidor_minecraft/mods/L_Enders_Cataclysm-3.27.jar
[16Apr2026 02:26:07.215] [main/DEBUG] [net.minecraftforge.fml.loading.moddiscovery.ModFileInfo/LOADING]: Found valid mod file L_Enders_Cataclysm-3.27.jar with {cataclysm} mods - versions {3.27}
[16Apr2026 02:26:07.215] [main/DEBUG] [net.minecraftforge.fml.loading.moddiscovery.ModFileParser/LOADING]: Considering mod file candidate /workspaces/papas-con-mayo/servidor_minecraft/mods/lionfishapi-2.4.jar
[16Apr2026 02:26:07.216] [main/DEBUG] [net.minecraftforge.fml.loading.moddiscovery.ModFileInfo/LOADING]: Found valid mod file lionfishapi-2.4.jar with {lionfishapi} mods - versions {2.4}
[16Apr2026 02:26:07.217] [main/DEBUG] [net.minecraftforge.fml.loading.moddiscovery.ModFileParser/LOADING]: Considering mod file candidate /workspaces/papas-con-mayo/servidor_minecraft/mods/lithostitched-forge-1.20.1-1.4.11.jar
[16Apr2026 02:26:07.217] [main/DEBUG] [net.minecraftforge.fml.loading.moddiscovery.ModFileInfo/LOADING]: Found valid mod file lithostitched-forge-1.20.1-1.4.11.jar with {lithostitched} mods - versions {1.4.11}
[16Apr2026 02:26:07.218] [main/DEBUG] [net.minecraftforge.fml.loading.moddiscovery.ModFileParser/LOADING]: Considering mod file candidate /workspaces/papas-con-mayo/servidor_minecraft/mods/lootr-forge-1.20-0.7.35.94.jar
[16Apr2026 02:26:07.219] [main/DEBUG] [net.minecraftforge.fml.loading.moddiscovery.ModFileInfo/LOADING]: Found valid mod file lootr-forge-1.20-0.7.35.94.jar with {lootr} mods - versions {0.7.35.94}
[16Apr2026 02:26:07.220] [main/DEBUG] [net.minecraftforge.fml.loading.moddiscovery.ModFileParser/LOADING]: Considering mod file candidate /workspaces/papas-con-mayo/servidor_minecraft/mods/mcw-bridges-3.1.2-mc1.20.1forge.jar
[16Apr2026 02:26:07.221] [main/DEBUG] [net.minecraftforge.fml.loading.moddiscovery.ModFileInfo/LOADING]: Found valid mod file mcw-bridges-3.1.2-mc1.20.1forge.jar with {mcwbridges} mods - versions {3.1.2}
[16Apr2026 02:26:07.223] [main/DEBUG] [net.minecraftforge.fml.loading.moddiscovery.ModFileParser/LOADING]: Considering mod file candidate /workspaces/papas-con-mayo/servidor_minecraft/mods/mcw-doors-1.1.5-mc1.20.1forge.jar
[16Apr2026 02:26:07.223] [main/DEBUG] [net.minecraftforge.fml.loading.moddiscovery.ModFileInfo/LOADING]: Found valid mod file mcw-doors-1.1.5-mc1.20.1forge.jar with {mcwdoors} mods - versions {1.1.5}
[16Apr2026 02:26:07.224] [main/DEBUG] [net.minecraftforge.fml.loading.moddiscovery.ModFileParser/LOADING]: Considering mod file candidate /workspaces/papas-con-mayo/servidor_minecraft/mods/mcw-mcwfences-1.2.1-mc1.20.1forge.jar
[16Apr2026 02:26:07.225] [main/DEBUG] [net.minecraftforge.fml.loading.moddiscovery.ModFileInfo/LOADING]: Found valid mod file mcw-mcwfences-1.2.1-mc1.20.1forge.jar with {mcwfences} mods - versions {1.2.1}
[16Apr2026 02:26:07.226] [main/DEBUG] [net.minecraftforge.fml.loading.moddiscovery.ModFileParser/LOADING]: Considering mod file candidate /workspaces/papas-con-mayo/servidor_minecraft/mods/mcw-mcwstairs-1.0.2-mc1.20.1forge.jar
[16Apr2026 02:26:07.226] [main/DEBUG] [net.minecraftforge.fml.loading.moddiscovery.ModFileInfo/LOADING]: Found valid mod file mcw-mcwstairs-1.0.2-mc1.20.1forge.jar with {mcwstairs} mods - versions {1.0.2}
[16Apr2026 02:26:07.228] [main/DEBUG] [net.minecraftforge.fml.loading.moddiscovery.ModFileParser/LOADING]: Considering mod file candidate /workspaces/papas-con-mayo/servidor_minecraft/mods/mcw-mcwwindows-2.4.2-mc1.20.1forge.jar
[16Apr2026 02:26:07.228] [main/DEBUG] [net.minecraftforge.fml.loading.moddiscovery.ModFileInfo/LOADING]: Found valid mod file mcw-mcwwindows-2.4.2-mc1.20.1forge.jar with {mcwwindows} mods - versions {2.4.2}
[16Apr2026 02:26:07.231] [main/DEBUG] [net.minecraftforge.fml.loading.moddiscovery.ModFileParser/LOADING]: Considering mod file candidate /workspaces/papas-con-mayo/servidor_minecraft/mods/mcw-roofs-2.3.2-mc1.20.1forge.jar
[16Apr2026 02:26:07.231] [main/DEBUG] [net.minecraftforge.fml.loading.moddiscovery.ModFileInfo/LOADING]: Found valid mod file mcw-roofs-2.3.2-mc1.20.1forge.jar with {mcwroofs} mods - versions {2.3.2}
[16Apr2026 02:26:07.232] [main/DEBUG] [net.minecraftforge.fml.loading.moddiscovery.ModFileParser/LOADING]: Considering mod file candidate /workspaces/papas-con-mayo/servidor_minecraft/mods/moogs_structure_lib-1.1.0-1.20-1.20.4-forge.jar
[16Apr2026 02:26:07.233] [main/DEBUG] [net.minecraftforge.fml.loading.moddiscovery.ModFileInfo/LOADING]: Found valid mod file moogs_structure_lib-1.1.0-1.20-1.20.4-forge.jar with {moogs_structures} mods - versions {1.1.0-1.20-1.20.4}
[16Apr2026 02:26:07.233] [main/DEBUG] [net.minecraftforge.fml.loading.moddiscovery.ModFileParser/LOADING]: Considering mod file candidate /workspaces/papas-con-mayo/servidor_minecraft/mods/MoogsNetherStructures-1.20-2.0.2.jar
[16Apr2026 02:26:07.234] [main/DEBUG] [net.minecraftforge.fml.loading.moddiscovery.ModFileInfo/LOADING]: Found valid mod file MoogsNetherStructures-1.20-2.0.2.jar with {mns} mods - versions {2.0.2}
[16Apr2026 02:26:07.235] [main/DEBUG] [net.minecraftforge.fml.loading.moddiscovery.ModFileParser/LOADING]: Considering mod file candidate /workspaces/papas-con-mayo/servidor_minecraft/mods/moonlight-1.20-2.16.28-forge.jar
[16Apr2026 02:26:07.236] [main/DEBUG] [net.minecraftforge.fml.loading.moddiscovery.ModFileInfo/LOADING]: Found valid mod file moonlight-1.20-2.16.28-forge.jar with {moonlight} mods - versions {1.20-2.16.28}
[16Apr2026 02:26:07.236] [main/DEBUG] [net.minecraftforge.fml.loading.moddiscovery.ModFileParser/LOADING]: Considering mod file candidate /workspaces/papas-con-mayo/servidor_minecraft/mods/mysticaloaktree-1.20-1.11.jar
[16Apr2026 02:26:07.237] [main/DEBUG] [net.minecraftforge.fml.loading.moddiscovery.ModFileInfo/LOADING]: Found valid mod file mysticaloaktree-1.20-1.11.jar with {mysticaloaktree} mods - versions {1.20-1.11}
[16Apr2026 02:26:07.238] [main/DEBUG] [net.minecraftforge.fml.loading.moddiscovery.ModFileParser/LOADING]: Considering mod file candidate /workspaces/papas-con-mayo/servidor_minecraft/mods/OctoLib-FORGE-0.5.0.1+1.20.1.jar
[16Apr2026 02:26:07.239] [main/DEBUG] [net.minecraftforge.fml.loading.moddiscovery.ModFileInfo/LOADING]: Found valid mod file OctoLib-FORGE-0.5.0.1+1.20.1.jar with {octolib} mods - versions {0.5.0.1}
[16Apr2026 02:26:07.239] [main/DEBUG] [net.minecraftforge.fml.loading.moddiscovery.ModFileParser/LOADING]: Considering mod file candidate /workspaces/papas-con-mayo/servidor_minecraft/mods/Placebo-1.20.1-8.6.3.jar
[16Apr2026 02:26:07.240] [main/DEBUG] [net.minecraftforge.fml.loading.moddiscovery.ModFileInfo/LOADING]: Found valid mod file Placebo-1.20.1-8.6.3.jar with {placebo} mods - versions {8.6.3}
[16Apr2026 02:26:07.240] [main/DEBUG] [net.minecraftforge.fml.loading.moddiscovery.ModFileParser/LOADING]: Considering mod file candidate /workspaces/papas-con-mayo/servidor_minecraft/mods/Platform-forge-1.20.1-1.3.2.jar
[16Apr2026 02:26:07.241] [main/DEBUG] [net.minecraftforge.fml.loading.moddiscovery.ModFileInfo/LOADING]: Found valid mod file Platform-forge-1.20.1-1.3.2.jar with {platform} mods - versions {1.3.2}
[16Apr2026 02:26:07.253] [main/DEBUG] [net.minecraftforge.fml.loading.moddiscovery.ModFileParser/LOADING]: Considering mod file candidate /workspaces/papas-con-mayo/servidor_minecraft/mods/PuzzlesLib-v8.1.33-1.20.1-Forge.jar
[16Apr2026 02:26:07.253] [main/DEBUG] [net.minecraftforge.fml.loading.moddiscovery.ModFileInfo/LOADING]: Found valid mod file PuzzlesLib-v8.1.33-1.20.1-Forge.jar with {puzzleslib} mods - versions {8.1.33}
[16Apr2026 02:26:07.254] [main/DEBUG] [net.minecraftforge.fml.loading.moddiscovery.ModFileParser/LOADING]: Considering mod file candidate /workspaces/papas-con-mayo/servidor_minecraft/mods/relics-1.20.1-0.8.0.13.jar
[16Apr2026 02:26:07.255] [main/DEBUG] [net.minecraftforge.fml.loading.moddiscovery.ModFileInfo/LOADING]: Found valid mod file relics-1.20.1-0.8.0.13.jar with {relics} mods - versions {0.8.0.13}
[16Apr2026 02:26:07.255] [main/DEBUG] [net.minecraftforge.fml.loading.moddiscovery.ModFileParser/LOADING]: Considering mod file candidate /workspaces/papas-con-mayo/servidor_minecraft/mods/resourcefulconfig-forge-1.20.1-2.1.3.jar
[16Apr2026 02:26:07.256] [main/DEBUG] [net.minecraftforge.fml.loading.moddiscovery.ModFileInfo/LOADING]: Found valid mod file resourcefulconfig-forge-1.20.1-2.1.3.jar with {resourcefulconfig} mods - versions {2.1.3}
[16Apr2026 02:26:07.257] [main/DEBUG] [net.minecraftforge.fml.loading.moddiscovery.ModFileParser/LOADING]: Considering mod file candidate /workspaces/papas-con-mayo/servidor_minecraft/mods/resourcefullib-forge-1.20.1-2.1.29.jar
[16Apr2026 02:26:07.257] [main/DEBUG] [net.minecraftforge.fml.loading.moddiscovery.ModFileInfo/LOADING]: Found valid mod file resourcefullib-forge-1.20.1-2.1.29.jar with {resourcefullib} mods - versions {2.1.29}
[16Apr2026 02:26:07.258] [main/DEBUG] [net.minecraftforge.fml.loading.moddiscovery.ModFileParser/LOADING]: Considering mod file candidate /workspaces/papas-con-mayo/servidor_minecraft/mods/siegeweapons-1.20.1-0.2.5.jar
[16Apr2026 02:26:07.258] [main/DEBUG] [net.minecraftforge.fml.loading.moddiscovery.ModFileInfo/LOADING]: Found valid mod file siegeweapons-1.20.1-0.2.5.jar with {siegeweapons} mods - versions {0.2.5}
[16Apr2026 02:26:07.259] [main/DEBUG] [net.minecraftforge.fml.loading.moddiscovery.ModFileParser/LOADING]: Considering mod file candidate /workspaces/papas-con-mayo/servidor_minecraft/mods/skinrestorer-2.7.0+1.20-forge.jar
[16Apr2026 02:26:07.259] [main/DEBUG] [net.minecraftforge.fml.loading.moddiscovery.ModFileInfo/LOADING]: Found valid mod file skinrestorer-2.7.0+1.20-forge.jar with {skinrestorer} mods - versions {2.7.0+1.20-forge}
[16Apr2026 02:26:07.260] [main/DEBUG] [net.minecraftforge.fml.loading.moddiscovery.ModFileParser/LOADING]: Considering mod file candidate /workspaces/papas-con-mayo/servidor_minecraft/mods/spark-1.10.53-forge.jar
[16Apr2026 02:26:07.261] [main/DEBUG] [net.minecraftforge.fml.loading.moddiscovery.ModFileInfo/LOADING]: Found valid mod file spark-1.10.53-forge.jar with {spark} mods - versions {1.10.53}
[16Apr2026 02:26:07.269] [main/DEBUG] [net.minecraftforge.fml.loading.moddiscovery.ModFileParser/LOADING]: Considering mod file candidate /workspaces/papas-con-mayo/servidor_minecraft/mods/supplementaries-1.20-3.1.43-forge.jar
[16Apr2026 02:26:07.270] [main/DEBUG] [net.minecraftforge.fml.loading.moddiscovery.ModFileInfo/LOADING]: Found valid mod file supplementaries-1.20-3.1.43-forge.jar with {supplementaries} mods - versions {1.20-3.1.43}
[16Apr2026 02:26:07.271] [main/DEBUG] [net.minecraftforge.fml.loading.moddiscovery.ModFileParser/LOADING]: Considering mod file candidate /workspaces/papas-con-mayo/servidor_minecraft/mods/TerraBlender-forge-1.20.1-3.0.1.10.jar
[16Apr2026 02:26:07.271] [main/DEBUG] [net.minecraftforge.fml.loading.moddiscovery.ModFileInfo/LOADING]: Found valid mod file TerraBlender-forge-1.20.1-3.0.1.10.jar with {terrablender} mods - versions {3.0.1.10}
[16Apr2026 02:26:07.274] [main/DEBUG] [net.minecraftforge.fml.loading.moddiscovery.ModFileParser/LOADING]: Considering mod file candidate /workspaces/papas-con-mayo/servidor_minecraft/mods/Terralith_1.20.x_v2.5.4.jar
[16Apr2026 02:26:07.275] [main/DEBUG] [net.minecraftforge.fml.loading.moddiscovery.ModFileInfo/LOADING]: Found valid mod file Terralith_1.20.x_v2.5.4.jar with {terralith} mods - versions {2.5.4}
[16Apr2026 02:26:07.275] [main/DEBUG] [net.minecraftforge.fml.loading.moddiscovery.ModFileParser/LOADING]: Considering mod file candidate /workspaces/papas-con-mayo/servidor_minecraft/mods/travelersbackpack-forge-1.20.1-9.1.53.jar
[16Apr2026 02:26:07.276] [main/DEBUG] [net.minecraftforge.fml.loading.moddiscovery.ModFileInfo/LOADING]: Found valid mod file travelersbackpack-forge-1.20.1-9.1.53.jar with {travelersbackpack} mods - versions {9.1.53}
[16Apr2026 02:26:07.278] [main/DEBUG] [net.minecraftforge.fml.loading.moddiscovery.ModFileParser/LOADING]: Considering mod file candidate /workspaces/papas-con-mayo/servidor_minecraft/mods/trek-B0.6.1.1.jar
[16Apr2026 02:26:07.279] [main/DEBUG] [net.minecraftforge.fml.loading.moddiscovery.ModFileInfo/LOADING]: Found valid mod file trek-B0.6.1.1.jar with {mr_trek} mods - versions {1-B0.6.1.1}
[16Apr2026 02:26:07.280] [main/DEBUG] [net.minecraftforge.fml.loading.moddiscovery.ModFileParser/LOADING]: Considering mod file candidate /workspaces/papas-con-mayo/servidor_minecraft/mods/VanillaBackport-forge-1.20.1-1.1.6.3.jar
[16Apr2026 02:26:07.281] [main/DEBUG] [net.minecraftforge.fml.loading.moddiscovery.ModFileInfo/LOADING]: Found valid mod file VanillaBackport-forge-1.20.1-1.1.6.3.jar with {vanillabackport} mods - versions {1.1.6.3}
[16Apr2026 02:26:07.281] [main/DEBUG] [net.minecraftforge.fml.loading.moddiscovery.ModFileParser/LOADING]: Considering mod file candidate /workspaces/papas-con-mayo/servidor_minecraft/mods/veinminer-1.1.0.jar
[16Apr2026 02:26:07.282] [main/DEBUG] [net.minecraftforge.fml.loading.moddiscovery.ModFileInfo/LOADING]: Found valid mod file veinminer-1.1.0.jar with {mr_veinminer} mods - versions {1.1.0}
[16Apr2026 02:26:07.283] [main/DEBUG] [net.minecraftforge.fml.loading.moddiscovery.ModFileParser/LOADING]: Considering mod file candidate /workspaces/papas-con-mayo/servidor_minecraft/mods/waystones-forge-1.20.1-14.1.20.jar
[16Apr2026 02:26:07.283] [main/DEBUG] [net.minecraftforge.fml.loading.moddiscovery.ModFileInfo/LOADING]: Found valid mod file waystones-forge-1.20.1-14.1.20.jar with {waystones} mods - versions {14.1.20}
[16Apr2026 02:26:07.284] [main/DEBUG] [net.minecraftforge.fml.loading.moddiscovery.ModFileParser/LOADING]: Considering mod file candidate /workspaces/papas-con-mayo/servidor_minecraft/mods/xaerominimap-forge-1.20.1-25.3.10.jar
[16Apr2026 02:26:07.285] [main/DEBUG] [net.minecraftforge.fml.loading.moddiscovery.ModFileInfo/LOADING]: Found valid mod file xaerominimap-forge-1.20.1-25.3.10.jar with {xaerominimap} mods - versions {25.3.10}
[16Apr2026 02:26:07.286] [main/DEBUG] [net.minecraftforge.fml.loading.moddiscovery.ModFileParser/LOADING]: Considering mod file candidate /workspaces/papas-con-mayo/servidor_minecraft/mods/xaeroworldmap-forge-1.20.1-1.40.11.jar
[16Apr2026 02:26:07.287] [main/DEBUG] [net.minecraftforge.fml.loading.moddiscovery.ModFileInfo/LOADING]: Found valid mod file xaeroworldmap-forge-1.20.1-1.40.11.jar with {xaeroworldmap} mods - versions {1.40.11}
[16Apr2026 02:26:07.287] [main/DEBUG] [net.minecraftforge.fml.loading.moddiscovery.ModFileParser/LOADING]: Considering mod file candidate /workspaces/papas-con-mayo/servidor_minecraft/mods/YungsApi-1.20-Forge-4.0.6.jar
[16Apr2026 02:26:07.288] [main/DEBUG] [net.minecraftforge.fml.loading.moddiscovery.ModFileInfo/LOADING]: Found valid mod file YungsApi-1.20-Forge-4.0.6.jar with {yungsapi} mods - versions {1.20-Forge-4.0.6}
[16Apr2026 02:26:07.289] [main/DEBUG] [net.minecraftforge.fml.loading.moddiscovery.ModFileParser/LOADING]: Considering mod file candidate /workspaces/papas-con-mayo/servidor_minecraft/mods/YungsBetterDesertTemples-1.20-Forge-3.0.3.jar
[16Apr2026 02:26:07.289] [main/DEBUG] [net.minecraftforge.fml.loading.moddiscovery.ModFileInfo/LOADING]: Found valid mod file YungsBetterDesertTemples-1.20-Forge-3.0.3.jar with {betterdeserttemples} mods - versions {1.20-Forge-3.0.3}
[16Apr2026 02:26:07.290] [main/DEBUG] [net.minecraftforge.fml.loading.moddiscovery.ModFileParser/LOADING]: Considering mod file candidate /workspaces/papas-con-mayo/servidor_minecraft/mods/YungsBetterJungleTemples-1.20-Forge-2.0.5.jar
[16Apr2026 02:26:07.291] [main/DEBUG] [net.minecraftforge.fml.loading.moddiscovery.ModFileInfo/LOADING]: Found valid mod file YungsBetterJungleTemples-1.20-Forge-2.0.5.jar with {betterjungletemples} mods - versions {1.20-Forge-2.0.5}
[16Apr2026 02:26:07.291] [main/DEBUG] [net.minecraftforge.fml.loading.moddiscovery.ModFileParser/LOADING]: Considering mod file candidate /workspaces/papas-con-mayo/servidor_minecraft/mods/YungsBetterMineshafts-1.20-Forge-4.0.4.jar
[16Apr2026 02:26:07.292] [main/DEBUG] [net.minecraftforge.fml.loading.moddiscovery.ModFileInfo/LOADING]: Found valid mod file YungsBetterMineshafts-1.20-Forge-4.0.4.jar with {bettermineshafts} mods - versions {1.20-Forge-4.0.4}
[16Apr2026 02:26:07.292] [main/DEBUG] [net.minecraftforge.fml.loading.moddiscovery.ModFileParser/LOADING]: Considering mod file candidate /workspaces/papas-con-mayo/servidor_minecraft/mods/YungsBetterOceanMonuments-1.20-Forge-3.0.4.jar
[16Apr2026 02:26:07.293] [main/DEBUG] [net.minecraftforge.fml.loading.moddiscovery.ModFileInfo/LOADING]: Found valid mod file YungsBetterOceanMonuments-1.20-Forge-3.0.4.jar with {betteroceanmonuments} mods - versions {1.20-Forge-3.0.4}
[16Apr2026 02:26:07.365] [main/DEBUG] [net.minecraftforge.fml.loading.moddiscovery.ModFileInfo/LOADING]: Found valid mod file server-1.20.1-20230612.114412-srg.jar with {minecraft} mods - versions {1.20.1}
[16Apr2026 02:26:07.367] [main/DEBUG] [net.minecraftforge.fml.loading.moddiscovery.ModFileParser/LOADING]: Considering mod file candidate /workspaces/papas-con-mayo/servidor_minecraft/libraries/net/minecraftforge/fmlcore/1.20.1-47.3.7/fmlcore-1.20.1-47.3.7.jar
[16Apr2026 02:26:07.367] [main/WARN] [net.minecraftforge.fml.loading.moddiscovery.ModFileParser/LOADING]: Mod file /workspaces/papas-con-mayo/servidor_minecraft/libraries/net/minecraftforge/fmlcore/1.20.1-47.3.7/fmlcore-1.20.1-47.3.7.jar is missing mods.toml file
[16Apr2026 02:26:07.368] [main/DEBUG] [net.minecraftforge.fml.loading.moddiscovery.ModFileParser/LOADING]: Considering mod file candidate /workspaces/papas-con-mayo/servidor_minecraft/libraries/net/minecraftforge/javafmllanguage/1.20.1-47.3.7/javafmllanguage-1.20.1-47.3.7.jar
[16Apr2026 02:26:07.368] [main/WARN] [net.minecraftforge.fml.loading.moddiscovery.ModFileParser/LOADING]: Mod file /workspaces/papas-con-mayo/servidor_minecraft/libraries/net/minecraftforge/javafmllanguage/1.20.1-47.3.7/javafmllanguage-1.20.1-47.3.7.jar is missing mods.toml file
[16Apr2026 02:26:07.369] [main/DEBUG] [net.minecraftforge.fml.loading.moddiscovery.ModFileParser/LOADING]: Considering mod file candidate /workspaces/papas-con-mayo/servidor_minecraft/libraries/net/minecraftforge/lowcodelanguage/1.20.1-47.3.7/lowcodelanguage-1.20.1-47.3.7.jar
[16Apr2026 02:26:07.369] [main/WARN] [net.minecraftforge.fml.loading.moddiscovery.ModFileParser/LOADING]: Mod file /workspaces/papas-con-mayo/servidor_minecraft/libraries/net/minecraftforge/lowcodelanguage/1.20.1-47.3.7/lowcodelanguage-1.20.1-47.3.7.jar is missing mods.toml file
[16Apr2026 02:26:07.370] [main/DEBUG] [net.minecraftforge.fml.loading.moddiscovery.ModFileParser/LOADING]: Considering mod file candidate /workspaces/papas-con-mayo/servidor_minecraft/libraries/net/minecraftforge/mclanguage/1.20.1-47.3.7/mclanguage-1.20.1-47.3.7.jar
[16Apr2026 02:26:07.370] [main/WARN] [net.minecraftforge.fml.loading.moddiscovery.ModFileParser/LOADING]: Mod file /workspaces/papas-con-mayo/servidor_minecraft/libraries/net/minecraftforge/mclanguage/1.20.1-47.3.7/mclanguage-1.20.1-47.3.7.jar is missing mods.toml file
[16Apr2026 02:26:07.400] [main/DEBUG] [net.minecraftforge.fml.loading.moddiscovery.ModFileParser/LOADING]: Considering mod file candidate /workspaces/papas-con-mayo/servidor_minecraft/libraries/net/minecraftforge/forge/1.20.1-47.3.7/forge-1.20.1-47.3.7-universal.jar
[16Apr2026 02:26:07.401] [main/DEBUG] [net.minecraftforge.fml.loading.moddiscovery.ModFileInfo/LOADING]: Found valid mod file forge-1.20.1-47.3.7-universal.jar with {forge} mods - versions {47.3.7}
[16Apr2026 02:26:07.412] [main/DEBUG] [net.minecraftforge.fml.loading.moddiscovery.AbstractJarFileDependencyLocator/]: Failed to load resource META-INF/jarjar/metadata.json from alexsmobs-1.22.9.jar, it does not contain dependency information.
[16Apr2026 02:26:07.413] [main/DEBUG] [net.minecraftforge.fml.loading.moddiscovery.AbstractJarFileDependencyLocator/]: Failed to load resource META-INF/jarjar/metadata.json from hiccups_legacy-2.0.0.jar, it does not contain dependency information.
[16Apr2026 02:26:07.413] [main/DEBUG] [net.minecraftforge.fml.loading.moddiscovery.AbstractJarFileDependencyLocator/]: Failed to load resource META-INF/jarjar/metadata.json from lithostitched-forge-1.20.1-1.4.11.jar, it does not contain dependency information.
[16Apr2026 02:26:07.414] [main/DEBUG] [net.minecraftforge.fml.loading.moddiscovery.AbstractJarFileDependencyLocator/]: Failed to load resource META-INF/jarjar/metadata.json from YungsBetterOceanMonuments-1.20-Forge-3.0.4.jar, it does not contain dependency information.
[16Apr2026 02:26:07.414] [main/DEBUG] [net.minecraftforge.fml.loading.moddiscovery.AbstractJarFileDependencyLocator/]: Failed to load resource META-INF/jarjar/metadata.json from siegeweapons-1.20.1-0.2.5.jar, it does not contain dependency information.
[16Apr2026 02:26:07.414] [main/DEBUG] [net.minecraftforge.fml.loading.moddiscovery.AbstractJarFileDependencyLocator/]: Failed to load resource META-INF/jarjar/metadata.json from mcw-mcwwindows-2.4.2-mc1.20.1forge.jar, it does not contain dependency information.
[16Apr2026 02:26:07.414] [main/DEBUG] [net.minecraftforge.fml.loading.moddiscovery.AbstractJarFileDependencyLocator/]: Failed to load resource META-INF/jarjar/metadata.json from blossom-blade-1.2.jar, it does not contain dependency information.
[16Apr2026 02:26:07.414] [main/DEBUG] [net.minecraftforge.fml.loading.moddiscovery.AbstractJarFileDependencyLocator/]: Failed to load resource META-INF/jarjar/metadata.json from waystones-forge-1.20.1-14.1.20.jar, it does not contain dependency information.
[16Apr2026 02:26:07.414] [main/DEBUG] [net.minecraftforge.fml.loading.moddiscovery.AbstractJarFileDependencyLocator/]: Failed to load resource META-INF/jarjar/metadata.json from Placebo-1.20.1-8.6.3.jar, it does not contain dependency information.
[16Apr2026 02:26:07.414] [main/DEBUG] [net.minecraftforge.fml.loading.moddiscovery.AbstractJarFileDependencyLocator/]: Failed to load resource META-INF/jarjar/metadata.json from citadel-2.6.3-1.20.1.jar, it does not contain dependency information.
[16Apr2026 02:26:07.415] [main/DEBUG] [net.minecraftforge.fml.loading.moddiscovery.AbstractJarFileDependencyLocator/]: Failed to load resource META-INF/jarjar/metadata.json from travelersbackpack-forge-1.20.1-9.1.53.jar, it does not contain dependency information.
[16Apr2026 02:26:07.415] [main/DEBUG] [net.minecraftforge.fml.loading.moddiscovery.AbstractJarFileDependencyLocator/]: Failed to load resource META-INF/jarjar/metadata.json from YungsApi-1.20-Forge-4.0.6.jar, it does not contain dependency information.
[16Apr2026 02:26:07.415] [main/DEBUG] [net.minecraftforge.fml.loading.moddiscovery.AbstractJarFileDependencyLocator/]: Failed to load resource META-INF/jarjar/metadata.json from mcw-mcwstairs-1.0.2-mc1.20.1forge.jar, it does not contain dependency information.
[16Apr2026 02:26:07.415] [main/DEBUG] [net.minecraftforge.fml.loading.moddiscovery.AbstractJarFileDependencyLocator/]: Failed to load resource META-INF/jarjar/metadata.json from veinminer-1.1.0.jar, it does not contain dependency information.
[16Apr2026 02:26:07.415] [main/DEBUG] [net.minecraftforge.fml.loading.moddiscovery.AbstractJarFileDependencyLocator/]: Failed to load resource META-INF/jarjar/metadata.json from GlitchCore-forge-1.20.1-0.0.1.1.jar, it does not contain dependency information.
[16Apr2026 02:26:07.415] [main/DEBUG] [net.minecraftforge.fml.loading.moddiscovery.AbstractJarFileDependencyLocator/]: Failed to load resource META-INF/jarjar/metadata.json from guardvillagers-1.20.1-1.6.17.jar, it does not contain dependency information.
[16Apr2026 02:26:07.415] [main/DEBUG] [net.minecraftforge.fml.loading.moddiscovery.AbstractJarFileDependencyLocator/]: Failed to load resource META-INF/jarjar/metadata.json from relics-1.20.1-0.8.0.13.jar, it does not contain dependency information.
[16Apr2026 02:26:07.416] [main/DEBUG] [net.minecraftforge.fml.loading.moddiscovery.AbstractJarFileDependencyLocator/]: Failed to load resource META-INF/jarjar/metadata.json from Apotheosis-1.20.1-7.4.8.jar, it does not contain dependency information.
[16Apr2026 02:26:07.416] [main/DEBUG] [net.minecraftforge.fml.loading.moddiscovery.AbstractJarFileDependencyLocator/]: Failed to load resource META-INF/jarjar/metadata.json from YungsBetterDesertTemples-1.20-Forge-3.0.3.jar, it does not contain dependency information.
[16Apr2026 02:26:07.416] [main/DEBUG] [net.minecraftforge.fml.loading.moddiscovery.AbstractJarFileDependencyLocator/]: Failed to load resource META-INF/jarjar/metadata.json from mcw-doors-1.1.5-mc1.20.1forge.jar, it does not contain dependency information.
[16Apr2026 02:26:07.416] [main/DEBUG] [net.minecraftforge.fml.loading.moddiscovery.AbstractJarFileDependencyLocator/]: Failed to load resource META-INF/jarjar/metadata.json from Terralith_1.20.x_v2.5.4.jar, it does not contain dependency information.
[16Apr2026 02:26:07.416] [main/DEBUG] [net.minecraftforge.fml.loading.moddiscovery.AbstractJarFileDependencyLocator/]: Failed to load resource META-INF/jarjar/metadata.json from immersive_armors-1.7.1+1.20.1-forge.jar, it does not contain dependency information.
[16Apr2026 02:26:07.416] [main/DEBUG] [net.minecraftforge.fml.loading.moddiscovery.AbstractJarFileDependencyLocator/]: Failed to load resource META-INF/jarjar/metadata.json from DungeonsAriseSevenSeas-1.19.2-1.0.2-forge.jar, it does not contain dependency information.
[16Apr2026 02:26:07.417] [main/DEBUG] [net.minecraftforge.fml.loading.moddiscovery.AbstractJarFileDependencyLocator/]: Failed to load resource META-INF/jarjar/metadata.json from cloth-config-11.1.136-forge.jar, it does not contain dependency information.
[16Apr2026 02:26:07.417] [main/DEBUG] [net.minecraftforge.fml.loading.moddiscovery.AbstractJarFileDependencyLocator/]: Failed to load resource META-INF/jarjar/metadata.json from forge-1.20.1-47.3.7-universal.jar, it does not contain dependency information.
[16Apr2026 02:26:07.417] [main/DEBUG] [net.minecraftforge.fml.loading.moddiscovery.AbstractJarFileDependencyLocator/]: Failed to load resource META-INF/jarjar/metadata.json from DungeonsArise-1.20.x-2.1.58-release.jar, it does not contain dependency information.
[16Apr2026 02:26:07.417] [main/DEBUG] [net.minecraftforge.fml.loading.moddiscovery.AbstractJarFileDependencyLocator/]: Failed to load resource META-INF/jarjar/metadata.json from server-1.20.1-20230612.114412-srg.jar, it does not contain dependency information.
[16Apr2026 02:26:07.418] [main/DEBUG] [net.minecraftforge.fml.loading.moddiscovery.AbstractJarFileDependencyLocator/]: Failed to load resource META-INF/jarjar/metadata.json from mcw-bridges-3.1.2-mc1.20.1forge.jar, it does not contain dependency information.
[16Apr2026 02:26:07.418] [main/DEBUG] [net.minecraftforge.fml.loading.moddiscovery.AbstractJarFileDependencyLocator/]: Failed to load resource META-INF/jarjar/metadata.json from FarmersDelight-1.20.1-1.2.11.jar, it does not contain dependency information.
[16Apr2026 02:26:07.418] [main/DEBUG] [net.minecraftforge.fml.loading.moddiscovery.AbstractJarFileDependencyLocator/]: Failed to load resource META-INF/jarjar/metadata.json from TerraBlender-forge-1.20.1-3.0.1.10.jar, it does not contain dependency information.
[16Apr2026 02:26:07.418] [main/DEBUG] [net.minecraftforge.fml.loading.moddiscovery.AbstractJarFileDependencyLocator/]: Failed to load resource META-INF/jarjar/metadata.json from endermanoverhaul-forge-1.20.1-1.0.4.jar, it does not contain dependency information.
[16Apr2026 02:26:07.418] [main/DEBUG] [net.minecraftforge.fml.loading.moddiscovery.AbstractJarFileDependencyLocator/]: Failed to load resource META-INF/jarjar/metadata.json from BiomesOPlenty-forge-1.20.1-19.0.0.96.jar, it does not contain dependency information.
[16Apr2026 02:26:07.418] [main/DEBUG] [net.minecraftforge.fml.loading.moddiscovery.AbstractJarFileDependencyLocator/]: Failed to load resource META-INF/jarjar/metadata.json from Jade-1.20.1-Forge-11.13.2.jar, it does not contain dependency information.
[16Apr2026 02:26:07.418] [main/DEBUG] [net.minecraftforge.fml.loading.moddiscovery.AbstractJarFileDependencyLocator/]: Failed to load resource META-INF/jarjar/metadata.json from Chunky-1.3.146.jar, it does not contain dependency information.
[16Apr2026 02:26:07.419] [main/DEBUG] [net.minecraftforge.fml.loading.moddiscovery.AbstractJarFileDependencyLocator/]: Failed to load resource META-INF/jarjar/metadata.json from mcw-mcwfences-1.2.1-mc1.20.1forge.jar, it does not contain dependency information.
[16Apr2026 02:26:07.419] [main/DEBUG] [net.minecraftforge.fml.loading.moddiscovery.AbstractJarFileDependencyLocator/]: Failed to load resource META-INF/jarjar/metadata.json from From-The-Fog-1.20-v1.9.2-Forge-Fabric.jar, it does not contain dependency information.
[16Apr2026 02:26:07.419] [main/DEBUG] [net.minecraftforge.fml.loading.moddiscovery.AbstractJarFileDependencyLocator/]: Failed to load resource META-INF/jarjar/metadata.json from Platform-forge-1.20.1-1.3.2.jar, it does not contain dependency information.
[16Apr2026 02:26:07.419] [main/DEBUG] [net.minecraftforge.fml.loading.moddiscovery.AbstractJarFileDependencyLocator/]: Failed to load resource META-INF/jarjar/metadata.json from VanillaBackport-forge-1.20.1-1.1.6.3.jar, it does not contain dependency information.
[16Apr2026 02:26:07.420] [main/DEBUG] [net.minecraftforge.fml.loading.moddiscovery.AbstractJarFileDependencyLocator/]: Failed to load resource META-INF/jarjar/metadata.json from resourcefulconfig-forge-1.20.1-2.1.3.jar, it does not contain dependency information.
[16Apr2026 02:26:07.420] [main/DEBUG] [net.minecraftforge.fml.loading.moddiscovery.AbstractJarFileDependencyLocator/]: Failed to load resource META-INF/jarjar/metadata.json from Ksyxis-1.3.4.jar, it does not contain dependency information.
[16Apr2026 02:26:07.420] [main/DEBUG] [net.minecraftforge.fml.loading.moddiscovery.AbstractJarFileDependencyLocator/]: Failed to load resource META-INF/jarjar/metadata.json from lionfishapi-2.4.jar, it does not contain dependency information.
[16Apr2026 02:26:07.421] [main/DEBUG] [net.minecraftforge.fml.loading.moddiscovery.AbstractJarFileDependencyLocator/]: Failed to load resource META-INF/jarjar/metadata.json from spark-1.10.53-forge.jar, it does not contain dependency information.
[16Apr2026 02:26:07.421] [main/DEBUG] [net.minecraftforge.fml.loading.moddiscovery.AbstractJarFileDependencyLocator/]: Failed to load resource META-INF/jarjar/metadata.json from mysticaloaktree-1.20-1.11.jar, it does not contain dependency information.
[16Apr2026 02:26:07.421] [main/DEBUG] [net.minecraftforge.fml.loading.moddiscovery.AbstractJarFileDependencyLocator/]: Failed to load resource META-INF/jarjar/metadata.json from 1.20.1-Forge-sarosessentialsmod-1.0.1.jar, it does not contain dependency information.
[16Apr2026 02:26:07.421] [main/DEBUG] [net.minecraftforge.fml.loading.moddiscovery.AbstractJarFileDependencyLocator/]: Failed to load resource META-INF/jarjar/metadata.json from curios-forge-5.14.1+1.20.1.jar, it does not contain dependency information.
[16Apr2026 02:26:07.422] [main/DEBUG] [net.minecraftforge.fml.loading.moddiscovery.AbstractJarFileDependencyLocator/]: Failed to load resource META-INF/jarjar/metadata.json from immersive_paintings-0.6.11+1.20.1-forge.jar, it does not contain dependency information.
[16Apr2026 02:26:07.422] [main/DEBUG] [net.minecraftforge.fml.loading.moddiscovery.AbstractJarFileDependencyLocator/]: Failed to load resource META-INF/jarjar/metadata.json from ApothicAttributes-1.20.1-1.3.7.jar, it does not contain dependency information.
[16Apr2026 02:26:07.423] [main/DEBUG] [net.minecraftforge.fml.loading.moddiscovery.AbstractJarFileDependencyLocator/]: Failed to load resource META-INF/jarjar/metadata.json from coroutil-forge-1.20.1-1.3.7.jar, it does not contain dependency information.
[16Apr2026 02:26:07.423] [main/DEBUG] [net.minecraftforge.fml.loading.moddiscovery.AbstractJarFileDependencyLocator/]: Failed to load resource META-INF/jarjar/metadata.json from mcw-roofs-2.3.2-mc1.20.1forge.jar, it does not contain dependency information.
[16Apr2026 02:26:07.423] [main/DEBUG] [net.minecraftforge.fml.loading.moddiscovery.AbstractJarFileDependencyLocator/]: Failed to load resource META-INF/jarjar/metadata.json from architectury-9.2.14-forge.jar, it does not contain dependency information.
[16Apr2026 02:26:07.423] [main/DEBUG] [net.minecraftforge.fml.loading.moddiscovery.AbstractJarFileDependencyLocator/]: Failed to load resource META-INF/jarjar/metadata.json from lootr-forge-1.20-0.7.35.94.jar, it does not contain dependency information.
[16Apr2026 02:26:07.424] [main/DEBUG] [net.minecraftforge.fml.loading.moddiscovery.AbstractJarFileDependencyLocator/]: Failed to load resource META-INF/jarjar/metadata.json from ferritecore-6.0.1-forge.jar, it does not contain dependency information.
[16Apr2026 02:26:07.424] [main/DEBUG] [net.minecraftforge.fml.loading.moddiscovery.AbstractJarFileDependencyLocator/]: Failed to load resource META-INF/jarjar/metadata.json from moogs_structure_lib-1.1.0-1.20-1.20.4-forge.jar, it does not contain dependency information.
[16Apr2026 02:26:07.424] [main/DEBUG] [net.minecraftforge.fml.loading.moddiscovery.AbstractJarFileDependencyLocator/]: Failed to load resource META-INF/jarjar/metadata.json from MoogsNetherStructures-1.20-2.0.2.jar, it does not contain dependency information.
[16Apr2026 02:26:07.424] [main/DEBUG] [net.minecraftforge.fml.loading.moddiscovery.AbstractJarFileDependencyLocator/]: Failed to load resource META-INF/jarjar/metadata.json from FallingTree-1.20.1-4.3.4.jar, it does not contain dependency information.
[16Apr2026 02:26:07.425] [main/DEBUG] [net.minecraftforge.fml.loading.moddiscovery.AbstractJarFileDependencyLocator/]: Failed to load resource META-INF/jarjar/metadata.json from immersive_melodies-0.6.0+1.20.1-forge.jar, it does not contain dependency information.
[16Apr2026 02:26:07.425] [main/DEBUG] [net.minecraftforge.fml.loading.moddiscovery.AbstractJarFileDependencyLocator/]: Failed to load resource META-INF/jarjar/metadata.json from YungsBetterMineshafts-1.20-Forge-4.0.4.jar, it does not contain dependency information.
[16Apr2026 02:26:07.425] [main/DEBUG] [net.minecraftforge.fml.loading.moddiscovery.AbstractJarFileDependencyLocator/]: Failed to load resource META-INF/jarjar/metadata.json from trek-B0.6.1.1.jar, it does not contain dependency information.
[16Apr2026 02:26:07.425] [main/DEBUG] [net.minecraftforge.fml.loading.moddiscovery.AbstractJarFileDependencyLocator/]: Failed to load resource META-INF/jarjar/metadata.json from YungsBetterJungleTemples-1.20-Forge-2.0.5.jar, it does not contain dependency information.
[16Apr2026 02:26:07.425] [main/DEBUG] [net.minecraftforge.fml.loading.moddiscovery.AbstractJarFileDependencyLocator/]: Failed to load resource META-INF/jarjar/metadata.json from mclanguage-1.20.1-47.3.7.jar, it does not contain dependency information.
[16Apr2026 02:26:07.425] [main/DEBUG] [net.minecraftforge.fml.loading.moddiscovery.AbstractJarFileDependencyLocator/]: Failed to load resource META-INF/jarjar/metadata.json from javafmllanguage-1.20.1-47.3.7.jar, it does not contain dependency information.
[16Apr2026 02:26:07.426] [main/DEBUG] [net.minecraftforge.fml.loading.moddiscovery.AbstractJarFileDependencyLocator/]: Failed to load resource META-INF/jarjar/metadata.json from fmlcore-1.20.1-47.3.7.jar, it does not contain dependency information.
[16Apr2026 02:26:07.426] [main/DEBUG] [net.minecraftforge.fml.loading.moddiscovery.AbstractJarFileDependencyLocator/]: Failed to load resource META-INF/jarjar/metadata.json from lowcodelanguage-1.20.1-47.3.7.jar, it does not contain dependency information.
[16Apr2026 02:26:07.564] [main/DEBUG] [net.minecraftforge.fml.loading.moddiscovery.ModFileParser/LOADING]: Considering mod file candidate 
[16Apr2026 02:26:07.564] [main/DEBUG] [net.minecraftforge.fml.loading.moddiscovery.ModFileInfo/LOADING]: Found valid mod file mixinextras-forge-0.2.0-beta.9.jar with {mixinextras} mods - versions {0.2.0-beta.9}
[16Apr2026 02:26:07.575] [main/DEBUG] [net.minecraftforge.fml.loading.moddiscovery.ModFileParser/LOADING]: Considering mod file candidate 
[16Apr2026 02:26:07.576] [main/DEBUG] [net.minecraftforge.fml.loading.moddiscovery.ModFileInfo/LOADING]: Found valid mod file nitrogen_internals-1.20.1-1.0.12-neoforge.jar with {nitrogen_internals} mods - versions {1.20.1-1.0.12-neoforge}
[16Apr2026 02:26:07.584] [main/DEBUG] [net.minecraftforge.fml.loading.moddiscovery.ModFileParser/LOADING]: Considering mod file candidate 
[16Apr2026 02:26:07.585] [main/DEBUG] [net.minecraftforge.fml.loading.moddiscovery.ModFileInfo/LOADING]: Found valid mod file cumulus_menus-1.20.1-1.0.1-neoforge.jar with {cumulus_menus} mods - versions {1.20.1-1.0.1-neoforge}
[16Apr2026 02:26:07.593] [main/DEBUG] [net.minecraftforge.fml.loading.moddiscovery.ModFileParser/LOADING]: Considering mod file candidate 
[16Apr2026 02:26:07.593] [main/DEBUG] [net.minecraftforge.fml.loading.moddiscovery.ModFileInfo/LOADING]: Found valid mod file curios-forge-5.6.1+1.20.1.jar with {curios} mods - versions {5.6.1+1.20.1}
[16Apr2026 02:26:07.610] [main/DEBUG] [net.minecraftforge.fml.loading.moddiscovery.ModFileParser/LOADING]: Considering mod file candidate 
[16Apr2026 02:26:07.610] [main/DEBUG] [net.minecraftforge.fml.loading.moddiscovery.ModFileInfo/LOADING]: Found valid mod file xaerolib-forge-1.20.1-1.1.0.jar with {xaerolib} mods - versions {1.1.0}
[16Apr2026 02:26:07.614] [main/DEBUG] [net.minecraftforge.fml.loading.moddiscovery.ModFileParser/LOADING]: Considering mod file candidate 
[16Apr2026 02:26:07.614] [main/DEBUG] [net.minecraftforge.fml.loading.moddiscovery.ModFileInfo/LOADING]: Found valid mod file mixinextras-forge-0.2.0-beta.6.jar with {mixinextras} mods - versions {0.2.0-beta.6}
[16Apr2026 02:26:07.617] [main/DEBUG] [net.minecraftforge.fml.loading.moddiscovery.ModFileParser/LOADING]: Considering mod file candidate 
[16Apr2026 02:26:07.618] [main/DEBUG] [net.minecraftforge.fml.loading.moddiscovery.ModFileInfo/LOADING]: Found valid mod file puzzlesaccessapi-forge-20.1.1.jar with {puzzlesaccessapi} mods - versions {20.1.1}
[16Apr2026 02:26:07.621] [main/DEBUG] [net.minecraftforge.fml.loading.moddiscovery.ModFileParser/LOADING]: Considering mod file candidate 
[16Apr2026 02:26:07.621] [main/DEBUG] [net.minecraftforge.fml.loading.moddiscovery.ModFileInfo/LOADING]: Found valid mod file mixinextras-forge-0.4.1.jar with {mixinextras} mods - versions {0.4.1}
[16Apr2026 02:26:07.624] [main/DEBUG] [net.minecraftforge.fml.loading.moddiscovery.ModFileParser/LOADING]: Considering mod file candidate 
[16Apr2026 02:26:07.624] [main/DEBUG] [net.minecraftforge.fml.loading.moddiscovery.ModFileInfo/LOADING]: Found valid mod file mixinextras-forge-0.3.6.jar with {mixinextras} mods - versions {0.3.6}
[16Apr2026 02:26:07.625] [main/DEBUG] [net.minecraftforge.fml.loading.moddiscovery.ModFileParser/LOADING]: Considering mod file candidate 
[16Apr2026 02:26:07.626] [main/DEBUG] [net.minecraftforge.fml.loading.moddiscovery.ModFileInfo/LOADING]: Found valid mod file mixinsquared-forge-0.1.1.jar with {mixinsquared} mods - versions {0.1.1}
[16Apr2026 02:26:07.633] [main/DEBUG] [net.minecraftforge.fml.loading.moddiscovery.ModFileParser/LOADING]: Considering mod file candidate 
[16Apr2026 02:26:07.634] [main/DEBUG] [net.minecraftforge.fml.loading.moddiscovery.ModFileInfo/LOADING]: Found valid mod file resourcefullib-forge-1.20.1-2.1.20.jar with {resourcefullib} mods - versions {2.1.20}
[16Apr2026 02:26:07.645] [main/DEBUG] [net.minecraftforge.fml.loading.moddiscovery.ModFileParser/LOADING]: Considering mod file candidate 
[16Apr2026 02:26:07.646] [main/DEBUG] [net.minecraftforge.fml.loading.moddiscovery.ModFileInfo/LOADING]: Found valid mod file xaerolib-forge-1.20.1-1.1.0.jar with {xaerolib} mods - versions {1.1.0}
[16Apr2026 02:26:07.649] [main/DEBUG] [net.minecraftforge.fml.loading.moddiscovery.ModFileParser/LOADING]: Considering mod file candidate 
[16Apr2026 02:26:07.649] [main/DEBUG] [net.minecraftforge.fml.loading.moddiscovery.ModFileInfo/LOADING]: Found valid mod file mixinextras-forge-0.3.6.jar with {mixinextras} mods - versions {0.3.6}
[16Apr2026 02:26:07.662] [main/DEBUG] [net.minecraftforge.fml.loading.moddiscovery.ModFileParser/LOADING]: Considering mod file candidate 
[16Apr2026 02:26:07.662] [main/DEBUG] [net.minecraftforge.fml.loading.moddiscovery.ModFileInfo/LOADING]: Found valid mod file mixinextras-forge-0.3.6.jar with {mixinextras} mods - versions {0.3.6}
[16Apr2026 02:26:07.669] [main/DEBUG] [net.minecraftforge.fml.loading.moddiscovery.ModFileParser/LOADING]: Considering mod file candidate 
[16Apr2026 02:26:07.670] [main/DEBUG] [net.minecraftforge.fml.loading.moddiscovery.ModFileInfo/LOADING]: Found valid mod file kuma-api-forge-20.1.12+1.20.1.jar with {kuma_api} mods - versions {20.1.12}
[16Apr2026 02:26:07.672] [main/DEBUG] [net.minecraftforge.fml.loading.moddiscovery.ModFileParser/LOADING]: Considering mod file candidate 
[16Apr2026 02:26:07.673] [main/DEBUG] [net.minecraftforge.fml.loading.moddiscovery.ModFileInfo/LOADING]: Found valid mod file mixinextras-forge-0.3.6.jar with {mixinextras} mods - versions {0.3.6}
[16Apr2026 02:26:07.673] [main/DEBUG] [net.minecraftforge.fml.loading.moddiscovery.ModFileParser/LOADING]: Considering mod file candidate 
[16Apr2026 02:26:07.674] [main/DEBUG] [net.minecraftforge.fml.loading.moddiscovery.ModFileInfo/LOADING]: Found valid mod file mixinsquared-forge-0.1.1.jar with {mixinsquared} mods - versions {0.1.1}
[16Apr2026 02:26:07.680] [main/DEBUG] [net.minecraftforge.fml.loading.moddiscovery.ModFileParser/LOADING]: Considering mod file candidate 
[16Apr2026 02:26:07.680] [main/DEBUG] [net.minecraftforge.fml.loading.moddiscovery.ModFileInfo/LOADING]: Found valid mod file expandability-forge-9.0.4.jar with {expandability} mods - versions {9.0.4}
[16Apr2026 02:26:07.685] [main/DEBUG] [net.minecraftforge.fml.loading.moddiscovery.ModFileParser/LOADING]: Considering mod file candidate 
[16Apr2026 02:26:07.686] [main/DEBUG] [net.minecraftforge.fml.loading.moddiscovery.ModFileInfo/LOADING]: Found valid mod file mixinextras-forge-0.3.5.jar with {mixinextras} mods - versions {0.3.5}
[16Apr2026 02:26:07.686] [main/DEBUG] [net.minecraftforge.fml.loading.moddiscovery.AbstractJarFileDependencyLocator/]: Failed to load resource META-INF/jarjar/metadata.json from mclib-20.jar, it does not contain dependency information.
[16Apr2026 02:26:07.703] [main/DEBUG] [net.minecraftforge.fml.loading.moddiscovery.AbstractJarFileDependencyLocator/]: Failed to load resource META-INF/jarjar/metadata.json from nitrogen_internals-1.20.1-1.0.12-neoforge.jar, it does not contain dependency information.
[16Apr2026 02:26:07.704] [main/DEBUG] [net.minecraftforge.fml.loading.moddiscovery.AbstractJarFileDependencyLocator/]: Failed to load resource META-INF/jarjar/metadata.json from cumulus_menus-1.20.1-1.0.1-neoforge.jar, it does not contain dependency information.
[16Apr2026 02:26:07.704] [main/DEBUG] [net.minecraftforge.fml.loading.moddiscovery.AbstractJarFileDependencyLocator/]: Failed to load resource META-INF/jarjar/metadata.json from curios-forge-5.6.1+1.20.1.jar, it does not contain dependency information.
[16Apr2026 02:26:07.704] [main/DEBUG] [net.minecraftforge.fml.loading.moddiscovery.AbstractJarFileDependencyLocator/]: Failed to load resource META-INF/jarjar/metadata.json from java-client-3.2.1-SNAPSHOT.jar, it does not contain dependency information.
[16Apr2026 02:26:07.704] [main/DEBUG] [net.minecraftforge.fml.loading.moddiscovery.AbstractJarFileDependencyLocator/]: Failed to load resource META-INF/jarjar/metadata.json from xaerolib-forge-1.20.1-1.1.0.jar, it does not contain dependency information.
[16Apr2026 02:26:07.707] [main/DEBUG] [net.minecraftforge.fml.loading.moddiscovery.AbstractJarFileDependencyLocator/]: Failed to load resource META-INF/jarjar/metadata.json from puzzlesaccessapi-forge-20.1.1.jar, it does not contain dependency information.
[16Apr2026 02:26:07.719] [main/DEBUG] [net.minecraftforge.fml.loading.moddiscovery.AbstractJarFileDependencyLocator/]: Failed to load resource META-INF/jarjar/metadata.json from xaerolib-forge-1.20.1-1.1.0.jar, it does not contain dependency information.
[16Apr2026 02:26:07.723] [main/DEBUG] [net.minecraftforge.fml.loading.moddiscovery.AbstractJarFileDependencyLocator/]: Failed to load resource META-INF/jarjar/metadata.json from snakeyaml-2.2.jar, it does not contain dependency information.
[16Apr2026 02:26:07.727] [main/DEBUG] [net.minecraftforge.fml.loading.moddiscovery.AbstractJarFileDependencyLocator/]: Failed to load resource META-INF/jarjar/metadata.json from Reflect-1.6.1+curseforge.jar, it does not contain dependency information.
[16Apr2026 02:26:07.727] [main/DEBUG] [net.minecraftforge.fml.loading.moddiscovery.AbstractJarFileDependencyLocator/]: Failed to load resource META-INF/jarjar/metadata.json from kuma-api-forge-20.1.12+1.20.1.jar, it does not contain dependency information.
[16Apr2026 02:26:07.731] [main/DEBUG] [net.minecraftforge.fml.loading.moddiscovery.AbstractJarFileDependencyLocator/]: Failed to load resource META-INF/jarjar/metadata.json from yabn-1.0.3.jar, it does not contain dependency information.
[16Apr2026 02:26:07.732] [main/DEBUG] [net.minecraftforge.fml.loading.moddiscovery.AbstractJarFileDependencyLocator/]: Failed to load resource META-INF/jarjar/metadata.json from bytecodecs-1.0.2.jar, it does not contain dependency information.
[16Apr2026 02:26:07.738] [main/DEBUG] [net.minecraftforge.fml.loading.moddiscovery.AbstractJarFileDependencyLocator/]: Failed to load resource META-INF/jarjar/metadata.json from MixinExtras-0.5.3.jar, it does not contain dependency information.
[16Apr2026 02:26:07.738] [main/DEBUG] [net.minecraftforge.fml.loading.moddiscovery.AbstractJarFileDependencyLocator/]: Failed to load resource META-INF/jarjar/metadata.json from MixinExtras-0.2.0-beta.9.jar, it does not contain dependency information.
[16Apr2026 02:26:07.738] [main/DEBUG] [net.minecraftforge.fml.loading.moddiscovery.AbstractJarFileDependencyLocator/]: Failed to load resource META-INF/jarjar/metadata.json from MixinExtras-0.2.0-beta.6.jar, it does not contain dependency information.
[16Apr2026 02:26:07.740] [main/DEBUG] [net.minecraftforge.fml.loading.moddiscovery.AbstractJarFileDependencyLocator/]: Failed to load resource META-INF/jarjar/metadata.json from MixinExtras-0.4.1.jar, it does not contain dependency information.
[16Apr2026 02:26:07.740] [main/DEBUG] [net.minecraftforge.fml.loading.moddiscovery.AbstractJarFileDependencyLocator/]: Failed to load resource META-INF/jarjar/metadata.json from MixinExtras-0.3.6.jar, it does not contain dependency information.
[16Apr2026 02:26:07.740] [main/DEBUG] [net.minecraftforge.fml.loading.moddiscovery.AbstractJarFileDependencyLocator/]: Failed to load resource META-INF/jarjar/metadata.json from MixinSquared-0.1.1.jar, it does not contain dependency information.
[16Apr2026 02:26:07.740] [main/DEBUG] [net.minecraftforge.fml.loading.moddiscovery.AbstractJarFileDependencyLocator/]: Failed to load resource META-INF/jarjar/metadata.json from yabn-1.0.3.jar, it does not contain dependency information.
[16Apr2026 02:26:07.741] [main/DEBUG] [net.minecraftforge.fml.loading.moddiscovery.AbstractJarFileDependencyLocator/]: Failed to load resource META-INF/jarjar/metadata.json from bytecodecs-1.0.2.jar, it does not contain dependency information.
[16Apr2026 02:26:07.741] [main/DEBUG] [net.minecraftforge.fml.loading.moddiscovery.AbstractJarFileDependencyLocator/]: Failed to load resource META-INF/jarjar/metadata.json from MixinExtras-0.3.6.jar, it does not contain dependency information.
[16Apr2026 02:26:07.741] [main/DEBUG] [net.minecraftforge.fml.loading.moddiscovery.AbstractJarFileDependencyLocator/]: Failed to load resource META-INF/jarjar/metadata.json from MixinExtras-0.3.6.jar, it does not contain dependency information.
[16Apr2026 02:26:07.741] [main/DEBUG] [net.minecraftforge.fml.loading.moddiscovery.AbstractJarFileDependencyLocator/]: Failed to load resource META-INF/jarjar/metadata.json from MixinExtras-0.3.6.jar, it does not contain dependency information.
[16Apr2026 02:26:07.741] [main/DEBUG] [net.minecraftforge.fml.loading.moddiscovery.AbstractJarFileDependencyLocator/]: Failed to load resource META-INF/jarjar/metadata.json from MixinSquared-0.1.1.jar, it does not contain dependency information.
[16Apr2026 02:26:07.741] [main/DEBUG] [net.minecraftforge.fml.loading.moddiscovery.AbstractJarFileDependencyLocator/]: Failed to load resource META-INF/jarjar/metadata.json from MixinExtras-0.1.1.jar, it does not contain dependency information.
[16Apr2026 02:26:07.741] [main/DEBUG] [net.minecraftforge.fml.loading.moddiscovery.AbstractJarFileDependencyLocator/]: Failed to load resource META-INF/jarjar/metadata.json from MixinExtras-0.3.5.jar, it does not contain dependency information.
[16Apr2026 02:26:07.767] [main/DEBUG] [net.minecraftforge.fml.loading.moddiscovery.ModFileParser/LOADING]: Considering mod file candidate 
[16Apr2026 02:26:07.767] [main/DEBUG] [net.minecraftforge.fml.loading.moddiscovery.ModFileInfo/LOADING]: Found valid mod file puzzlesaccessapi-forge-20.1.1.jar with {puzzlesaccessapi} mods - versions {20.1.1}
[16Apr2026 02:26:07.779] [main/DEBUG] [net.minecraftforge.fml.loading.moddiscovery.ModFileParser/LOADING]: Considering mod file candidate 
[16Apr2026 02:26:07.780] [main/DEBUG] [net.minecraftforge.fml.loading.moddiscovery.ModFileInfo/LOADING]: Found valid mod file mixinextras-forge-0.2.0-beta.9.jar with {mixinextras} mods - versions {0.2.0-beta.9}
[16Apr2026 02:26:07.791] [main/DEBUG] [net.minecraftforge.fml.loading.moddiscovery.ModFileParser/LOADING]: Considering mod file candidate 
[16Apr2026 02:26:07.792] [main/DEBUG] [net.minecraftforge.fml.loading.moddiscovery.ModFileInfo/LOADING]: Found valid mod file xaerolib-forge-1.20.1-1.1.0.jar with {xaerolib} mods - versions {1.1.0}
[16Apr2026 02:26:07.797] [main/DEBUG] [net.minecraftforge.fml.loading.moddiscovery.ModFileParser/LOADING]: Considering mod file candidate 
[16Apr2026 02:26:07.798] [main/DEBUG] [net.minecraftforge.fml.loading.moddiscovery.ModFileInfo/LOADING]: Found valid mod file nitrogen_internals-1.20.1-1.0.12-neoforge.jar with {nitrogen_internals} mods - versions {1.20.1-1.0.12-neoforge}
[16Apr2026 02:26:07.799] [main/DEBUG] [net.minecraftforge.fml.loading.moddiscovery.ModFileParser/LOADING]: Considering mod file candidate 
[16Apr2026 02:26:07.799] [main/DEBUG] [net.minecraftforge.fml.loading.moddiscovery.ModFileInfo/LOADING]: Found valid mod file mixinsquared-forge-0.1.1.jar with {mixinsquared} mods - versions {0.1.1}
[16Apr2026 02:26:07.802] [main/DEBUG] [net.minecraftforge.fml.loading.moddiscovery.ModFileParser/LOADING]: Considering mod file candidate 
[16Apr2026 02:26:07.803] [main/DEBUG] [net.minecraftforge.fml.loading.moddiscovery.ModFileInfo/LOADING]: Found valid mod file cumulus_menus-1.20.1-1.0.1-neoforge.jar with {cumulus_menus} mods - versions {1.20.1-1.0.1-neoforge}
[16Apr2026 02:26:07.808] [main/DEBUG] [net.minecraftforge.fml.loading.moddiscovery.ModFileParser/LOADING]: Considering mod file candidate 
[16Apr2026 02:26:07.808] [main/DEBUG] [net.minecraftforge.fml.loading.moddiscovery.ModFileInfo/LOADING]: Found valid mod file curios-forge-5.6.1+1.20.1.jar with {curios} mods - versions {5.6.1+1.20.1}
[16Apr2026 02:26:07.814] [main/DEBUG] [net.minecraftforge.fml.loading.moddiscovery.ModFileParser/LOADING]: Considering mod file candidate 
[16Apr2026 02:26:07.814] [main/DEBUG] [net.minecraftforge.fml.loading.moddiscovery.ModFileInfo/LOADING]: Found valid mod file expandability-forge-9.0.4.jar with {expandability} mods - versions {9.0.4}
[16Apr2026 02:26:07.815] [main/DEBUG] [net.minecraftforge.fml.loading.moddiscovery.ModFileParser/LOADING]: Considering mod file candidate 
[16Apr2026 02:26:07.815] [main/DEBUG] [net.minecraftforge.fml.loading.moddiscovery.ModFileInfo/LOADING]: Found valid mod file kuma-api-forge-20.1.12+1.20.1.jar with {kuma_api} mods - versions {20.1.12}
[16Apr2026 02:26:07.866] [main/DEBUG] [net.minecraftforge.fml.loading.moddiscovery.ModFileParser/LOADING]: Considering mod file candidate 
[16Apr2026 02:26:07.867] [main/DEBUG] [net.minecraftforge.fml.loading.moddiscovery.ModFileInfo/LOADING]: Found valid mod file resourcefullib-forge-1.20.1-2.1.20.jar with {resourcefullib} mods - versions {2.1.20}
[16Apr2026 02:26:07.875] [main/WARN] [net.minecraftforge.jarjar.selection.JarSelector/]: Attempted to select a dependency jar for JarJar which was passed in as source: resourcefullib. Using Mod File: /workspaces/papas-con-mayo/servidor_minecraft/mods/resourcefullib-forge-1.20.1-2.1.29.jar
[16Apr2026 02:26:07.875] [main/WARN] [net.minecraftforge.jarjar.selection.JarSelector/]: Attempted to select a dependency jar for JarJar which was passed in as source: curios. Using Mod File: /workspaces/papas-con-mayo/servidor_minecraft/mods/curios-forge-5.14.1+1.20.1.jar
[16Apr2026 02:26:07.875] [main/INFO] [net.minecraftforge.fml.loading.moddiscovery.JarInJarDependencyLocator/]: Found 17 dependencies adding them to mods collection
[16Apr2026 02:26:07.876] [main/DEBUG] [net.minecraftforge.fml.loading.UniqueModListBuilder/]: Found 2 mods for first modid mixinextras, selecting most recent based on version data
[16Apr2026 02:26:07.877] [main/DEBUG] [net.minecraftforge.fml.loading.UniqueModListBuilder/]: Selected file mixinextras-forge-0.5.3.jar for modid mixinextras with version 0.5.3
[16Apr2026 02:26:07.878] [main/DEBUG] [net.minecraftforge.fml.loading.moddiscovery.ModFileParser/LOADING]: Considering mod file candidate 
[16Apr2026 02:26:07.878] [main/DEBUG] [net.minecraftforge.fml.loading.moddiscovery.ModFileInfo/LOADING]: Found valid mod file kuma-api-forge-20.1.12+1.20.1.jar with {kuma_api} mods - versions {20.1.12}
[16Apr2026 02:26:07.881] [main/DEBUG] [net.minecraftforge.fml.loading.moddiscovery.ModFile/LOADING]: Loading mod file  with languages [LanguageSpec[languageName=javafml, acceptedVersions=[47,)]]
[16Apr2026 02:26:07.881] [main/DEBUG] [net.minecraftforge.fml.loading.moddiscovery.ModFileParser/LOADING]: Considering mod file candidate /workspaces/papas-con-mayo/servidor_minecraft/mods/alexsmobs-1.22.9.jar
[16Apr2026 02:26:07.882] [main/DEBUG] [net.minecraftforge.fml.loading.moddiscovery.ModFileInfo/LOADING]: Found valid mod file alexsmobs-1.22.9.jar with {alexsmobs} mods - versions {1.22.9}
[16Apr2026 02:26:07.882] [main/DEBUG] [net.minecraftforge.fml.loading.moddiscovery.ModFile/LOADING]: Loading mod file /workspaces/papas-con-mayo/servidor_minecraft/mods/alexsmobs-1.22.9.jar with languages [LanguageSpec[languageName=javafml, acceptedVersions=[46,)]]
[16Apr2026 02:26:07.882] [main/DEBUG] [net.minecraftforge.fml.loading.moddiscovery.ModFileParser/LOADING]: Considering mod file candidate /workspaces/papas-con-mayo/servidor_minecraft/mods/geckolib-forge-1.20.1-4.8.3.jar
[16Apr2026 02:26:07.882] [main/DEBUG] [net.minecraftforge.fml.loading.moddiscovery.ModFileInfo/LOADING]: Found valid mod file geckolib-forge-1.20.1-4.8.3.jar with {geckolib} mods - versions {4.8.3}
[16Apr2026 02:26:07.882] [main/DEBUG] [net.minecraftforge.fml.loading.moddiscovery.ModFile/LOADING]: Loading mod file /workspaces/papas-con-mayo/servidor_minecraft/mods/geckolib-forge-1.20.1-4.8.3.jar with languages [LanguageSpec[languageName=javafml, acceptedVersions=[47,)]]
[16Apr2026 02:26:07.883] [main/DEBUG] [net.minecraftforge.fml.loading.moddiscovery.ModFileParser/LOADING]: Considering mod file candidate /workspaces/papas-con-mayo/servidor_minecraft/mods/OctoLib-FORGE-0.5.0.1+1.20.1.jar
[16Apr2026 02:26:07.883] [main/DEBUG] [net.minecraftforge.fml.loading.moddiscovery.ModFileInfo/LOADING]: Found valid mod file OctoLib-FORGE-0.5.0.1+1.20.1.jar with {octolib} mods - versions {0.5.0.1}
[16Apr2026 02:26:07.883] [main/DEBUG] [net.minecraftforge.fml.loading.moddiscovery.ModFile/LOADING]: Loading mod file /workspaces/papas-con-mayo/servidor_minecraft/mods/OctoLib-FORGE-0.5.0.1+1.20.1.jar with languages [LanguageSpec[languageName=javafml, acceptedVersions=[47,)]]
[16Apr2026 02:26:07.883] [main/DEBUG] [net.minecraftforge.fml.loading.moddiscovery.ModFileParser/LOADING]: Considering mod file candidate /workspaces/papas-con-mayo/servidor_minecraft/mods/aether-1.20.1-1.5.2-neoforge.jar
[16Apr2026 02:26:07.884] [main/DEBUG] [net.minecraftforge.fml.loading.moddiscovery.ModFileInfo/LOADING]: Found valid mod file aether-1.20.1-1.5.2-neoforge.jar with {aether} mods - versions {1.20.1-1.5.2-neoforge}
[16Apr2026 02:26:07.884] [main/DEBUG] [net.minecraftforge.fml.loading.moddiscovery.ModFile/LOADING]: Loading mod file /workspaces/papas-con-mayo/servidor_minecraft/mods/aether-1.20.1-1.5.2-neoforge.jar with languages [LanguageSpec[languageName=javafml, acceptedVersions=[47,)]]
[16Apr2026 02:26:07.884] [main/DEBUG] [net.minecraftforge.fml.loading.moddiscovery.ModFileParser/LOADING]: Considering mod file candidate /workspaces/papas-con-mayo/servidor_minecraft/mods/hiccups_legacy-2.0.0.jar
[16Apr2026 02:26:07.884] [main/DEBUG] [net.minecraftforge.fml.loading.moddiscovery.ModFileInfo/LOADING]: Found valid mod file hiccups_legacy-2.0.0.jar with {hiccups_legacy} mods - versions {2.0.0}
[16Apr2026 02:26:07.885] [main/DEBUG] [net.minecraftforge.fml.loading.moddiscovery.ModFile/LOADING]: Loading mod file /workspaces/papas-con-mayo/servidor_minecraft/mods/hiccups_legacy-2.0.0.jar with languages [LanguageSpec[languageName=javafml, acceptedVersions=[47,)]]
[16Apr2026 02:26:07.885] [main/DEBUG] [net.minecraftforge.fml.loading.moddiscovery.ModFileParser/LOADING]: Considering mod file candidate /workspaces/papas-con-mayo/servidor_minecraft/mods/lithostitched-forge-1.20.1-1.4.11.jar
[16Apr2026 02:26:07.885] [main/DEBUG] [net.minecraftforge.fml.loading.moddiscovery.ModFileInfo/LOADING]: Found valid mod file lithostitched-forge-1.20.1-1.4.11.jar with {lithostitched} mods - versions {1.4.11}
[16Apr2026 02:26:07.885] [main/DEBUG] [net.minecraftforge.fml.loading.moddiscovery.ModFile/LOADING]: Loading mod file /workspaces/papas-con-mayo/servidor_minecraft/mods/lithostitched-forge-1.20.1-1.4.11.jar with languages [LanguageSpec[languageName=javafml, acceptedVersions=[46,)]]
[16Apr2026 02:26:07.885] [main/DEBUG] [net.minecraftforge.fml.loading.moddiscovery.ModFileParser/LOADING]: Considering mod file candidate 
[16Apr2026 02:26:07.886] [main/DEBUG] [net.minecraftforge.fml.loading.moddiscovery.ModFileInfo/LOADING]: Found valid mod file xaerolib-forge-1.20.1-1.1.0.jar with {xaerolib} mods - versions {1.1.0}
[16Apr2026 02:26:07.886] [main/DEBUG] [net.minecraftforge.fml.loading.moddiscovery.ModFile/LOADING]: Loading mod file  with languages [LanguageSpec[languageName=javafml, acceptedVersions=[46,48)]]
[16Apr2026 02:26:07.886] [main/DEBUG] [net.minecraftforge.fml.loading.moddiscovery.ModFileParser/LOADING]: Considering mod file candidate /workspaces/papas-con-mayo/servidor_minecraft/mods/YungsBetterOceanMonuments-1.20-Forge-3.0.4.jar
[16Apr2026 02:26:07.887] [main/DEBUG] [net.minecraftforge.fml.loading.moddiscovery.ModFileInfo/LOADING]: Found valid mod file YungsBetterOceanMonuments-1.20-Forge-3.0.4.jar with {betteroceanmonuments} mods - versions {1.20-Forge-3.0.4}
[16Apr2026 02:26:07.887] [main/DEBUG] [net.minecraftforge.fml.loading.moddiscovery.ModFile/LOADING]: Loading mod file /workspaces/papas-con-mayo/servidor_minecraft/mods/YungsBetterOceanMonuments-1.20-Forge-3.0.4.jar with languages [LanguageSpec[languageName=javafml, acceptedVersions=[46,)]]
[16Apr2026 02:26:07.887] [main/DEBUG] [net.minecraftforge.fml.loading.moddiscovery.ModFileParser/LOADING]: Considering mod file candidate /workspaces/papas-con-mayo/servidor_minecraft/mods/siegeweapons-1.20.1-0.2.5.jar
[16Apr2026 02:26:07.887] [main/DEBUG] [net.minecraftforge.fml.loading.moddiscovery.ModFileInfo/LOADING]: Found valid mod file siegeweapons-1.20.1-0.2.5.jar with {siegeweapons} mods - versions {0.2.5}
[16Apr2026 02:26:07.887] [main/DEBUG] [net.minecraftforge.fml.loading.moddiscovery.ModFile/LOADING]: Loading mod file /workspaces/papas-con-mayo/servidor_minecraft/mods/siegeweapons-1.20.1-0.2.5.jar with languages [LanguageSpec[languageName=javafml, acceptedVersions=[47,)]]
[16Apr2026 02:26:07.887] [main/DEBUG] [net.minecraftforge.fml.loading.moddiscovery.ModFileParser/LOADING]: Considering mod file candidate /workspaces/papas-con-mayo/servidor_minecraft/mods/mcw-mcwwindows-2.4.2-mc1.20.1forge.jar
[16Apr2026 02:26:07.888] [main/DEBUG] [net.minecraftforge.fml.loading.moddiscovery.ModFileInfo/LOADING]: Found valid mod file mcw-mcwwindows-2.4.2-mc1.20.1forge.jar with {mcwwindows} mods - versions {2.4.2}
[16Apr2026 02:26:07.888] [main/DEBUG] [net.minecraftforge.fml.loading.moddiscovery.ModFile/LOADING]: Loading mod file /workspaces/papas-con-mayo/servidor_minecraft/mods/mcw-mcwwindows-2.4.2-mc1.20.1forge.jar with languages [LanguageSpec[languageName=javafml, acceptedVersions=[28,)]]
[16Apr2026 02:26:07.888] [main/DEBUG] [net.minecraftforge.fml.loading.moddiscovery.ModFileParser/LOADING]: Considering mod file candidate /workspaces/papas-con-mayo/servidor_minecraft/mods/blossom-blade-1.2.jar
[16Apr2026 02:26:07.889] [main/DEBUG] [net.minecraftforge.fml.loading.moddiscovery.ModFileInfo/LOADING]: Found valid mod file blossom-blade-1.2.jar with {mr_blossom_blade} mods - versions {1.2}
[16Apr2026 02:26:07.889] [main/DEBUG] [net.minecraftforge.fml.loading.moddiscovery.ModFile/LOADING]: Loading mod file /workspaces/papas-con-mayo/servidor_minecraft/mods/blossom-blade-1.2.jar with languages [LanguageSpec[languageName=lowcodefml, acceptedVersions=[40,)]]
[16Apr2026 02:26:07.889] [main/DEBUG] [net.minecraftforge.fml.loading.moddiscovery.ModFileParser/LOADING]: Considering mod file candidate /workspaces/papas-con-mayo/servidor_minecraft/mods/waystones-forge-1.20.1-14.1.20.jar
[16Apr2026 02:26:07.889] [main/DEBUG] [net.minecraftforge.fml.loading.moddiscovery.ModFileInfo/LOADING]: Found valid mod file waystones-forge-1.20.1-14.1.20.jar with {waystones} mods - versions {14.1.20}
[16Apr2026 02:26:07.890] [main/DEBUG] [net.minecraftforge.fml.loading.moddiscovery.ModFile/LOADING]: Loading mod file /workspaces/papas-con-mayo/servidor_minecraft/mods/waystones-forge-1.20.1-14.1.20.jar with languages [LanguageSpec[languageName=javafml, acceptedVersions=[46,)]]
[16Apr2026 02:26:07.890] [main/DEBUG] [net.minecraftforge.fml.loading.moddiscovery.ModFileParser/LOADING]: Considering mod file candidate /workspaces/papas-con-mayo/servidor_minecraft/mods/xaeroworldmap-forge-1.20.1-1.40.11.jar
[16Apr2026 02:26:07.890] [main/DEBUG] [net.minecraftforge.fml.loading.moddiscovery.ModFileInfo/LOADING]: Found valid mod file xaeroworldmap-forge-1.20.1-1.40.11.jar with {xaeroworldmap} mods - versions {1.40.11}
[16Apr2026 02:26:07.890] [main/DEBUG] [net.minecraftforge.fml.loading.moddiscovery.ModFile/LOADING]: Loading mod file /workspaces/papas-con-mayo/servidor_minecraft/mods/xaeroworldmap-forge-1.20.1-1.40.11.jar with languages [LanguageSpec[languageName=javafml, acceptedVersions=[46,48)]]
[16Apr2026 02:26:07.892] [main/DEBUG] [net.minecraftforge.fml.loading.moddiscovery.ModFileParser/LOADING]: Found coremod xaeroworldmap_core with Javascript path META-INF/xaeroworldmap_core.js
[16Apr2026 02:26:07.892] [main/DEBUG] [net.minecraftforge.fml.loading.moddiscovery.ModFile/LOADING]: Found coremod META-INF/xaeroworldmap_core.js
[16Apr2026 02:26:07.892] [main/DEBUG] [net.minecraftforge.fml.loading.moddiscovery.ModFileParser/LOADING]: Considering mod file candidate /workspaces/papas-con-mayo/servidor_minecraft/mods/citadel-2.6.3-1.20.1.jar
[16Apr2026 02:26:07.893] [main/DEBUG] [net.minecraftforge.fml.loading.moddiscovery.ModFileInfo/LOADING]: Found valid mod file citadel-2.6.3-1.20.1.jar with {citadel} mods - versions {2.6.3}
[16Apr2026 02:26:07.893] [main/DEBUG] [net.minecraftforge.fml.loading.moddiscovery.ModFile/LOADING]: Loading mod file /workspaces/papas-con-mayo/servidor_minecraft/mods/citadel-2.6.3-1.20.1.jar with languages [LanguageSpec[languageName=javafml, acceptedVersions=[47,)]]
[16Apr2026 02:26:07.893] [main/DEBUG] [net.minecraftforge.fml.loading.moddiscovery.ModFileParser/LOADING]: Considering mod file candidate /workspaces/papas-con-mayo/servidor_minecraft/mods/Placebo-1.20.1-8.6.3.jar
[16Apr2026 02:26:07.893] [main/DEBUG] [net.minecraftforge.fml.loading.moddiscovery.ModFileInfo/LOADING]: Found valid mod file Placebo-1.20.1-8.6.3.jar with {placebo} mods - versions {8.6.3}
[16Apr2026 02:26:07.893] [main/DEBUG] [net.minecraftforge.fml.loading.moddiscovery.ModFile/LOADING]: Loading mod file /workspaces/papas-con-mayo/servidor_minecraft/mods/Placebo-1.20.1-8.6.3.jar with languages [LanguageSpec[languageName=javafml, acceptedVersions=[32,)]]
[16Apr2026 02:26:07.894] [main/DEBUG] [net.minecraftforge.fml.loading.moddiscovery.ModFileParser/LOADING]: Found coremod placebo_get_ench_level_event with Javascript path coremods/get_ench_level_event.js
[16Apr2026 02:26:07.894] [main/DEBUG] [net.minecraftforge.fml.loading.moddiscovery.ModFileParser/LOADING]: Found coremod placebo_get_ench_level_event_specific with Javascript path coremods/get_ench_level_event_specific.js
[16Apr2026 02:26:07.894] [main/DEBUG] [net.minecraftforge.fml.loading.moddiscovery.ModFile/LOADING]: Found coremod coremods/get_ench_level_event.js
[16Apr2026 02:26:07.894] [main/DEBUG] [net.minecraftforge.fml.loading.moddiscovery.ModFile/LOADING]: Found coremod coremods/get_ench_level_event_specific.js
[16Apr2026 02:26:07.894] [main/DEBUG] [net.minecraftforge.fml.loading.moddiscovery.ModFileParser/LOADING]: Considering mod file candidate /workspaces/papas-con-mayo/servidor_minecraft/mods/artifacts-forge-9.5.19.jar
[16Apr2026 02:26:07.895] [main/DEBUG] [net.minecraftforge.fml.loading.moddiscovery.ModFileInfo/LOADING]: Found valid mod file artifacts-forge-9.5.19.jar with {artifacts} mods - versions {9.5.19}
[16Apr2026 02:26:07.895] [main/DEBUG] [net.minecraftforge.fml.loading.moddiscovery.ModFile/LOADING]: Loading mod file /workspaces/papas-con-mayo/servidor_minecraft/mods/artifacts-forge-9.5.19.jar with languages [LanguageSpec[languageName=javafml, acceptedVersions=[47,)]]
[16Apr2026 02:26:07.895] [main/DEBUG] [net.minecraftforge.fml.loading.moddiscovery.ModFileParser/LOADING]: Considering mod file candidate /workspaces/papas-con-mayo/servidor_minecraft/mods/travelersbackpack-forge-1.20.1-9.1.53.jar
[16Apr2026 02:26:07.895] [main/DEBUG] [net.minecraftforge.fml.loading.moddiscovery.ModFileInfo/LOADING]: Found valid mod file travelersbackpack-forge-1.20.1-9.1.53.jar with {travelersbackpack} mods - versions {9.1.53}
[16Apr2026 02:26:07.895] [main/DEBUG] [net.minecraftforge.fml.loading.moddiscovery.ModFile/LOADING]: Loading mod file /workspaces/papas-con-mayo/servidor_minecraft/mods/travelersbackpack-forge-1.20.1-9.1.53.jar with languages [LanguageSpec[languageName=javafml, acceptedVersions=[46,)]]
[16Apr2026 02:26:07.895] [main/DEBUG] [net.minecraftforge.fml.loading.moddiscovery.ModFileParser/LOADING]: Considering mod file candidate /workspaces/papas-con-mayo/servidor_minecraft/mods/mcw-mcwstairs-1.0.2-mc1.20.1forge.jar
[16Apr2026 02:26:07.896] [main/DEBUG] [net.minecraftforge.fml.loading.moddiscovery.ModFileInfo/LOADING]: Found valid mod file mcw-mcwstairs-1.0.2-mc1.20.1forge.jar with {mcwstairs} mods - versions {1.0.2}
[16Apr2026 02:26:07.896] [main/DEBUG] [net.minecraftforge.fml.loading.moddiscovery.ModFile/LOADING]: Loading mod file /workspaces/papas-con-mayo/servidor_minecraft/mods/mcw-mcwstairs-1.0.2-mc1.20.1forge.jar with languages [LanguageSpec[languageName=javafml, acceptedVersions=[28,)]]
[16Apr2026 02:26:07.896] [main/DEBUG] [net.minecraftforge.fml.loading.moddiscovery.ModFileParser/LOADING]: Considering mod file candidate /workspaces/papas-con-mayo/servidor_minecraft/mods/YungsApi-1.20-Forge-4.0.6.jar
[16Apr2026 02:26:07.896] [main/DEBUG] [net.minecraftforge.fml.loading.moddiscovery.ModFileInfo/LOADING]: Found valid mod file YungsApi-1.20-Forge-4.0.6.jar with {yungsapi} mods - versions {1.20-Forge-4.0.6}
[16Apr2026 02:26:07.897] [main/DEBUG] [net.minecraftforge.fml.loading.moddiscovery.ModFile/LOADING]: Loading mod file /workspaces/papas-con-mayo/servidor_minecraft/mods/YungsApi-1.20-Forge-4.0.6.jar with languages [LanguageSpec[languageName=javafml, acceptedVersions=[46,)]]
[16Apr2026 02:26:07.897] [main/DEBUG] [net.minecraftforge.fml.loading.moddiscovery.ModFileParser/LOADING]: Considering mod file candidate /workspaces/papas-con-mayo/servidor_minecraft/mods/veinminer-1.1.0.jar
[16Apr2026 02:26:07.897] [main/DEBUG] [net.minecraftforge.fml.loading.moddiscovery.ModFileInfo/LOADING]: Found valid mod file veinminer-1.1.0.jar with {mr_veinminer} mods - versions {1.1.0}
[16Apr2026 02:26:07.897] [main/DEBUG] [net.minecraftforge.fml.loading.moddiscovery.ModFile/LOADING]: Loading mod file /workspaces/papas-con-mayo/servidor_minecraft/mods/veinminer-1.1.0.jar with languages [LanguageSpec[languageName=javafml, acceptedVersions=[25,)]]
[16Apr2026 02:26:07.898] [main/DEBUG] [net.minecraftforge.fml.loading.moddiscovery.ModFileParser/LOADING]: Considering mod file candidate /workspaces/papas-con-mayo/servidor_minecraft/mods/GlitchCore-forge-1.20.1-0.0.1.1.jar
[16Apr2026 02:26:07.898] [main/DEBUG] [net.minecraftforge.fml.loading.moddiscovery.ModFileInfo/LOADING]: Found valid mod file GlitchCore-forge-1.20.1-0.0.1.1.jar with {glitchcore} mods - versions {0.0.1.1}
[16Apr2026 02:26:07.898] [main/DEBUG] [net.minecraftforge.fml.loading.moddiscovery.ModFile/LOADING]: Loading mod file /workspaces/papas-con-mayo/servidor_minecraft/mods/GlitchCore-forge-1.20.1-0.0.1.1.jar with languages [LanguageSpec[languageName=javafml, acceptedVersions=[47,)]]
[16Apr2026 02:26:07.898] [main/DEBUG] [net.minecraftforge.fml.loading.moddiscovery.ModFileParser/LOADING]: Considering mod file candidate /workspaces/papas-con-mayo/servidor_minecraft/mods/guardvillagers-1.20.1-1.6.17.jar
[16Apr2026 02:26:07.899] [main/DEBUG] [net.minecraftforge.fml.loading.moddiscovery.ModFileInfo/LOADING]: Found valid mod file guardvillagers-1.20.1-1.6.17.jar with {guardvillagers} mods - versions {1.20.1-1.6.17}
[16Apr2026 02:26:07.899] [main/DEBUG] [net.minecraftforge.fml.loading.moddiscovery.ModFile/LOADING]: Loading mod file /workspaces/papas-con-mayo/servidor_minecraft/mods/guardvillagers-1.20.1-1.6.17.jar with languages [LanguageSpec[languageName=javafml, acceptedVersions=[46,)]]
[16Apr2026 02:26:07.899] [main/DEBUG] [net.minecraftforge.fml.loading.moddiscovery.ModFileParser/LOADING]: Considering mod file candidate /workspaces/papas-con-mayo/servidor_minecraft/mods/Apotheosis-1.20.1-7.4.8.jar
[16Apr2026 02:26:07.899] [main/DEBUG] [net.minecraftforge.fml.loading.moddiscovery.ModFileInfo/LOADING]: Found valid mod file Apotheosis-1.20.1-7.4.8.jar with {apotheosis} mods - versions {7.4.8}
[16Apr2026 02:26:07.900] [main/DEBUG] [net.minecraftforge.fml.loading.moddiscovery.ModFile/LOADING]: Loading mod file /workspaces/papas-con-mayo/servidor_minecraft/mods/Apotheosis-1.20.1-7.4.8.jar with languages [LanguageSpec[languageName=javafml, acceptedVersions=[32,)]]
[16Apr2026 02:26:07.900] [main/DEBUG] [net.minecraftforge.fml.loading.moddiscovery.ModFileParser/LOADING]: Found coremod apotheosis_ench/ench_info_loot_redirector with Javascript path coremods/ench/ench_info_loot_redirector.js
[16Apr2026 02:26:07.900] [main/DEBUG] [net.minecraftforge.fml.loading.moddiscovery.ModFileParser/LOADING]: Found coremod apotheosis_ench/ench_info_redirector with Javascript path coremods/ench/ench_info_redirector.js
[16Apr2026 02:26:07.900] [main/DEBUG] [net.minecraftforge.fml.loading.moddiscovery.ModFileParser/LOADING]: Found coremod apotheosis_ench/fishing_hook with Javascript path coremods/ench/fishing_hook.js
[16Apr2026 02:26:07.900] [main/DEBUG] [net.minecraftforge.fml.loading.moddiscovery.ModFile/LOADING]: Found coremod coremods/ench/ench_info_loot_redirector.js
[16Apr2026 02:26:07.900] [main/DEBUG] [net.minecraftforge.fml.loading.moddiscovery.ModFile/LOADING]: Found coremod coremods/ench/ench_info_redirector.js
[16Apr2026 02:26:07.900] [main/DEBUG] [net.minecraftforge.fml.loading.moddiscovery.ModFile/LOADING]: Found coremod coremods/ench/fishing_hook.js
[16Apr2026 02:26:07.900] [main/DEBUG] [net.minecraftforge.fml.loading.moddiscovery.ModFileParser/LOADING]: Considering mod file candidate /workspaces/papas-con-mayo/servidor_minecraft/mods/relics-1.20.1-0.8.0.13.jar
[16Apr2026 02:26:07.901] [main/DEBUG] [net.minecraftforge.fml.loading.moddiscovery.ModFileInfo/LOADING]: Found valid mod file relics-1.20.1-0.8.0.13.jar with {relics} mods - versions {0.8.0.13}
[16Apr2026 02:26:07.901] [main/DEBUG] [net.minecraftforge.fml.loading.moddiscovery.ModFile/LOADING]: Loading mod file /workspaces/papas-con-mayo/servidor_minecraft/mods/relics-1.20.1-0.8.0.13.jar with languages [LanguageSpec[languageName=javafml, acceptedVersions=[47,)]]
[16Apr2026 02:26:07.901] [main/DEBUG] [net.minecraftforge.fml.loading.moddiscovery.ModFileParser/LOADING]: Considering mod file candidate /workspaces/papas-con-mayo/servidor_minecraft/mods/mcw-doors-1.1.5-mc1.20.1forge.jar
[16Apr2026 02:26:07.901] [main/DEBUG] [net.minecraftforge.fml.loading.moddiscovery.ModFileInfo/LOADING]: Found valid mod file mcw-doors-1.1.5-mc1.20.1forge.jar with {mcwdoors} mods - versions {1.1.5}
[16Apr2026 02:26:07.901] [main/DEBUG] [net.minecraftforge.fml.loading.moddiscovery.ModFile/LOADING]: Loading mod file /workspaces/papas-con-mayo/servidor_minecraft/mods/mcw-doors-1.1.5-mc1.20.1forge.jar with languages [LanguageSpec[languageName=javafml, acceptedVersions=[28,)]]
[16Apr2026 02:26:07.902] [main/DEBUG] [net.minecraftforge.fml.loading.moddiscovery.ModFileParser/LOADING]: Considering mod file candidate /workspaces/papas-con-mayo/servidor_minecraft/mods/YungsBetterDesertTemples-1.20-Forge-3.0.3.jar
[16Apr2026 02:26:07.902] [main/DEBUG] [net.minecraftforge.fml.loading.moddiscovery.ModFileInfo/LOADING]: Found valid mod file YungsBetterDesertTemples-1.20-Forge-3.0.3.jar with {betterdeserttemples} mods - versions {1.20-Forge-3.0.3}
[16Apr2026 02:26:07.902] [main/DEBUG] [net.minecraftforge.fml.loading.moddiscovery.ModFile/LOADING]: Loading mod file /workspaces/papas-con-mayo/servidor_minecraft/mods/YungsBetterDesertTemples-1.20-Forge-3.0.3.jar with languages [LanguageSpec[languageName=javafml, acceptedVersions=[46,)]]
[16Apr2026 02:26:07.902] [main/DEBUG] [net.minecraftforge.fml.loading.moddiscovery.ModFileParser/LOADING]: Considering mod file candidate /workspaces/papas-con-mayo/servidor_minecraft/mods/balm-forge-1.20.1-7.3.38-all.jar
[16Apr2026 02:26:07.903] [main/DEBUG] [net.minecraftforge.fml.loading.moddiscovery.ModFileInfo/LOADING]: Found valid mod file balm-forge-1.20.1-7.3.38-all.jar with {balm} mods - versions {7.3.38}
[16Apr2026 02:26:07.903] [main/DEBUG] [net.minecraftforge.fml.loading.moddiscovery.ModFile/LOADING]: Loading mod file /workspaces/papas-con-mayo/servidor_minecraft/mods/balm-forge-1.20.1-7.3.38-all.jar with languages [LanguageSpec[languageName=javafml, acceptedVersions=[46,)]]
[16Apr2026 02:26:07.903] [main/DEBUG] [net.minecraftforge.fml.loading.moddiscovery.ModFileParser/LOADING]: Considering mod file candidate /workspaces/papas-con-mayo/servidor_minecraft/mods/Terralith_1.20.x_v2.5.4.jar
[16Apr2026 02:26:07.904] [main/DEBUG] [net.minecraftforge.fml.loading.moddiscovery.ModFileInfo/LOADING]: Found valid mod file Terralith_1.20.x_v2.5.4.jar with {terralith} mods - versions {2.5.4}
[16Apr2026 02:26:07.904] [main/DEBUG] [net.minecraftforge.fml.loading.moddiscovery.ModFile/LOADING]: Loading mod file /workspaces/papas-con-mayo/servidor_minecraft/mods/Terralith_1.20.x_v2.5.4.jar with languages [LanguageSpec[languageName=lowcodefml, acceptedVersions=[1,)]]
[16Apr2026 02:26:07.904] [main/DEBUG] [net.minecraftforge.fml.loading.moddiscovery.ModFileParser/LOADING]: Considering mod file candidate /workspaces/papas-con-mayo/servidor_minecraft/mods/carryon-forge-1.20.1-2.1.2.7.jar
[16Apr2026 02:26:07.904] [main/DEBUG] [net.minecraftforge.fml.loading.moddiscovery.ModFileInfo/LOADING]: Found valid mod file carryon-forge-1.20.1-2.1.2.7.jar with {carryon} mods - versions {2.1.2.7}
[16Apr2026 02:26:07.904] [main/DEBUG] [net.minecraftforge.fml.loading.moddiscovery.ModFile/LOADING]: Loading mod file /workspaces/papas-con-mayo/servidor_minecraft/mods/carryon-forge-1.20.1-2.1.2.7.jar with languages [LanguageSpec[languageName=javafml, acceptedVersions=[46,)]]
[16Apr2026 02:26:07.905] [main/DEBUG] [net.minecraftforge.fml.loading.moddiscovery.ModFileParser/LOADING]: Considering mod file candidate /workspaces/papas-con-mayo/servidor_minecraft/mods/immersive_armors-1.7.1+1.20.1-forge.jar
[16Apr2026 02:26:07.905] [main/DEBUG] [net.minecraftforge.fml.loading.moddiscovery.ModFileInfo/LOADING]: Found valid mod file immersive_armors-1.7.1+1.20.1-forge.jar with {immersive_armors} mods - versions {1.7.1+1.20.1}
[16Apr2026 02:26:07.905] [main/DEBUG] [net.minecraftforge.fml.loading.moddiscovery.ModFile/LOADING]: Loading mod file /workspaces/papas-con-mayo/servidor_minecraft/mods/immersive_armors-1.7.1+1.20.1-forge.jar with languages [LanguageSpec[languageName=javafml, acceptedVersions=[47,)]]
[16Apr2026 02:26:07.905] [main/DEBUG] [net.minecraftforge.fml.loading.moddiscovery.ModFileParser/LOADING]: Considering mod file candidate 
[16Apr2026 02:26:07.906] [main/DEBUG] [net.minecraftforge.fml.loading.moddiscovery.ModFileInfo/LOADING]: Found valid mod file puzzlesaccessapi-forge-20.1.1.jar with {puzzlesaccessapi} mods - versions {20.1.1}
[16Apr2026 02:26:07.906] [main/DEBUG] [net.minecraftforge.fml.loading.moddiscovery.ModFile/LOADING]: Loading mod file  with languages [LanguageSpec[languageName=javafml, acceptedVersions=*]]
[16Apr2026 02:26:07.906] [main/DEBUG] [net.minecraftforge.fml.loading.moddiscovery.ModFileParser/LOADING]: Considering mod file candidate /workspaces/papas-con-mayo/servidor_minecraft/mods/cloth-config-11.1.136-forge.jar
[16Apr2026 02:26:07.907] [main/DEBUG] [net.minecraftforge.fml.loading.moddiscovery.ModFileInfo/LOADING]: Found valid mod file cloth-config-11.1.136-forge.jar with {cloth_config} mods - versions {11.1.136}
[16Apr2026 02:26:07.907] [main/DEBUG] [net.minecraftforge.fml.loading.moddiscovery.ModFile/LOADING]: Loading mod file /workspaces/papas-con-mayo/servidor_minecraft/mods/cloth-config-11.1.136-forge.jar with languages [LanguageSpec[languageName=javafml, acceptedVersions=[34,)]]
[16Apr2026 02:26:07.907] [main/DEBUG] [net.minecraftforge.fml.loading.moddiscovery.ModFileParser/LOADING]: Considering mod file candidate /workspaces/papas-con-mayo/servidor_minecraft/mods/DungeonsAriseSevenSeas-1.19.2-1.0.2-forge.jar
[16Apr2026 02:26:07.907] [main/DEBUG] [net.minecraftforge.fml.loading.moddiscovery.ModFileInfo/LOADING]: Found valid mod file DungeonsAriseSevenSeas-1.19.2-1.0.2-forge.jar with {dungeons_arise_seven_seas} mods - versions {1.0.2}
[16Apr2026 02:26:07.908] [main/DEBUG] [net.minecraftforge.fml.loading.moddiscovery.ModFile/LOADING]: Loading mod file /workspaces/papas-con-mayo/servidor_minecraft/mods/DungeonsAriseSevenSeas-1.19.2-1.0.2-forge.jar with languages [LanguageSpec[languageName=javafml, acceptedVersions=[43,)]]
[16Apr2026 02:26:07.908] [main/DEBUG] [net.minecraftforge.fml.loading.moddiscovery.ModFileParser/LOADING]: Considering mod file candidate /workspaces/papas-con-mayo/servidor_minecraft/libraries/net/minecraftforge/forge/1.20.1-47.3.7/forge-1.20.1-47.3.7-universal.jar
[16Apr2026 02:26:07.908] [main/DEBUG] [net.minecraftforge.fml.loading.moddiscovery.ModFileInfo/LOADING]: Found valid mod file forge-1.20.1-47.3.7-universal.jar with {forge} mods - versions {47.3.7}
[16Apr2026 02:26:07.908] [main/DEBUG] [net.minecraftforge.fml.loading.moddiscovery.ModFile/LOADING]: Loading mod file /workspaces/papas-con-mayo/servidor_minecraft/libraries/net/minecraftforge/forge/1.20.1-47.3.7/forge-1.20.1-47.3.7-universal.jar with languages [LanguageSpec[languageName=javafml, acceptedVersions=[24,]]]
[16Apr2026 02:26:07.908] [main/DEBUG] [net.minecraftforge.fml.loading.moddiscovery.ModFileParser/LOADING]: Found coremod field_to_method with Javascript path coremods/field_to_method.js
[16Apr2026 02:26:07.908] [main/DEBUG] [net.minecraftforge.fml.loading.moddiscovery.ModFileParser/LOADING]: Found coremod field_to_instanceof with Javascript path coremods/field_to_instanceof.js
[16Apr2026 02:26:07.909] [main/DEBUG] [net.minecraftforge.fml.loading.moddiscovery.ModFileParser/LOADING]: Found coremod add_bouncer_method with Javascript path coremods/add_bouncer_method.js
[16Apr2026 02:26:07.909] [main/DEBUG] [net.minecraftforge.fml.loading.moddiscovery.ModFileParser/LOADING]: Found coremod method_redirector with Javascript path coremods/method_redirector.js
[16Apr2026 02:26:07.909] [main/DEBUG] [net.minecraftforge.fml.loading.moddiscovery.ModFile/LOADING]: Found coremod coremods/field_to_method.js
[16Apr2026 02:26:07.909] [main/DEBUG] [net.minecraftforge.fml.loading.moddiscovery.ModFile/LOADING]: Found coremod coremods/field_to_instanceof.js
[16Apr2026 02:26:07.909] [main/DEBUG] [net.minecraftforge.fml.loading.moddiscovery.ModFile/LOADING]: Found coremod coremods/add_bouncer_method.js
[16Apr2026 02:26:07.909] [main/DEBUG] [net.minecraftforge.fml.loading.moddiscovery.ModFile/LOADING]: Found coremod coremods/method_redirector.js
[16Apr2026 02:26:07.909] [main/DEBUG] [net.minecraftforge.fml.loading.moddiscovery.ModFileParser/LOADING]: Considering mod file candidate /workspaces/papas-con-mayo/servidor_minecraft/mods/supplementaries-1.20-3.1.43-forge.jar
[16Apr2026 02:26:07.910] [main/DEBUG] [net.minecraftforge.fml.loading.moddiscovery.ModFileInfo/LOADING]: Found valid mod file supplementaries-1.20-3.1.43-forge.jar with {supplementaries} mods - versions {1.20-3.1.43}
[16Apr2026 02:26:07.910] [main/DEBUG] [net.minecraftforge.fml.loading.moddiscovery.ModFile/LOADING]: Loading mod file /workspaces/papas-con-mayo/servidor_minecraft/mods/supplementaries-1.20-3.1.43-forge.jar with languages [LanguageSpec[languageName=javafml, acceptedVersions=[4,)]]
[16Apr2026 02:26:07.910] [main/DEBUG] [net.minecraftforge.fml.loading.moddiscovery.ModFileParser/LOADING]: Considering mod file candidate /workspaces/papas-con-mayo/servidor_minecraft/mods/DungeonsArise-1.20.x-2.1.58-release.jar
[16Apr2026 02:26:07.910] [main/DEBUG] [net.minecraftforge.fml.loading.moddiscovery.ModFileInfo/LOADING]: Found valid mod file DungeonsArise-1.20.x-2.1.58-release.jar with {dungeons_arise} mods - versions {2.1.58-1.20.x}
[16Apr2026 02:26:07.910] [main/DEBUG] [net.minecraftforge.fml.loading.moddiscovery.ModFile/LOADING]: Loading mod file /workspaces/papas-con-mayo/servidor_minecraft/mods/DungeonsArise-1.20.x-2.1.58-release.jar with languages [LanguageSpec[languageName=javafml, acceptedVersions=[41,)]]
[16Apr2026 02:26:07.910] [main/DEBUG] [net.minecraftforge.fml.loading.moddiscovery.ModFileParser/LOADING]: Considering mod file candidate /workspaces/papas-con-mayo/servidor_minecraft/mods/FarmersDelight-1.20.1-1.2.11.jar
[16Apr2026 02:26:07.911] [main/DEBUG] [net.minecraftforge.fml.loading.moddiscovery.ModFileInfo/LOADING]: Found valid mod file FarmersDelight-1.20.1-1.2.11.jar with {farmersdelight} mods - versions {1.20.1-1.2.11}
[16Apr2026 02:26:07.911] [main/DEBUG] [net.minecraftforge.fml.loading.moddiscovery.ModFile/LOADING]: Loading mod file /workspaces/papas-con-mayo/servidor_minecraft/mods/FarmersDelight-1.20.1-1.2.11.jar with languages [LanguageSpec[languageName=javafml, acceptedVersions=[46,)]]
[16Apr2026 02:26:07.911] [main/DEBUG] [net.minecraftforge.fml.loading.moddiscovery.ModFileParser/LOADING]: Considering mod file candidate /workspaces/papas-con-mayo/servidor_minecraft/mods/mcw-bridges-3.1.2-mc1.20.1forge.jar
[16Apr2026 02:26:07.911] [main/DEBUG] [net.minecraftforge.fml.loading.moddiscovery.ModFileInfo/LOADING]: Found valid mod file mcw-bridges-3.1.2-mc1.20.1forge.jar with {mcwbridges} mods - versions {3.1.2}
[16Apr2026 02:26:07.911] [main/DEBUG] [net.minecraftforge.fml.loading.moddiscovery.ModFile/LOADING]: Loading mod file /workspaces/papas-con-mayo/servidor_minecraft/mods/mcw-bridges-3.1.2-mc1.20.1forge.jar with languages [LanguageSpec[languageName=javafml, acceptedVersions=[28,)]]
[16Apr2026 02:26:07.912] [main/DEBUG] [net.minecraftforge.fml.loading.moddiscovery.ModFileInfo/LOADING]: Found valid mod file server-1.20.1-20230612.114412-srg.jar with {minecraft} mods - versions {1.20.1}
[16Apr2026 02:26:07.912] [main/DEBUG] [net.minecraftforge.fml.loading.moddiscovery.ModFile/LOADING]: Loading mod file /workspaces/papas-con-mayo/servidor_minecraft/libraries/net/minecraft/server/1.20.1-20230612.114412/server-1.20.1-20230612.114412-srg.jar with languages [LanguageSpec[languageName=minecraft, acceptedVersions=1]]
[16Apr2026 02:26:07.912] [main/DEBUG] [net.minecraftforge.fml.loading.moddiscovery.ModFileParser/LOADING]: Considering mod file candidate /workspaces/papas-con-mayo/servidor_minecraft/mods/endermanoverhaul-forge-1.20.1-1.0.4.jar
[16Apr2026 02:26:07.912] [main/DEBUG] [net.minecraftforge.fml.loading.moddiscovery.ModFileInfo/LOADING]: Found valid mod file endermanoverhaul-forge-1.20.1-1.0.4.jar with {endermanoverhaul} mods - versions {1.0.4}
[16Apr2026 02:26:07.912] [main/DEBUG] [net.minecraftforge.fml.loading.moddiscovery.ModFile/LOADING]: Loading mod file /workspaces/papas-con-mayo/servidor_minecraft/mods/endermanoverhaul-forge-1.20.1-1.0.4.jar with languages [LanguageSpec[languageName=javafml, acceptedVersions=[47,)]]
[16Apr2026 02:26:07.913] [main/DEBUG] [net.minecraftforge.fml.loading.moddiscovery.ModFileParser/LOADING]: Considering mod file candidate /workspaces/papas-con-mayo/servidor_minecraft/mods/moonlight-1.20-2.16.28-forge.jar
[16Apr2026 02:26:07.913] [main/DEBUG] [net.minecraftforge.fml.loading.moddiscovery.ModFileInfo/LOADING]: Found valid mod file moonlight-1.20-2.16.28-forge.jar with {moonlight} mods - versions {1.20-2.16.28}
[16Apr2026 02:26:07.913] [main/DEBUG] [net.minecraftforge.fml.loading.moddiscovery.ModFile/LOADING]: Loading mod file /workspaces/papas-con-mayo/servidor_minecraft/mods/moonlight-1.20-2.16.28-forge.jar with languages [LanguageSpec[languageName=javafml, acceptedVersions=[40,)]]
[16Apr2026 02:26:07.913] [main/DEBUG] [net.minecraftforge.fml.loading.moddiscovery.ModFileParser/LOADING]: Considering mod file candidate /workspaces/papas-con-mayo/servidor_minecraft/mods/TerraBlender-forge-1.20.1-3.0.1.10.jar
[16Apr2026 02:26:07.913] [main/DEBUG] [net.minecraftforge.fml.loading.moddiscovery.ModFileInfo/LOADING]: Found valid mod file TerraBlender-forge-1.20.1-3.0.1.10.jar with {terrablender} mods - versions {3.0.1.10}
[16Apr2026 02:26:07.914] [main/DEBUG] [net.minecraftforge.fml.loading.moddiscovery.ModFile/LOADING]: Loading mod file /workspaces/papas-con-mayo/servidor_minecraft/mods/TerraBlender-forge-1.20.1-3.0.1.10.jar with languages [LanguageSpec[languageName=javafml, acceptedVersions=[47,)]]
[16Apr2026 02:26:07.914] [main/DEBUG] [net.minecraftforge.fml.loading.moddiscovery.ModFileParser/LOADING]: Considering mod file candidate /workspaces/papas-con-mayo/servidor_minecraft/mods/BiomesOPlenty-forge-1.20.1-19.0.0.96.jar
[16Apr2026 02:26:07.914] [main/DEBUG] [net.minecraftforge.fml.loading.moddiscovery.ModFileInfo/LOADING]: Found valid mod file BiomesOPlenty-forge-1.20.1-19.0.0.96.jar with {biomesoplenty} mods - versions {19.0.0.96}
[16Apr2026 02:26:07.914] [main/DEBUG] [net.minecraftforge.fml.loading.moddiscovery.ModFile/LOADING]: Loading mod file /workspaces/papas-con-mayo/servidor_minecraft/mods/BiomesOPlenty-forge-1.20.1-19.0.0.96.jar with languages [LanguageSpec[languageName=javafml, acceptedVersions=[47,)]]
[16Apr2026 02:26:07.914] [main/DEBUG] [net.minecraftforge.fml.loading.moddiscovery.ModFileParser/LOADING]: Considering mod file candidate /workspaces/papas-con-mayo/servidor_minecraft/mods/Jade-1.20.1-Forge-11.13.2.jar
[16Apr2026 02:26:07.914] [main/DEBUG] [net.minecraftforge.fml.loading.moddiscovery.ModFileInfo/LOADING]: Found valid mod file Jade-1.20.1-Forge-11.13.2.jar with {jade} mods - versions {11.13.2+forge}
[16Apr2026 02:26:07.915] [main/DEBUG] [net.minecraftforge.fml.loading.moddiscovery.ModFile/LOADING]: Loading mod file /workspaces/papas-con-mayo/servidor_minecraft/mods/Jade-1.20.1-Forge-11.13.2.jar with languages [LanguageSpec[languageName=javafml, acceptedVersions=[46,)]]
[16Apr2026 02:26:07.915] [main/DEBUG] [net.minecraftforge.fml.loading.moddiscovery.ModFileParser/LOADING]: Considering mod file candidate /workspaces/papas-con-mayo/servidor_minecraft/mods/another_furniture-forge-1.20.1-3.0.4.jar
[16Apr2026 02:26:07.915] [main/DEBUG] [net.minecraftforge.fml.loading.moddiscovery.ModFileInfo/LOADING]: Found valid mod file another_furniture-forge-1.20.1-3.0.4.jar with {another_furniture} mods - versions {1.20.1-3.0.4}
[16Apr2026 02:26:07.915] [main/DEBUG] [net.minecraftforge.fml.loading.moddiscovery.ModFile/LOADING]: Loading mod file /workspaces/papas-con-mayo/servidor_minecraft/mods/another_furniture-forge-1.20.1-3.0.4.jar with languages [LanguageSpec[languageName=javafml, acceptedVersions=[43,)]]
[16Apr2026 02:26:07.915] [main/DEBUG] [net.minecraftforge.fml.loading.moddiscovery.ModFileParser/LOADING]: Considering mod file candidate /workspaces/papas-con-mayo/servidor_minecraft/mods/Chunky-1.3.146.jar
[16Apr2026 02:26:07.916] [main/DEBUG] [net.minecraftforge.fml.loading.moddiscovery.ModFileInfo/LOADING]: Found valid mod file Chunky-1.3.146.jar with {chunky} mods - versions {1.3.146}
[16Apr2026 02:26:07.916] [main/DEBUG] [net.minecraftforge.fml.loading.moddiscovery.ModFile/LOADING]: Loading mod file /workspaces/papas-con-mayo/servidor_minecraft/mods/Chunky-1.3.146.jar with languages [LanguageSpec[languageName=javafml, acceptedVersions=[38,)]]
[16Apr2026 02:26:07.916] [main/DEBUG] [net.minecraftforge.fml.loading.moddiscovery.ModFileParser/LOADING]: Considering mod file candidate /workspaces/papas-con-mayo/servidor_minecraft/mods/From-The-Fog-1.20-v1.9.2-Forge-Fabric.jar
[16Apr2026 02:26:07.916] [main/DEBUG] [net.minecraftforge.fml.loading.moddiscovery.ModFileInfo/LOADING]: Found valid mod file From-The-Fog-1.20-v1.9.2-Forge-Fabric.jar with {watching} mods - versions {1.9.2}
[16Apr2026 02:26:07.916] [main/DEBUG] [net.minecraftforge.fml.loading.moddiscovery.ModFile/LOADING]: Loading mod file /workspaces/papas-con-mayo/servidor_minecraft/mods/From-The-Fog-1.20-v1.9.2-Forge-Fabric.jar with languages [LanguageSpec[languageName=javafml, acceptedVersions=[40,)]]
[16Apr2026 02:26:07.916] [main/DEBUG] [net.minecraftforge.fml.loading.moddiscovery.ModFileParser/LOADING]: Considering mod file candidate /workspaces/papas-con-mayo/servidor_minecraft/mods/mcw-mcwfences-1.2.1-mc1.20.1forge.jar
[16Apr2026 02:26:07.917] [main/DEBUG] [net.minecraftforge.fml.loading.moddiscovery.ModFileInfo/LOADING]: Found valid mod file mcw-mcwfences-1.2.1-mc1.20.1forge.jar with {mcwfences} mods - versions {1.2.1}
[16Apr2026 02:26:07.917] [main/DEBUG] [net.minecraftforge.fml.loading.moddiscovery.ModFile/LOADING]: Loading mod file /workspaces/papas-con-mayo/servidor_minecraft/mods/mcw-mcwfences-1.2.1-mc1.20.1forge.jar with languages [LanguageSpec[languageName=javafml, acceptedVersions=[28,)]]
[16Apr2026 02:26:07.917] [main/DEBUG] [net.minecraftforge.fml.loading.moddiscovery.ModFileParser/LOADING]: Considering mod file candidate /workspaces/papas-con-mayo/servidor_minecraft/mods/Platform-forge-1.20.1-1.3.2.jar
[16Apr2026 02:26:07.917] [main/DEBUG] [net.minecraftforge.fml.loading.moddiscovery.ModFileInfo/LOADING]: Found valid mod file Platform-forge-1.20.1-1.3.2.jar with {platform} mods - versions {1.3.2}
[16Apr2026 02:26:07.917] [main/DEBUG] [net.minecraftforge.fml.loading.moddiscovery.ModFile/LOADING]: Loading mod file /workspaces/papas-con-mayo/servidor_minecraft/mods/Platform-forge-1.20.1-1.3.2.jar with languages [LanguageSpec[languageName=javafml, acceptedVersions=[39,)]]
[16Apr2026 02:26:07.917] [main/DEBUG] [net.minecraftforge.fml.loading.moddiscovery.ModFileParser/LOADING]: Considering mod file candidate /workspaces/papas-con-mayo/servidor_minecraft/mods/VanillaBackport-forge-1.20.1-1.1.6.3.jar
[16Apr2026 02:26:07.918] [main/DEBUG] [net.minecraftforge.fml.loading.moddiscovery.ModFileInfo/LOADING]: Found valid mod file VanillaBackport-forge-1.20.1-1.1.6.3.jar with {vanillabackport} mods - versions {1.1.6.3}
[16Apr2026 02:26:07.918] [main/DEBUG] [net.minecraftforge.fml.loading.moddiscovery.ModFile/LOADING]: Loading mod file /workspaces/papas-con-mayo/servidor_minecraft/mods/VanillaBackport-forge-1.20.1-1.1.6.3.jar with languages [LanguageSpec[languageName=javafml, acceptedVersions=[47,)]]
[16Apr2026 02:26:07.918] [main/DEBUG] [net.minecraftforge.fml.loading.moddiscovery.ModFileParser/LOADING]: Considering mod file candidate /workspaces/papas-con-mayo/servidor_minecraft/mods/Ksyxis-1.3.4.jar
[16Apr2026 02:26:07.918] [main/DEBUG] [net.minecraftforge.fml.loading.moddiscovery.ModFileInfo/LOADING]: Found valid mod file Ksyxis-1.3.4.jar with {ksyxis} mods - versions {1.3.4}
[16Apr2026 02:26:07.918] [main/DEBUG] [net.minecraftforge.fml.loading.moddiscovery.ModFile/LOADING]: Loading mod file /workspaces/papas-con-mayo/servidor_minecraft/mods/Ksyxis-1.3.4.jar with languages [LanguageSpec[languageName=javafml, acceptedVersions=*]]
[16Apr2026 02:26:07.918] [main/DEBUG] [net.minecraftforge.fml.loading.moddiscovery.ModFileParser/LOADING]: Considering mod file candidate /workspaces/papas-con-mayo/servidor_minecraft/mods/resourcefulconfig-forge-1.20.1-2.1.3.jar
[16Apr2026 02:26:07.919] [main/DEBUG] [net.minecraftforge.fml.loading.moddiscovery.ModFileInfo/LOADING]: Found valid mod file resourcefulconfig-forge-1.20.1-2.1.3.jar with {resourcefulconfig} mods - versions {2.1.3}
[16Apr2026 02:26:07.919] [main/DEBUG] [net.minecraftforge.fml.loading.moddiscovery.ModFile/LOADING]: Loading mod file /workspaces/papas-con-mayo/servidor_minecraft/mods/resourcefulconfig-forge-1.20.1-2.1.3.jar with languages [LanguageSpec[languageName=javafml, acceptedVersions=[46,)]]
[16Apr2026 02:26:07.919] [main/DEBUG] [net.minecraftforge.fml.loading.moddiscovery.ModFileParser/LOADING]: Considering mod file candidate /workspaces/papas-con-mayo/servidor_minecraft/mods/lionfishapi-2.4.jar
[16Apr2026 02:26:07.919] [main/DEBUG] [net.minecraftforge.fml.loading.moddiscovery.ModFileInfo/LOADING]: Found valid mod file lionfishapi-2.4.jar with {lionfishapi} mods - versions {2.4}
[16Apr2026 02:26:07.920] [main/DEBUG] [net.minecraftforge.fml.loading.moddiscovery.ModFile/LOADING]: Loading mod file /workspaces/papas-con-mayo/servidor_minecraft/mods/lionfishapi-2.4.jar with languages [LanguageSpec[languageName=javafml, acceptedVersions=[47,)]]
[16Apr2026 02:26:07.920] [main/DEBUG] [net.minecraftforge.fml.loading.moddiscovery.ModFileParser/LOADING]: Considering mod file candidate /workspaces/papas-con-mayo/servidor_minecraft/mods/1.20.1-Forge-sarosessentialsmod-1.0.1.jar
[16Apr2026 02:26:07.920] [main/DEBUG] [net.minecraftforge.fml.loading.moddiscovery.ModFileInfo/LOADING]: Found valid mod file 1.20.1-Forge-sarosessentialsmod-1.0.1.jar with {sarosessentialsmod} mods - versions {0.5}
[16Apr2026 02:26:07.920] [main/DEBUG] [net.minecraftforge.fml.loading.moddiscovery.ModFile/LOADING]: Loading mod file /workspaces/papas-con-mayo/servidor_minecraft/mods/1.20.1-Forge-sarosessentialsmod-1.0.1.jar with languages [LanguageSpec[languageName=javafml, acceptedVersions=[47,)]]
[16Apr2026 02:26:07.920] [main/DEBUG] [net.minecraftforge.fml.loading.moddiscovery.ModFileParser/LOADING]: Considering mod file candidate /workspaces/papas-con-mayo/servidor_minecraft/mods/mysticaloaktree-1.20-1.11.jar
[16Apr2026 02:26:07.921] [main/DEBUG] [net.minecraftforge.fml.loading.moddiscovery.ModFileInfo/LOADING]: Found valid mod file mysticaloaktree-1.20-1.11.jar with {mysticaloaktree} mods - versions {1.20-1.11}
[16Apr2026 02:26:07.921] [main/DEBUG] [net.minecraftforge.fml.loading.moddiscovery.ModFile/LOADING]: Loading mod file /workspaces/papas-con-mayo/servidor_minecraft/mods/mysticaloaktree-1.20-1.11.jar with languages [LanguageSpec[languageName=javafml, acceptedVersions=[40,)]]
[16Apr2026 02:26:07.921] [main/DEBUG] [net.minecraftforge.fml.loading.moddiscovery.ModFileParser/LOADING]: Considering mod file candidate /workspaces/papas-con-mayo/servidor_minecraft/mods/spark-1.10.53-forge.jar
[16Apr2026 02:26:07.921] [main/DEBUG] [net.minecraftforge.fml.loading.moddiscovery.ModFileInfo/LOADING]: Found valid mod file spark-1.10.53-forge.jar with {spark} mods - versions {1.10.53}
[16Apr2026 02:26:07.921] [main/DEBUG] [net.minecraftforge.fml.loading.moddiscovery.ModFile/LOADING]: Loading mod file /workspaces/papas-con-mayo/servidor_minecraft/mods/spark-1.10.53-forge.jar with languages [LanguageSpec[languageName=javafml, acceptedVersions=[34,)]]
[16Apr2026 02:26:07.921] [main/DEBUG] [net.minecraftforge.fml.loading.moddiscovery.ModFileParser/LOADING]: Considering mod file candidate /workspaces/papas-con-mayo/servidor_minecraft/mods/curios-forge-5.14.1+1.20.1.jar
[16Apr2026 02:26:07.922] [main/DEBUG] [net.minecraftforge.fml.loading.moddiscovery.ModFileInfo/LOADING]: Found valid mod file curios-forge-5.14.1+1.20.1.jar with {curios} mods - versions {5.14.1+1.20.1}
[16Apr2026 02:26:07.922] [main/DEBUG] [net.minecraftforge.fml.loading.moddiscovery.ModFile/LOADING]: Loading mod file /workspaces/papas-con-mayo/servidor_minecraft/mods/curios-forge-5.14.1+1.20.1.jar with languages [LanguageSpec[languageName=javafml, acceptedVersions=[41,)]]
[16Apr2026 02:26:07.922] [main/DEBUG] [net.minecraftforge.fml.loading.moddiscovery.ModFileParser/LOADING]: Considering mod file candidate /workspaces/papas-con-mayo/servidor_minecraft/mods/L_Enders_Cataclysm-3.27.jar
[16Apr2026 02:26:07.923] [main/DEBUG] [net.minecraftforge.fml.loading.moddiscovery.ModFileInfo/LOADING]: Found valid mod file L_Enders_Cataclysm-3.27.jar with {cataclysm} mods - versions {3.27}
[16Apr2026 02:26:07.923] [main/DEBUG] [net.minecraftforge.fml.loading.moddiscovery.ModFile/LOADING]: Loading mod file /workspaces/papas-con-mayo/servidor_minecraft/mods/L_Enders_Cataclysm-3.27.jar with languages [LanguageSpec[languageName=javafml, acceptedVersions=[47,)]]
[16Apr2026 02:26:07.923] [main/DEBUG] [net.minecraftforge.fml.loading.moddiscovery.ModFileParser/LOADING]: Considering mod file candidate /workspaces/papas-con-mayo/servidor_minecraft/mods/xaerominimap-forge-1.20.1-25.3.10.jar
[16Apr2026 02:26:07.923] [main/DEBUG] [net.minecraftforge.fml.loading.moddiscovery.ModFileInfo/LOADING]: Found valid mod file xaerominimap-forge-1.20.1-25.3.10.jar with {xaerominimap} mods - versions {25.3.10}
[16Apr2026 02:26:07.923] [main/DEBUG] [net.minecraftforge.fml.loading.moddiscovery.ModFile/LOADING]: Loading mod file /workspaces/papas-con-mayo/servidor_minecraft/mods/xaerominimap-forge-1.20.1-25.3.10.jar with languages [LanguageSpec[languageName=javafml, acceptedVersions=[46,48)]]
[16Apr2026 02:26:07.924] [main/DEBUG] [net.minecraftforge.fml.loading.moddiscovery.ModFileParser/LOADING]: Found coremod xaerohud_core with Javascript path META-INF/xaerohud_core.js
[16Apr2026 02:26:07.924] [main/DEBUG] [net.minecraftforge.fml.loading.moddiscovery.ModFile/LOADING]: Found coremod META-INF/xaerohud_core.js
[16Apr2026 02:26:07.924] [main/DEBUG] [net.minecraftforge.fml.loading.moddiscovery.ModFileParser/LOADING]: Considering mod file candidate /workspaces/papas-con-mayo/servidor_minecraft/mods/ApothicAttributes-1.20.1-1.3.7.jar
[16Apr2026 02:26:07.924] [main/DEBUG] [net.minecraftforge.fml.loading.moddiscovery.ModFileInfo/LOADING]: Found valid mod file ApothicAttributes-1.20.1-1.3.7.jar with {attributeslib} mods - versions {1.3.7}
[16Apr2026 02:26:07.924] [main/DEBUG] [net.minecraftforge.fml.loading.moddiscovery.ModFile/LOADING]: Loading mod file /workspaces/papas-con-mayo/servidor_minecraft/mods/ApothicAttributes-1.20.1-1.3.7.jar with languages [LanguageSpec[languageName=javafml, acceptedVersions=[32,)]]
[16Apr2026 02:26:07.925] [main/DEBUG] [net.minecraftforge.fml.loading.moddiscovery.ModFileParser/LOADING]: Found coremod attributeslib_potion_gui_tooltips with Javascript path coremods/potion_gui_tooltips.js
[16Apr2026 02:26:07.925] [main/DEBUG] [net.minecraftforge.fml.loading.moddiscovery.ModFile/LOADING]: Found coremod coremods/potion_gui_tooltips.js
[16Apr2026 02:26:07.925] [main/DEBUG] [net.minecraftforge.fml.loading.moddiscovery.ModFileParser/LOADING]: Considering mod file candidate /workspaces/papas-con-mayo/servidor_minecraft/mods/immersive_paintings-0.6.11+1.20.1-forge.jar
[16Apr2026 02:26:07.925] [main/DEBUG] [net.minecraftforge.fml.loading.moddiscovery.ModFileInfo/LOADING]: Found valid mod file immersive_paintings-0.6.11+1.20.1-forge.jar with {immersive_paintings} mods - versions {0.6.11+1.20.1}
[16Apr2026 02:26:07.925] [main/DEBUG] [net.minecraftforge.fml.loading.moddiscovery.ModFile/LOADING]: Loading mod file /workspaces/papas-con-mayo/servidor_minecraft/mods/immersive_paintings-0.6.11+1.20.1-forge.jar with languages [LanguageSpec[languageName=javafml, acceptedVersions=[47,)]]
[16Apr2026 02:26:07.926] [main/DEBUG] [net.minecraftforge.fml.loading.moddiscovery.ModFileParser/LOADING]: Considering mod file candidate /workspaces/papas-con-mayo/servidor_minecraft/mods/resourcefullib-forge-1.20.1-2.1.29.jar
[16Apr2026 02:26:07.926] [main/DEBUG] [net.minecraftforge.fml.loading.moddiscovery.ModFileInfo/LOADING]: Found valid mod file resourcefullib-forge-1.20.1-2.1.29.jar with {resourcefullib} mods - versions {2.1.29}
[16Apr2026 02:26:07.926] [main/DEBUG] [net.minecraftforge.fml.loading.moddiscovery.ModFile/LOADING]: Loading mod file /workspaces/papas-con-mayo/servidor_minecraft/mods/resourcefullib-forge-1.20.1-2.1.29.jar with languages [LanguageSpec[languageName=javafml, acceptedVersions=[46,)]]
[16Apr2026 02:26:07.926] [main/DEBUG] [net.minecraftforge.fml.loading.moddiscovery.ModFileParser/LOADING]: Considering mod file candidate 
[16Apr2026 02:26:07.927] [main/DEBUG] [net.minecraftforge.fml.loading.moddiscovery.ModFileInfo/LOADING]: Found valid mod file cumulus_menus-1.20.1-1.0.1-neoforge.jar with {cumulus_menus} mods - versions {1.20.1-1.0.1-neoforge}
[16Apr2026 02:26:07.927] [main/DEBUG] [net.minecraftforge.fml.loading.moddiscovery.ModFile/LOADING]: Loading mod file  with languages [LanguageSpec[languageName=javafml, acceptedVersions=[47,)]]
[16Apr2026 02:26:07.927] [main/DEBUG] [net.minecraftforge.fml.loading.moddiscovery.ModFileParser/LOADING]: Considering mod file candidate /workspaces/papas-con-mayo/servidor_minecraft/mods/coroutil-forge-1.20.1-1.3.7.jar
[16Apr2026 02:26:07.927] [main/DEBUG] [net.minecraftforge.fml.loading.moddiscovery.ModFileInfo/LOADING]: Found valid mod file coroutil-forge-1.20.1-1.3.7.jar with {coroutil} mods - versions {1.20.1-1.3.7}
[16Apr2026 02:26:07.927] [main/DEBUG] [net.minecraftforge.fml.loading.moddiscovery.ModFile/LOADING]: Loading mod file /workspaces/papas-con-mayo/servidor_minecraft/mods/coroutil-forge-1.20.1-1.3.7.jar with languages [LanguageSpec[languageName=javafml, acceptedVersions=[47,)]]
[16Apr2026 02:26:07.927] [main/DEBUG] [net.minecraftforge.fml.loading.moddiscovery.ModFileParser/LOADING]: Considering mod file candidate /workspaces/papas-con-mayo/servidor_minecraft/mods/ImmediatelyFast-Forge-1.5.4+1.20.4.jar
[16Apr2026 02:26:07.928] [main/DEBUG] [net.minecraftforge.fml.loading.moddiscovery.ModFileInfo/LOADING]: Found valid mod file ImmediatelyFast-Forge-1.5.4+1.20.4.jar with {immediatelyfast} mods - versions {1.5.4+1.20.4}
[16Apr2026 02:26:07.928] [main/DEBUG] [net.minecraftforge.fml.loading.moddiscovery.ModFile/LOADING]: Loading mod file /workspaces/papas-con-mayo/servidor_minecraft/mods/ImmediatelyFast-Forge-1.5.4+1.20.4.jar with languages [LanguageSpec[languageName=javafml, acceptedVersions=[46,)]]
[16Apr2026 02:26:07.928] [main/DEBUG] [net.minecraftforge.fml.loading.moddiscovery.ModFileParser/LOADING]: Considering mod file candidate /workspaces/papas-con-mayo/servidor_minecraft/mods/mcw-roofs-2.3.2-mc1.20.1forge.jar
[16Apr2026 02:26:07.928] [main/DEBUG] [net.minecraftforge.fml.loading.moddiscovery.ModFileInfo/LOADING]: Found valid mod file mcw-roofs-2.3.2-mc1.20.1forge.jar with {mcwroofs} mods - versions {2.3.2}
[16Apr2026 02:26:07.928] [main/DEBUG] [net.minecraftforge.fml.loading.moddiscovery.ModFile/LOADING]: Loading mod file /workspaces/papas-con-mayo/servidor_minecraft/mods/mcw-roofs-2.3.2-mc1.20.1forge.jar with languages [LanguageSpec[languageName=javafml, acceptedVersions=[28,)]]
[16Apr2026 02:26:07.928] [main/DEBUG] [net.minecraftforge.fml.loading.moddiscovery.ModFileParser/LOADING]: Considering mod file candidate /workspaces/papas-con-mayo/servidor_minecraft/mods/architectury-9.2.14-forge.jar
[16Apr2026 02:26:07.929] [main/DEBUG] [net.minecraftforge.fml.loading.moddiscovery.ModFileInfo/LOADING]: Found valid mod file architectury-9.2.14-forge.jar with {architectury} mods - versions {9.2.14}
[16Apr2026 02:26:07.929] [main/DEBUG] [net.minecraftforge.fml.loading.moddiscovery.ModFile/LOADING]: Loading mod file /workspaces/papas-con-mayo/servidor_minecraft/mods/architectury-9.2.14-forge.jar with languages [LanguageSpec[languageName=javafml, acceptedVersions=[46,)]]
[16Apr2026 02:26:07.929] [main/DEBUG] [net.minecraftforge.fml.loading.moddiscovery.ModFileParser/LOADING]: Considering mod file candidate /workspaces/papas-con-mayo/servidor_minecraft/mods/creeperoverhaul-3.0.2-forge.jar
[16Apr2026 02:26:07.929] [main/DEBUG] [net.minecraftforge.fml.loading.moddiscovery.ModFileInfo/LOADING]: Found valid mod file creeperoverhaul-3.0.2-forge.jar with {creeperoverhaul} mods - versions {3.0.2}
[16Apr2026 02:26:07.929] [main/DEBUG] [net.minecraftforge.fml.loading.moddiscovery.ModFile/LOADING]: Loading mod file /workspaces/papas-con-mayo/servidor_minecraft/mods/creeperoverhaul-3.0.2-forge.jar with languages [LanguageSpec[languageName=javafml, acceptedVersions=[46,)]]
[16Apr2026 02:26:07.930] [main/DEBUG] [net.minecraftforge.fml.loading.moddiscovery.ModFileParser/LOADING]: Considering mod file candidate /workspaces/papas-con-mayo/servidor_minecraft/mods/ferritecore-6.0.1-forge.jar
[16Apr2026 02:26:07.930] [main/DEBUG] [net.minecraftforge.fml.loading.moddiscovery.ModFileInfo/LOADING]: Found valid mod file ferritecore-6.0.1-forge.jar with {ferritecore} mods - versions {6.0.1}
[16Apr2026 02:26:07.930] [main/DEBUG] [net.minecraftforge.fml.loading.moddiscovery.ModFile/LOADING]: Loading mod file /workspaces/papas-con-mayo/servidor_minecraft/mods/ferritecore-6.0.1-forge.jar with languages [LanguageSpec[languageName=javafml, acceptedVersions=[28,)]]
[16Apr2026 02:26:07.930] [main/DEBUG] [net.minecraftforge.fml.loading.moddiscovery.ModFileParser/LOADING]: Considering mod file candidate /workspaces/papas-con-mayo/servidor_minecraft/mods/lootr-forge-1.20-0.7.35.94.jar
[16Apr2026 02:26:07.931] [main/DEBUG] [net.minecraftforge.fml.loading.moddiscovery.ModFileInfo/LOADING]: Found valid mod file lootr-forge-1.20-0.7.35.94.jar with {lootr} mods - versions {0.7.35.94}
[16Apr2026 02:26:07.931] [main/DEBUG] [net.minecraftforge.fml.loading.moddiscovery.ModFile/LOADING]: Loading mod file /workspaces/papas-con-mayo/servidor_minecraft/mods/lootr-forge-1.20-0.7.35.94.jar with languages [LanguageSpec[languageName=javafml, acceptedVersions=[44,)]]
[16Apr2026 02:26:07.931] [main/DEBUG] [net.minecraftforge.fml.loading.moddiscovery.ModFileParser/LOADING]: Considering mod file candidate /workspaces/papas-con-mayo/servidor_minecraft/mods/PuzzlesLib-v8.1.33-1.20.1-Forge.jar
[16Apr2026 02:26:07.931] [main/DEBUG] [net.minecraftforge.fml.loading.moddiscovery.ModFileInfo/LOADING]: Found valid mod file PuzzlesLib-v8.1.33-1.20.1-Forge.jar with {puzzleslib} mods - versions {8.1.33}
[16Apr2026 02:26:07.931] [main/DEBUG] [net.minecraftforge.fml.loading.moddiscovery.ModFile/LOADING]: Loading mod file /workspaces/papas-con-mayo/servidor_minecraft/mods/PuzzlesLib-v8.1.33-1.20.1-Forge.jar with languages [LanguageSpec[languageName=javafml, acceptedVersions=[47,)]]
[16Apr2026 02:26:07.931] [main/DEBUG] [net.minecraftforge.fml.loading.moddiscovery.ModFileParser/LOADING]: Considering mod file candidate 
[16Apr2026 02:26:07.932] [main/DEBUG] [net.minecraftforge.fml.loading.moddiscovery.ModFileInfo/LOADING]: Found valid mod file nitrogen_internals-1.20.1-1.0.12-neoforge.jar with {nitrogen_internals} mods - versions {1.20.1-1.0.12-neoforge}
[16Apr2026 02:26:07.932] [main/DEBUG] [net.minecraftforge.fml.loading.moddiscovery.ModFile/LOADING]: Loading mod file  with languages [LanguageSpec[languageName=javafml, acceptedVersions=[47,)]]
[16Apr2026 02:26:07.932] [main/DEBUG] [net.minecraftforge.fml.loading.moddiscovery.ModFileParser/LOADING]: Considering mod file candidate /workspaces/papas-con-mayo/servidor_minecraft/mods/moogs_structure_lib-1.1.0-1.20-1.20.4-forge.jar
[16Apr2026 02:26:07.932] [main/DEBUG] [net.minecraftforge.fml.loading.moddiscovery.ModFileInfo/LOADING]: Found valid mod file moogs_structure_lib-1.1.0-1.20-1.20.4-forge.jar with {moogs_structures} mods - versions {1.1.0-1.20-1.20.4}
[16Apr2026 02:26:07.933] [main/DEBUG] [net.minecraftforge.fml.loading.moddiscovery.ModFile/LOADING]: Loading mod file /workspaces/papas-con-mayo/servidor_minecraft/mods/moogs_structure_lib-1.1.0-1.20-1.20.4-forge.jar with languages [LanguageSpec[languageName=javafml, acceptedVersions=[46,)]]
[16Apr2026 02:26:07.933] [main/DEBUG] [net.minecraftforge.fml.loading.moddiscovery.ModFileParser/LOADING]: Considering mod file candidate /workspaces/papas-con-mayo/servidor_minecraft/mods/FallingTree-1.20.1-4.3.4.jar
[16Apr2026 02:26:07.933] [main/DEBUG] [net.minecraftforge.fml.loading.moddiscovery.ModFileInfo/LOADING]: Found valid mod file FallingTree-1.20.1-4.3.4.jar with {fallingtree} mods - versions {4.3.4}
[16Apr2026 02:26:07.933] [main/DEBUG] [net.minecraftforge.fml.loading.moddiscovery.ModFile/LOADING]: Loading mod file /workspaces/papas-con-mayo/servidor_minecraft/mods/FallingTree-1.20.1-4.3.4.jar with languages [LanguageSpec[languageName=javafml, acceptedVersions=[47,)]]
[16Apr2026 02:26:07.933] [main/DEBUG] [net.minecraftforge.fml.loading.moddiscovery.ModFileParser/LOADING]: Considering mod file candidate /workspaces/papas-con-mayo/servidor_minecraft/mods/MoogsNetherStructures-1.20-2.0.2.jar
[16Apr2026 02:26:07.934] [main/DEBUG] [net.minecraftforge.fml.loading.moddiscovery.ModFileInfo/LOADING]: Found valid mod file MoogsNetherStructures-1.20-2.0.2.jar with {mns} mods - versions {2.0.2}
[16Apr2026 02:26:07.934] [main/DEBUG] [net.minecraftforge.fml.loading.moddiscovery.ModFile/LOADING]: Loading mod file /workspaces/papas-con-mayo/servidor_minecraft/mods/MoogsNetherStructures-1.20-2.0.2.jar with languages [LanguageSpec[languageName=lowcodefml, acceptedVersions=[40,)]]
[16Apr2026 02:26:07.934] [main/DEBUG] [net.minecraftforge.fml.loading.moddiscovery.ModFileParser/LOADING]: Considering mod file candidate /workspaces/papas-con-mayo/servidor_minecraft/mods/immersive_melodies-0.6.0+1.20.1-forge.jar
[16Apr2026 02:26:07.934] [main/DEBUG] [net.minecraftforge.fml.loading.moddiscovery.ModFileInfo/LOADING]: Found valid mod file immersive_melodies-0.6.0+1.20.1-forge.jar with {immersive_melodies} mods - versions {0.6.0+1.20.1}
[16Apr2026 02:26:07.934] [main/DEBUG] [net.minecraftforge.fml.loading.moddiscovery.ModFile/LOADING]: Loading mod file /workspaces/papas-con-mayo/servidor_minecraft/mods/immersive_melodies-0.6.0+1.20.1-forge.jar with languages [LanguageSpec[languageName=javafml, acceptedVersions=[35,)]]
[16Apr2026 02:26:07.934] [main/DEBUG] [net.minecraftforge.fml.loading.moddiscovery.ModFileParser/LOADING]: Considering mod file candidate 
[16Apr2026 02:26:07.935] [main/DEBUG] [net.minecraftforge.fml.loading.moddiscovery.ModFileInfo/LOADING]: Found valid mod file expandability-forge-9.0.4.jar with {expandability} mods - versions {9.0.4}
[16Apr2026 02:26:07.935] [main/DEBUG] [net.minecraftforge.fml.loading.moddiscovery.ModFile/LOADING]: Loading mod file  with languages [LanguageSpec[languageName=javafml, acceptedVersions=[46,)]]
[16Apr2026 02:26:07.935] [main/DEBUG] [net.minecraftforge.fml.loading.moddiscovery.ModFileParser/LOADING]: Considering mod file candidate /workspaces/papas-con-mayo/servidor_minecraft/mods/YungsBetterMineshafts-1.20-Forge-4.0.4.jar
[16Apr2026 02:26:07.935] [main/DEBUG] [net.minecraftforge.fml.loading.moddiscovery.ModFileInfo/LOADING]: Found valid mod file YungsBetterMineshafts-1.20-Forge-4.0.4.jar with {bettermineshafts} mods - versions {1.20-Forge-4.0.4}
[16Apr2026 02:26:07.936] [main/DEBUG] [net.minecraftforge.fml.loading.moddiscovery.ModFile/LOADING]: Loading mod file /workspaces/papas-con-mayo/servidor_minecraft/mods/YungsBetterMineshafts-1.20-Forge-4.0.4.jar with languages [LanguageSpec[languageName=javafml, acceptedVersions=[46,)]]
[16Apr2026 02:26:07.936] [main/DEBUG] [net.minecraftforge.fml.loading.moddiscovery.ModFileParser/LOADING]: Considering mod file candidate /workspaces/papas-con-mayo/servidor_minecraft/mods/EnchantingInfuser-v8.0.3-1.20.1-Forge.jar
[16Apr2026 02:26:07.936] [main/DEBUG] [net.minecraftforge.fml.loading.moddiscovery.ModFileInfo/LOADING]: Found valid mod file EnchantingInfuser-v8.0.3-1.20.1-Forge.jar with {enchantinginfuser} mods - versions {8.0.3}
[16Apr2026 02:26:07.936] [main/DEBUG] [net.minecraftforge.fml.loading.moddiscovery.ModFile/LOADING]: Loading mod file /workspaces/papas-con-mayo/servidor_minecraft/mods/EnchantingInfuser-v8.0.3-1.20.1-Forge.jar with languages [LanguageSpec[languageName=javafml, acceptedVersions=[47,)]]
[16Apr2026 02:26:07.936] [main/DEBUG] [net.minecraftforge.fml.loading.moddiscovery.ModFileParser/LOADING]: Considering mod file candidate /workspaces/papas-con-mayo/servidor_minecraft/mods/skinrestorer-2.7.0+1.20-forge.jar
[16Apr2026 02:26:07.937] [main/DEBUG] [net.minecraftforge.fml.loading.moddiscovery.ModFileInfo/LOADING]: Found valid mod file skinrestorer-2.7.0+1.20-forge.jar with {skinrestorer} mods - versions {2.7.0+1.20-forge}
[16Apr2026 02:26:07.937] [main/DEBUG] [net.minecraftforge.fml.loading.moddiscovery.ModFile/LOADING]: Loading mod file /workspaces/papas-con-mayo/servidor_minecraft/mods/skinrestorer-2.7.0+1.20-forge.jar with languages [LanguageSpec[languageName=javafml, acceptedVersions=[46,)]]
[16Apr2026 02:26:07.937] [main/DEBUG] [net.minecraftforge.fml.loading.moddiscovery.ModFileParser/LOADING]: Considering mod file candidate /workspaces/papas-con-mayo/servidor_minecraft/mods/trek-B0.6.1.1.jar
[16Apr2026 02:26:07.937] [main/DEBUG] [net.minecraftforge.fml.loading.moddiscovery.ModFileInfo/LOADING]: Found valid mod file trek-B0.6.1.1.jar with {mr_trek} mods - versions {1-B0.6.1.1}
[16Apr2026 02:26:07.937] [main/DEBUG] [net.minecraftforge.fml.loading.moddiscovery.ModFile/LOADING]: Loading mod file /workspaces/papas-con-mayo/servidor_minecraft/mods/trek-B0.6.1.1.jar with languages [LanguageSpec[languageName=lowcodefml, acceptedVersions=[40,)]]
[16Apr2026 02:26:07.938] [main/DEBUG] [net.minecraftforge.fml.loading.moddiscovery.ModFileParser/LOADING]: Considering mod file candidate /workspaces/papas-con-mayo/servidor_minecraft/mods/YungsBetterJungleTemples-1.20-Forge-2.0.5.jar
[16Apr2026 02:26:07.938] [main/DEBUG] [net.minecraftforge.fml.loading.moddiscovery.ModFileInfo/LOADING]: Found valid mod file YungsBetterJungleTemples-1.20-Forge-2.0.5.jar with {betterjungletemples} mods - versions {1.20-Forge-2.0.5}
[16Apr2026 02:26:07.938] [main/DEBUG] [net.minecraftforge.fml.loading.moddiscovery.ModFile/LOADING]: Loading mod file /workspaces/papas-con-mayo/servidor_minecraft/mods/YungsBetterJungleTemples-1.20-Forge-2.0.5.jar with languages [LanguageSpec[languageName=javafml, acceptedVersions=[46,)]]
[16Apr2026 02:26:07.938] [main/DEBUG] [net.minecraftforge.fml.loading.moddiscovery.ModFile/LOADING]: Loading mod file  with languages []
[16Apr2026 02:26:07.938] [main/DEBUG] [net.minecraftforge.fml.loading.moddiscovery.ModFile/LOADING]: Loading mod file  with languages []
[16Apr2026 02:26:07.938] [main/DEBUG] [net.minecraftforge.fml.loading.moddiscovery.ModFile/LOADING]: Loading mod file  with languages []
[16Apr2026 02:26:07.939] [main/DEBUG] [net.minecraftforge.fml.loading.moddiscovery.ModFile/LOADING]: Loading mod file  with languages []
[16Apr2026 02:26:07.939] [main/DEBUG] [net.minecraftforge.fml.loading.moddiscovery.ModFile/LOADING]: Loading mod file  with languages []
[16Apr2026 02:26:07.939] [main/DEBUG] [net.minecraftforge.fml.loading.moddiscovery.ModFile/LOADING]: Loading mod file  with languages []
[16Apr2026 02:26:07.939] [main/DEBUG] [net.minecraftforge.fml.loading.moddiscovery.ModFileParser/LOADING]: Considering mod file candidate 
[16Apr2026 02:26:07.939] [main/DEBUG] [net.minecraftforge.fml.loading.moddiscovery.ModFileInfo/LOADING]: Found valid mod file mixinsquared-forge-0.1.1.jar with {mixinsquared} mods - versions {0.1.1}
[16Apr2026 02:26:07.940] [main/DEBUG] [net.minecraftforge.fml.loading.moddiscovery.ModFile/LOADING]: Loading mod file  with languages [LanguageSpec[languageName=javafml, acceptedVersions=*]]
[16Apr2026 02:26:07.940] [main/DEBUG] [net.minecraftforge.fml.loading.moddiscovery.ModFile/LOADING]: Loading mod file  with languages []
[16Apr2026 02:26:07.940] [main/DEBUG] [net.minecraftforge.fml.loading.moddiscovery.ModFile/LOADING]: Loading mod file  with languages []
[16Apr2026 02:26:07.940] [main/DEBUG] [net.minecraftforge.fml.loading.moddiscovery.ModFile/LOADING]: Loading mod file  with languages []
[16Apr2026 02:26:07.940] [main/DEBUG] [net.minecraftforge.fml.loading.moddiscovery.ModFile/LOADING]: Loading mod file  with languages []
[16Apr2026 02:26:07.940] [main/DEBUG] [net.minecraftforge.fml.loading.moddiscovery.ModFile/LOADING]: Loading mod file  with languages []
[16Apr2026 02:26:07.940] [main/DEBUG] [net.minecraftforge.fml.loading.moddiscovery.ModFile/LOADING]: Loading mod file  with languages []
[16Apr2026 02:26:07.940] [main/DEBUG] [net.minecraftforge.fml.loading.moddiscovery.ModFile/LOADING]: Loading mod file  with languages []
[16Apr2026 02:26:07.941] [main/DEBUG] [net.minecraftforge.fml.loading.moddiscovery.ModFile/LOADING]: Loading mod file  with languages []
[16Apr2026 02:26:07.941] [main/DEBUG] [net.minecraftforge.fml.loading.moddiscovery.ModFile/LOADING]: Loading mod file  with languages []
[16Apr2026 02:26:07.941] [main/DEBUG] [net.minecraftforge.fml.loading.moddiscovery.ModFileParser/LOADING]: Considering mod file candidate 
[16Apr2026 02:26:07.941] [main/DEBUG] [net.minecraftforge.fml.loading.moddiscovery.ModFileInfo/LOADING]: Found valid mod file mixinsquared-forge-0.1.1.jar with {mixinsquared} mods - versions {0.1.1}
[16Apr2026 02:26:07.941] [main/DEBUG] [net.minecraftforge.fml.loading.moddiscovery.ModFile/LOADING]: Loading mod file  with languages [LanguageSpec[languageName=javafml, acceptedVersions=*]]
[16Apr2026 02:26:07.941] [main/DEBUG] [net.minecraftforge.fml.loading.moddiscovery.ModFile/LOADING]: Loading mod file  with languages []
[16Apr2026 02:26:07.941] [main/DEBUG] [net.minecraftforge.fml.loading.moddiscovery.ModFile/LOADING]: Loading mod file  with languages []
[16Apr2026 02:26:07.941] [main/DEBUG] [net.minecraftforge.fml.loading.moddiscovery.ModFile/LOADING]: Loading mod file  with languages []
[16Apr2026 02:26:07.942] [main/DEBUG] [cpw.mods.modlauncher.TransformationServiceDecorator/MODLAUNCHER]: End scan trigger - transformation service fml
[16Apr2026 02:26:07.953] [main/DEBUG] [net.minecraftforge.fml.loading.LanguageLoadingProvider/CORE]: Found 3 language providers
[16Apr2026 02:26:07.953] [main/DEBUG] [net.minecraftforge.fml.loading.LanguageLoadingProvider/CORE]: Found language provider minecraft, version 1.0
[16Apr2026 02:26:07.954] [main/DEBUG] [net.minecraftforge.fml.loading.LanguageLoadingProvider/CORE]: Found language provider lowcodefml, version 47
[16Apr2026 02:26:07.954] [main/DEBUG] [net.minecraftforge.fml.loading.LanguageLoadingProvider/CORE]: Found language provider javafml, version 47
[16Apr2026 02:26:07.959] [main/DEBUG] [net.minecraftforge.fml.loading.UniqueModListBuilder/]: Found 2 mods for first modid mclib, selecting most recent based on version data
[16Apr2026 02:26:07.959] [main/DEBUG] [net.minecraftforge.fml.loading.UniqueModListBuilder/]: Selected file mclib-20.jar for modid mclib with version 0.0NONE
[16Apr2026 02:26:07.959] [main/DEBUG] [net.minecraftforge.fml.loading.UniqueModListBuilder/]: Found 2 mods for first modid java.client.SNAPSHOT, selecting most recent based on version data
[16Apr2026 02:26:07.959] [main/DEBUG] [net.minecraftforge.fml.loading.UniqueModListBuilder/]: Selected file java-client-3.2.1-SNAPSHOT.jar for modid java.client.SNAPSHOT with version 0.0NONE
[16Apr2026 02:26:07.959] [main/DEBUG] [net.minecraftforge.fml.loading.UniqueModListBuilder/]: Found 2 mods for first modid mixinextras, selecting most recent based on version data
[16Apr2026 02:26:07.959] [main/DEBUG] [net.minecraftforge.fml.loading.UniqueModListBuilder/]: Selected file mixinextras-forge-0.5.3.jar for modid mixinextras with version 0.5.3
[16Apr2026 02:26:07.959] [main/DEBUG] [net.minecraftforge.fml.loading.UniqueModListBuilder/]: Found 2 mods for first modid bytecodecs, selecting most recent based on version data
[16Apr2026 02:26:07.959] [main/DEBUG] [net.minecraftforge.fml.loading.UniqueModListBuilder/]: Selected file bytecodecs-1.0.2.jar for modid bytecodecs with version 0.0NONE
[16Apr2026 02:26:07.959] [main/DEBUG] [net.minecraftforge.fml.loading.UniqueModListBuilder/]: Found 2 mods for first modid Reflect.curseforge, selecting most recent based on version data
[16Apr2026 02:26:07.959] [main/DEBUG] [net.minecraftforge.fml.loading.UniqueModListBuilder/]: Selected file Reflect-1.6.1+curseforge.jar for modid Reflect.curseforge with version 0.0NONE
[16Apr2026 02:26:07.959] [main/DEBUG] [net.minecraftforge.fml.loading.UniqueModListBuilder/]: Found 2 mods for first modid org.yaml.snakeyaml, selecting most recent based on version data
[16Apr2026 02:26:07.960] [main/DEBUG] [net.minecraftforge.fml.loading.UniqueModListBuilder/]: Selected file snakeyaml-2.2.jar for modid org.yaml.snakeyaml with version 0.0NONE
[16Apr2026 02:26:07.960] [main/DEBUG] [net.minecraftforge.fml.loading.UniqueModListBuilder/]: Found 2 mods for first modid mixinsquared, selecting most recent based on version data
[16Apr2026 02:26:07.960] [main/DEBUG] [net.minecraftforge.fml.loading.UniqueModListBuilder/]: Selected file mixinsquared-forge-0.1.1.jar for modid mixinsquared with version 0.1.1
[16Apr2026 02:26:07.960] [main/DEBUG] [net.minecraftforge.fml.loading.UniqueModListBuilder/]: Found 2 mods for first modid MixinSquared, selecting most recent based on version data
[16Apr2026 02:26:07.960] [main/DEBUG] [net.minecraftforge.fml.loading.UniqueModListBuilder/]: Selected file MixinSquared-0.1.1.jar for modid MixinSquared with version 0.0NONE
[16Apr2026 02:26:07.960] [main/DEBUG] [net.minecraftforge.fml.loading.UniqueModListBuilder/]: Found 2 mods for first modid yabn, selecting most recent based on version data
[16Apr2026 02:26:07.960] [main/DEBUG] [net.minecraftforge.fml.loading.UniqueModListBuilder/]: Selected file yabn-1.0.3.jar for modid yabn with version 0.0NONE
[16Apr2026 02:26:07.960] [main/DEBUG] [net.minecraftforge.fml.loading.UniqueModListBuilder/]: Found 2 mods for first modid MixinExtras, selecting most recent based on version data
[16Apr2026 02:26:07.960] [main/DEBUG] [net.minecraftforge.fml.loading.UniqueModListBuilder/]: Selected file MixinExtras-0.5.3.jar for modid MixinExtras with version 0.5.3
[16Apr2026 02:26:07.961] [main/DEBUG] [net.minecraftforge.fml.loading.ModSorter/]: Configured system mods: [minecraft, forge]
[16Apr2026 02:26:07.962] [main/DEBUG] [net.minecraftforge.fml.loading.ModSorter/]: Found system mod: minecraft
[16Apr2026 02:26:07.962] [main/DEBUG] [net.minecraftforge.fml.loading.ModSorter/]: Found system mod: forge
[16Apr2026 02:26:07.964] [main/DEBUG] [net.minecraftforge.fml.loading.ModSorter/LOADING]: Found 162 mod requirements (150 mandatory, 12 optional)
[16Apr2026 02:26:07.965] [main/DEBUG] [net.minecraftforge.fml.loading.ModSorter/LOADING]: Found 0 mod requirements missing (0 mandatory, 0 optional)
[16Apr2026 02:26:08.607] [main/DEBUG] [cpw.mods.modlauncher.TransformationServicesHandler/MODLAUNCHER]: Transformation services loading transformers
[16Apr2026 02:26:08.607] [main/DEBUG] [cpw.mods.modlauncher.TransformationServiceDecorator/MODLAUNCHER]: Initializing transformers for transformation service mixin
[16Apr2026 02:26:08.608] [main/DEBUG] [cpw.mods.modlauncher.TransformationServiceDecorator/MODLAUNCHER]: Initialized transformers for transformation service mixin
[16Apr2026 02:26:08.608] [main/DEBUG] [cpw.mods.modlauncher.TransformationServiceDecorator/MODLAUNCHER]: Initializing transformers for transformation service fml
[16Apr2026 02:26:08.608] [main/DEBUG] [net.minecraftforge.fml.loading.FMLServiceProvider/CORE]: Loading coremod transformers
[16Apr2026 02:26:08.608] [main/DEBUG] [net.minecraftforge.coremod.CoreModEngine/COREMOD]: Loading CoreMod from META-INF/xaeroworldmap_core.js
[16Apr2026 02:26:08.846] [main/DEBUG] [net.minecraftforge.coremod.CoreModEngine/COREMOD]: CoreMod loaded successfully
[16Apr2026 02:26:08.846] [main/DEBUG] [net.minecraftforge.coremod.CoreModEngine/COREMOD]: Loading CoreMod from coremods/get_ench_level_event.js
[16Apr2026 02:26:08.864] [main/DEBUG] [net.minecraftforge.coremod.CoreModEngine/COREMOD]: CoreMod loaded successfully
[16Apr2026 02:26:08.864] [main/DEBUG] [net.minecraftforge.coremod.CoreModEngine/COREMOD]: Loading CoreMod from coremods/get_ench_level_event_specific.js
[16Apr2026 02:26:08.875] [main/DEBUG] [net.minecraftforge.coremod.CoreModEngine/COREMOD]: CoreMod loaded successfully
[16Apr2026 02:26:08.875] [main/DEBUG] [net.minecraftforge.coremod.CoreModEngine/COREMOD]: Loading CoreMod from coremods/ench/ench_info_loot_redirector.js
[16Apr2026 02:26:08.908] [main/DEBUG] [net.minecraftforge.coremod.CoreModEngine/COREMOD]: CoreMod loaded successfully
[16Apr2026 02:26:08.908] [main/DEBUG] [net.minecraftforge.coremod.CoreModEngine/COREMOD]: Loading CoreMod from coremods/ench/ench_info_redirector.js
[16Apr2026 02:26:08.936] [main/DEBUG] [net.minecraftforge.coremod.CoreModEngine/COREMOD]: CoreMod loaded successfully
[16Apr2026 02:26:08.936] [main/DEBUG] [net.minecraftforge.coremod.CoreModEngine/COREMOD]: Loading CoreMod from coremods/ench/fishing_hook.js
[16Apr2026 02:26:08.948] [main/DEBUG] [net.minecraftforge.coremod.CoreModEngine/COREMOD]: CoreMod loaded successfully
[16Apr2026 02:26:08.948] [main/DEBUG] [net.minecraftforge.coremod.CoreModEngine/COREMOD]: Loading CoreMod from coremods/field_to_method.js
[16Apr2026 02:26:08.972] [main/DEBUG] [net.minecraftforge.coremod.CoreModEngine/COREMOD]: CoreMod loaded successfully
[16Apr2026 02:26:08.972] [main/DEBUG] [net.minecraftforge.coremod.CoreModEngine/COREMOD]: Loading CoreMod from coremods/field_to_instanceof.js
[16Apr2026 02:26:09.011] [main/DEBUG] [net.minecraftforge.coremod.CoreModEngine/COREMOD]: CoreMod loaded successfully
[16Apr2026 02:26:09.012] [main/DEBUG] [net.minecraftforge.coremod.CoreModEngine/COREMOD]: Loading CoreMod from coremods/add_bouncer_method.js
[16Apr2026 02:26:09.042] [main/DEBUG] [net.minecraftforge.coremod.CoreModEngine/COREMOD]: CoreMod loaded successfully
[16Apr2026 02:26:09.042] [main/DEBUG] [net.minecraftforge.coremod.CoreModEngine/COREMOD]: Loading CoreMod from coremods/method_redirector.js
[16Apr2026 02:26:09.103] [main/DEBUG] [net.minecraftforge.coremod.CoreModEngine/COREMOD]: CoreMod loaded successfully
[16Apr2026 02:26:09.103] [main/DEBUG] [net.minecraftforge.coremod.CoreModEngine/COREMOD]: Loading CoreMod from META-INF/xaerohud_core.js
[16Apr2026 02:26:09.146] [main/DEBUG] [net.minecraftforge.coremod.CoreModEngine/COREMOD]: CoreMod loaded successfully
[16Apr2026 02:26:09.147] [main/DEBUG] [net.minecraftforge.coremod.CoreModEngine/COREMOD]: Loading CoreMod from coremods/potion_gui_tooltips.js
[16Apr2026 02:26:09.155] [main/DEBUG] [net.minecraftforge.coremod.CoreModEngine/COREMOD]: CoreMod loaded successfully
[16Apr2026 02:26:09.167] [main/DEBUG] [cpw.mods.modlauncher.TransformStore/MODLAUNCHER]: Adding transformer net.minecraftforge.coremod.transformer.CoreModMethodTransformer@3b4086c1 to Target : METHOD {Lnet/minecraftforge/common/extensions/IForgeItemStack;} {getAllEnchantments} {()Ljava/util/Map;}
[16Apr2026 02:26:09.168] [main/DEBUG] [cpw.mods.modlauncher.TransformStore/MODLAUNCHER]: Adding transformer net.minecraftforge.coremod.transformer.CoreModMethodTransformer@5600a5da to Target : METHOD {Lnet/minecraftforge/common/extensions/IForgeItemStack;} {getEnchantmentLevel} {(Lnet/minecraft/world/item/enchantment/Enchantment;)I}
[16Apr2026 02:26:09.168] [main/DEBUG] [cpw.mods.modlauncher.TransformStore/MODLAUNCHER]: Adding transformer net.minecraftforge.coremod.transformer.CoreModMethodTransformer@551be9f6 to Target : METHOD {Lnet/minecraft/world/entity/projectile/FishingHook;} {m_37145_} {(Lnet/minecraft/core/BlockPos;)V}
[16Apr2026 02:26:09.168] [main/DEBUG] [cpw.mods.modlauncher.TransformStore/MODLAUNCHER]: Adding transformer net.minecraftforge.coremod.transformer.CoreModMethodTransformer@269222ae to Target : METHOD {Lnet/minecraft/client/ToggleKeyMapping;} {m_90857_} {()Z}
[16Apr2026 02:26:09.168] [main/DEBUG] [cpw.mods.modlauncher.TransformStore/MODLAUNCHER]: Adding transformer net.minecraftforge.coremod.transformer.CoreModMethodTransformer@13250132 to Target : METHOD {Lnet/minecraft/client/gui/screens/inventory/EffectRenderingInventoryScreen;} {m_280113_} {(Lnet/minecraft/client/gui/GuiGraphics;II)V}
[16Apr2026 02:26:09.169] [main/DEBUG] [cpw.mods.modlauncher.TransformStore/MODLAUNCHER]: Adding transformer net.minecraftforge.coremod.transformer.CoreModClassTransformer@4a864d4d to Target : CLASS {Lnet/minecraft/world/entity/npc/VillagerTrades$EnchantBookForEmeralds;} {} {V}
[16Apr2026 02:26:09.169] [main/DEBUG] [cpw.mods.modlauncher.TransformStore/MODLAUNCHER]: Adding transformer net.minecraftforge.coremod.transformer.CoreModClassTransformer@4a864d4d to Target : CLASS {Lorg/violetmoon/quark/content/tools/loot/EnchantTome;} {} {V}
[16Apr2026 02:26:09.169] [main/DEBUG] [cpw.mods.modlauncher.TransformStore/MODLAUNCHER]: Adding transformer net.minecraftforge.coremod.transformer.CoreModClassTransformer@4a864d4d to Target : CLASS {Lnet/minecraft/world/level/storage/loot/functions/EnchantRandomlyFunction;} {} {V}
[16Apr2026 02:26:09.169] [main/DEBUG] [cpw.mods.modlauncher.TransformStore/MODLAUNCHER]: Adding transformer net.minecraftforge.coremod.transformer.CoreModClassTransformer@7d3691e1 to Target : CLASS {Lorg/violetmoon/quark/content/tools/item/AncientTomeItem;} {} {V}
[16Apr2026 02:26:09.169] [main/DEBUG] [cpw.mods.modlauncher.TransformStore/MODLAUNCHER]: Adding transformer net.minecraftforge.coremod.transformer.CoreModClassTransformer@7d3691e1 to Target : CLASS {Lnet/minecraft/world/inventory/AnvilMenu;} {} {V}
[16Apr2026 02:26:09.169] [main/DEBUG] [cpw.mods.modlauncher.TransformStore/MODLAUNCHER]: Adding transformer net.minecraftforge.coremod.transformer.CoreModClassTransformer@7d3691e1 to Target : CLASS {Lcom/mrcrayfish/goblintraders/Hooks;} {} {V}
[16Apr2026 02:26:09.170] [main/DEBUG] [cpw.mods.modlauncher.TransformStore/MODLAUNCHER]: Adding transformer net.minecraftforge.coremod.transformer.CoreModClassTransformer@7d3691e1 to Target : CLASS {Lorg/violetmoon/quark/content/experimental/module/GameNerfsModule;} {} {V}
[16Apr2026 02:26:09.170] [main/DEBUG] [cpw.mods.modlauncher.TransformStore/MODLAUNCHER]: Adding transformer net.minecraftforge.coremod.transformer.CoreModClassTransformer@7d3691e1 to Target : CLASS {Lorg/violetmoon/quark/content/tools/module/AncientTomesModule;} {} {V}
[16Apr2026 02:26:09.170] [main/DEBUG] [cpw.mods.modlauncher.TransformStore/MODLAUNCHER]: Adding transformer net.minecraftforge.coremod.transformer.CoreModClassTransformer@7d3691e1 to Target : CLASS {Lnet/minecraft/server/commands/EnchantCommand;} {} {V}
[16Apr2026 02:26:09.170] [main/DEBUG] [cpw.mods.modlauncher.TransformStore/MODLAUNCHER]: Adding transformer net.minecraftforge.coremod.transformer.CoreModClassTransformer@7d3691e1 to Target : CLASS {Lnet/minecraft/world/item/CreativeModeTabs;} {} {V}
[16Apr2026 02:26:09.170] [main/DEBUG] [cpw.mods.modlauncher.TransformStore/MODLAUNCHER]: Adding transformer net.minecraftforge.coremod.transformer.CoreModClassTransformer@7d3691e1 to Target : CLASS {Lnet/minecraft/world/item/EnchantedBookItem;} {} {V}
[16Apr2026 02:26:09.170] [main/DEBUG] [cpw.mods.modlauncher.TransformStore/MODLAUNCHER]: Adding transformer net.minecraftforge.coremod.transformer.CoreModClassTransformer@46a123e4 to Target : CLASS {Lnet/minecraft/world/level/biome/Biome;} {} {V}
[16Apr2026 02:26:09.170] [main/DEBUG] [cpw.mods.modlauncher.TransformStore/MODLAUNCHER]: Adding transformer net.minecraftforge.coremod.transformer.CoreModClassTransformer@44bc2449 to Target : CLASS {Lnet/minecraft/world/level/levelgen/structure/Structure;} {} {V}
[16Apr2026 02:26:09.171] [main/DEBUG] [cpw.mods.modlauncher.TransformStore/MODLAUNCHER]: Adding transformer net.minecraftforge.coremod.transformer.CoreModClassTransformer@3c28e5b6 to Target : CLASS {Lnet/minecraft/world/effect/MobEffectInstance;} {} {V}
[16Apr2026 02:26:09.171] [main/DEBUG] [cpw.mods.modlauncher.TransformStore/MODLAUNCHER]: Adding transformer net.minecraftforge.coremod.transformer.CoreModClassTransformer@7558c24b to Target : CLASS {Lnet/minecraft/world/level/block/LiquidBlock;} {} {V}
[16Apr2026 02:26:09.171] [main/DEBUG] [cpw.mods.modlauncher.TransformStore/MODLAUNCHER]: Adding transformer net.minecraftforge.coremod.transformer.CoreModClassTransformer@3a296107 to Target : CLASS {Lnet/minecraft/world/item/BucketItem;} {} {V}
[16Apr2026 02:26:09.171] [main/DEBUG] [cpw.mods.modlauncher.TransformStore/MODLAUNCHER]: Adding transformer net.minecraftforge.coremod.transformer.CoreModClassTransformer@1f129467 to Target : CLASS {Lnet/minecraft/world/level/block/StairBlock;} {} {V}
[16Apr2026 02:26:09.171] [main/DEBUG] [cpw.mods.modlauncher.TransformStore/MODLAUNCHER]: Adding transformer net.minecraftforge.coremod.transformer.CoreModClassTransformer@646cd766 to Target : CLASS {Lnet/minecraft/world/level/block/FlowerPotBlock;} {} {V}
[16Apr2026 02:26:09.171] [main/DEBUG] [cpw.mods.modlauncher.TransformStore/MODLAUNCHER]: Adding transformer net.minecraftforge.coremod.transformer.CoreModClassTransformer@57151b3a to Target : CLASS {Lnet/minecraft/world/item/ItemStack;} {} {V}
[16Apr2026 02:26:09.172] [main/DEBUG] [cpw.mods.modlauncher.TransformStore/MODLAUNCHER]: Adding transformer net.minecraftforge.coremod.transformer.CoreModClassTransformer@26457986 to Target : CLASS {Lnet/minecraft/network/play/client/CClientSettingsPacket;} {} {V}
[16Apr2026 02:26:09.172] [main/DEBUG] [cpw.mods.modlauncher.TransformStore/MODLAUNCHER]: Adding transformer net.minecraftforge.coremod.transformer.CoreModClassTransformer@2dff7085 to Target : CLASS {Lnet/minecraft/world/entity/monster/Spider;} {} {V}
[16Apr2026 02:26:09.172] [main/DEBUG] [cpw.mods.modlauncher.TransformStore/MODLAUNCHER]: Adding transformer net.minecraftforge.coremod.transformer.CoreModClassTransformer@2dff7085 to Target : CLASS {Lnet/minecraft/world/level/levelgen/structure/structures/OceanMonumentPieces$OceanMonumentPiece;} {} {V}
[16Apr2026 02:26:09.172] [main/DEBUG] [cpw.mods.modlauncher.TransformStore/MODLAUNCHER]: Adding transformer net.minecraftforge.coremod.transformer.CoreModClassTransformer@2dff7085 to Target : CLASS {Lnet/minecraft/world/entity/monster/Strider;} {} {V}
[16Apr2026 02:26:09.172] [main/DEBUG] [cpw.mods.modlauncher.TransformStore/MODLAUNCHER]: Adding transformer net.minecraftforge.coremod.transformer.CoreModClassTransformer@2dff7085 to Target : CLASS {Lnet/minecraft/world/level/levelgen/structure/templatesystem/StructureTemplate;} {} {V}
[16Apr2026 02:26:09.173] [main/DEBUG] [cpw.mods.modlauncher.TransformStore/MODLAUNCHER]: Adding transformer net.minecraftforge.coremod.transformer.CoreModClassTransformer@2dff7085 to Target : CLASS {Lnet/minecraft/world/entity/animal/horse/SkeletonTrapGoal;} {} {V}
[16Apr2026 02:26:09.173] [main/DEBUG] [cpw.mods.modlauncher.TransformStore/MODLAUNCHER]: Adding transformer net.minecraftforge.coremod.transformer.CoreModClassTransformer@2dff7085 to Target : CLASS {Lnet/minecraft/world/entity/ai/village/VillageSiege;} {} {V}
[16Apr2026 02:26:09.173] [main/DEBUG] [cpw.mods.modlauncher.TransformStore/MODLAUNCHER]: Adding transformer net.minecraftforge.coremod.transformer.CoreModClassTransformer@2dff7085 to Target : CLASS {Lnet/minecraft/server/commands/SummonCommand;} {} {V}
[16Apr2026 02:26:09.173] [main/DEBUG] [cpw.mods.modlauncher.TransformStore/MODLAUNCHER]: Adding transformer net.minecraftforge.coremod.transformer.CoreModClassTransformer@2dff7085 to Target : CLASS {Lnet/minecraft/world/level/NaturalSpawner;} {} {V}
[16Apr2026 02:26:09.173] [main/DEBUG] [cpw.mods.modlauncher.TransformStore/MODLAUNCHER]: Adding transformer net.minecraftforge.coremod.transformer.CoreModClassTransformer@2dff7085 to Target : CLASS {Lnet/minecraft/world/entity/npc/Villager;} {} {V}
[16Apr2026 02:26:09.173] [main/DEBUG] [cpw.mods.modlauncher.TransformStore/MODLAUNCHER]: Adding transformer net.minecraftforge.coremod.transformer.CoreModClassTransformer@2dff7085 to Target : CLASS {Lnet/minecraft/world/entity/animal/frog/Tadpole;} {} {V}
[16Apr2026 02:26:09.173] [main/DEBUG] [cpw.mods.modlauncher.TransformStore/MODLAUNCHER]: Adding transformer net.minecraftforge.coremod.transformer.CoreModClassTransformer@2dff7085 to Target : CLASS {Lnet/minecraft/world/entity/EntityType;} {} {V}
[16Apr2026 02:26:09.173] [main/DEBUG] [cpw.mods.modlauncher.TransformStore/MODLAUNCHER]: Adding transformer net.minecraftforge.coremod.transformer.CoreModClassTransformer@2dff7085 to Target : CLASS {Lnet/minecraft/world/entity/monster/Zombie;} {} {V}
[16Apr2026 02:26:09.174] [main/DEBUG] [cpw.mods.modlauncher.TransformStore/MODLAUNCHER]: Adding transformer net.minecraftforge.coremod.transformer.CoreModClassTransformer@2dff7085 to Target : CLASS {Lnet/minecraft/world/entity/monster/Evoker$EvokerSummonSpellGoal;} {} {V}
[16Apr2026 02:26:09.174] [main/DEBUG] [cpw.mods.modlauncher.TransformStore/MODLAUNCHER]: Adding transformer net.minecraftforge.coremod.transformer.CoreModClassTransformer@2dff7085 to Target : CLASS {Lnet/minecraft/world/entity/npc/CatSpawner;} {} {V}
[16Apr2026 02:26:09.174] [main/DEBUG] [cpw.mods.modlauncher.TransformStore/MODLAUNCHER]: Adding transformer net.minecraftforge.coremod.transformer.CoreModClassTransformer@2dff7085 to Target : CLASS {Lnet/minecraft/world/level/levelgen/structure/structures/OceanRuinPieces$OceanRuinPiece;} {} {V}
[16Apr2026 02:26:09.174] [main/DEBUG] [cpw.mods.modlauncher.TransformStore/MODLAUNCHER]: Adding transformer net.minecraftforge.coremod.transformer.CoreModClassTransformer@2dff7085 to Target : CLASS {Lnet/minecraft/world/level/levelgen/PhantomSpawner;} {} {V}
[16Apr2026 02:26:09.174] [main/DEBUG] [cpw.mods.modlauncher.TransformStore/MODLAUNCHER]: Adding transformer net.minecraftforge.coremod.transformer.CoreModClassTransformer@2dff7085 to Target : CLASS {Lnet/minecraft/world/level/levelgen/PatrolSpawner;} {} {V}
[16Apr2026 02:26:09.174] [main/DEBUG] [cpw.mods.modlauncher.TransformStore/MODLAUNCHER]: Adding transformer net.minecraftforge.coremod.transformer.CoreModClassTransformer@2dff7085 to Target : CLASS {Lnet/minecraft/world/entity/monster/ZombieVillager;} {} {V}
[16Apr2026 02:26:09.174] [main/DEBUG] [cpw.mods.modlauncher.TransformStore/MODLAUNCHER]: Adding transformer net.minecraftforge.coremod.transformer.CoreModClassTransformer@2dff7085 to Target : CLASS {Lnet/minecraft/server/commands/RaidCommand;} {} {V}
[16Apr2026 02:26:09.174] [main/DEBUG] [cpw.mods.modlauncher.TransformStore/MODLAUNCHER]: Adding transformer net.minecraftforge.coremod.transformer.CoreModClassTransformer@2dff7085 to Target : CLASS {Lnet/minecraft/world/level/levelgen/structure/structures/SwampHutPiece;} {} {V}
[16Apr2026 02:26:09.174] [main/DEBUG] [cpw.mods.modlauncher.TransformStore/MODLAUNCHER]: Adding transformer net.minecraftforge.coremod.transformer.CoreModClassTransformer@2dff7085 to Target : CLASS {Lnet/minecraft/world/level/levelgen/structure/structures/WoodlandMansionPieces$WoodlandMansionPiece;} {} {V}
[16Apr2026 02:26:09.175] [main/DEBUG] [cpw.mods.modlauncher.TransformStore/MODLAUNCHER]: Adding transformer net.minecraftforge.coremod.transformer.CoreModClassTransformer@2dff7085 to Target : CLASS {Lnet/minecraft/world/entity/raid/Raid;} {} {V}
[16Apr2026 02:26:09.175] [main/DEBUG] [cpw.mods.modlauncher.TransformationServiceDecorator/MODLAUNCHER]: Initialized transformers for transformation service fml
[16Apr2026 02:26:10.895] [main/DEBUG] [mixin/]: Processing prepare() for PlatformAgent[MixinPlatformAgentDefault:ModLauncher Root Container(ModLauncher:4f56a0a2)]
[16Apr2026 02:26:10.895] [main/DEBUG] [mixin/]: Processing launch tasks for PlatformAgent[MixinPlatformAgentDefault:ModLauncher Root Container(ModLauncher:4f56a0a2)]
[16Apr2026 02:26:10.895] [main/DEBUG] [mixin/]: Adding mixin platform agents for container SecureJarResource(kuma_api)
[16Apr2026 02:26:10.895] [main/DEBUG] [mixin/]: Instancing new MixinPlatformAgentMinecraftForge for SecureJarResource(kuma_api)
[16Apr2026 02:26:10.895] [main/DEBUG] [mixin/]: MixinPlatformAgentMinecraftForge rejected container SecureJarResource(kuma_api)
[16Apr2026 02:26:10.895] [main/DEBUG] [mixin/]: Instancing new MixinPlatformAgentDefault for SecureJarResource(kuma_api)
[16Apr2026 02:26:10.895] [main/DEBUG] [mixin/]: MixinPlatformAgentDefault accepted container SecureJarResource(kuma_api)
[16Apr2026 02:26:10.895] [main/DEBUG] [mixin/]: Processing prepare() for PlatformAgent[MixinPlatformAgentDefault:SecureJarResource(kuma_api)]
[16Apr2026 02:26:10.895] [main/DEBUG] [mixin/]: Registering mixin config: kuma_api.mixins.json
[16Apr2026 02:26:10.911] [main/DEBUG] [mixin/]: Compatibility level JAVA_17 specified by kuma_api.mixins.json is higher than the maximum level supported by this version of mixin (JAVA_13).
[16Apr2026 02:26:10.915] [main/INFO] [mixin/]: Compatibility level set to JAVA_17
[16Apr2026 02:26:10.915] [main/DEBUG] [mixin/]: Registering mixin config: kuma_api.forge.mixins.json
[16Apr2026 02:26:10.917] [main/DEBUG] [mixin/]: Adding mixin platform agents for container SecureJarResource(geckolib)
[16Apr2026 02:26:10.917] [main/DEBUG] [mixin/]: Instancing new MixinPlatformAgentMinecraftForge for SecureJarResource(geckolib)
[16Apr2026 02:26:10.917] [main/DEBUG] [mixin/]: MixinPlatformAgentMinecraftForge rejected container SecureJarResource(geckolib)
[16Apr2026 02:26:10.917] [main/DEBUG] [mixin/]: Instancing new MixinPlatformAgentDefault for SecureJarResource(geckolib)
[16Apr2026 02:26:10.917] [main/DEBUG] [mixin/]: MixinPlatformAgentDefault accepted container SecureJarResource(geckolib)
[16Apr2026 02:26:10.917] [main/DEBUG] [mixin/]: Processing prepare() for PlatformAgent[MixinPlatformAgentDefault:SecureJarResource(geckolib)]
[16Apr2026 02:26:10.917] [main/DEBUG] [mixin/]: Registering mixin config: geckolib.mixins.json
[16Apr2026 02:26:10.920] [main/DEBUG] [mixin/]: Adding mixin platform agents for container SecureJarResource(aether)
[16Apr2026 02:26:10.920] [main/DEBUG] [mixin/]: Instancing new MixinPlatformAgentMinecraftForge for SecureJarResource(aether)
[16Apr2026 02:26:10.920] [main/DEBUG] [mixin/]: MixinPlatformAgentMinecraftForge rejected container SecureJarResource(aether)
[16Apr2026 02:26:10.920] [main/DEBUG] [mixin/]: Instancing new MixinPlatformAgentDefault for SecureJarResource(aether)
[16Apr2026 02:26:10.920] [main/DEBUG] [mixin/]: MixinPlatformAgentDefault accepted container SecureJarResource(aether)
[16Apr2026 02:26:10.920] [main/DEBUG] [mixin/]: Processing prepare() for PlatformAgent[MixinPlatformAgentDefault:SecureJarResource(aether)]
[16Apr2026 02:26:10.920] [main/DEBUG] [mixin/]: Registering mixin config: aether.mixins.json
[16Apr2026 02:26:10.923] [main/DEBUG] [mixin/]: Adding mixin platform agents for container SecureJarResource(lithostitched)
[16Apr2026 02:26:10.923] [main/DEBUG] [mixin/]: Instancing new MixinPlatformAgentMinecraftForge for SecureJarResource(lithostitched)
[16Apr2026 02:26:10.923] [main/DEBUG] [mixin/]: MixinPlatformAgentMinecraftForge rejected container SecureJarResource(lithostitched)
[16Apr2026 02:26:10.923] [main/DEBUG] [mixin/]: Instancing new MixinPlatformAgentDefault for SecureJarResource(lithostitched)
[16Apr2026 02:26:10.923] [main/DEBUG] [mixin/]: MixinPlatformAgentDefault accepted container SecureJarResource(lithostitched)
[16Apr2026 02:26:10.923] [main/DEBUG] [mixin/]: Processing prepare() for PlatformAgent[MixinPlatformAgentDefault:SecureJarResource(lithostitched)]
[16Apr2026 02:26:10.923] [main/DEBUG] [mixin/]: Registering mixin config: lithostitched.mixins.json
[16Apr2026 02:26:10.925] [main/DEBUG] [mixin/]: Registering mixin config: lithostitched.forge.mixins.json
[16Apr2026 02:26:10.927] [main/DEBUG] [mixin/]: Adding mixin platform agents for container SecureJarResource(xaerolib)
[16Apr2026 02:26:10.927] [main/DEBUG] [mixin/]: Instancing new MixinPlatformAgentMinecraftForge for SecureJarResource(xaerolib)
[16Apr2026 02:26:10.927] [main/DEBUG] [mixin/]: MixinPlatformAgentMinecraftForge rejected container SecureJarResource(xaerolib)
[16Apr2026 02:26:10.928] [main/DEBUG] [mixin/]: Instancing new MixinPlatformAgentDefault for SecureJarResource(xaerolib)
[16Apr2026 02:26:10.928] [main/DEBUG] [mixin/]: MixinPlatformAgentDefault accepted container SecureJarResource(xaerolib)
[16Apr2026 02:26:10.928] [main/DEBUG] [mixin/]: Processing prepare() for PlatformAgent[MixinPlatformAgentDefault:SecureJarResource(xaerolib)]
[16Apr2026 02:26:10.928] [main/DEBUG] [mixin/]: Registering mixin config: xaerolib.mixins.json
[16Apr2026 02:26:10.930] [main/DEBUG] [mixin/]: Registering mixin config: xaerolib.forge.mixins.json
[16Apr2026 02:26:10.932] [main/DEBUG] [mixin/]: Adding mixin platform agents for container SecureJarResource(betteroceanmonuments)
[16Apr2026 02:26:10.932] [main/DEBUG] [mixin/]: Instancing new MixinPlatformAgentMinecraftForge for SecureJarResource(betteroceanmonuments)
[16Apr2026 02:26:10.932] [main/DEBUG] [mixin/]: MixinPlatformAgentMinecraftForge rejected container SecureJarResource(betteroceanmonuments)
[16Apr2026 02:26:10.932] [main/DEBUG] [mixin/]: Instancing new MixinPlatformAgentDefault for SecureJarResource(betteroceanmonuments)
[16Apr2026 02:26:10.932] [main/DEBUG] [mixin/]: MixinPlatformAgentDefault accepted container SecureJarResource(betteroceanmonuments)
[16Apr2026 02:26:10.932] [main/DEBUG] [mixin/]: Processing prepare() for PlatformAgent[MixinPlatformAgentDefault:SecureJarResource(betteroceanmonuments)]
[16Apr2026 02:26:10.932] [main/DEBUG] [mixin/]: Registering mixin config: betteroceanmonuments.mixins.json
[16Apr2026 02:26:10.935] [main/DEBUG] [mixin/]: Registering mixin config: betteroceanmonuments_forge.mixins.json
[16Apr2026 02:26:10.937] [main/DEBUG] [mixin/]: Adding mixin platform agents for container SecureJarResource(siegeweapons)
[16Apr2026 02:26:10.937] [main/DEBUG] [mixin/]: Instancing new MixinPlatformAgentMinecraftForge for SecureJarResource(siegeweapons)
[16Apr2026 02:26:10.937] [main/DEBUG] [mixin/]: MixinPlatformAgentMinecraftForge rejected container SecureJarResource(siegeweapons)
[16Apr2026 02:26:10.937] [main/DEBUG] [mixin/]: Instancing new MixinPlatformAgentDefault for SecureJarResource(siegeweapons)
[16Apr2026 02:26:10.937] [main/DEBUG] [mixin/]: MixinPlatformAgentDefault accepted container SecureJarResource(siegeweapons)
[16Apr2026 02:26:10.937] [main/DEBUG] [mixin/]: Processing prepare() for PlatformAgent[MixinPlatformAgentDefault:SecureJarResource(siegeweapons)]
[16Apr2026 02:26:10.938] [main/DEBUG] [mixin/]: Registering mixin config: mixins.siegeweapons.json
[16Apr2026 02:26:10.939] [main/DEBUG] [mixin/]: Adding mixin platform agents for container SecureJarResource(mcwwindows)
[16Apr2026 02:26:10.939] [main/DEBUG] [mixin/]: Instancing new MixinPlatformAgentMinecraftForge for SecureJarResource(mcwwindows)
[16Apr2026 02:26:10.940] [main/DEBUG] [mixin/]: MixinPlatformAgentMinecraftForge rejected container SecureJarResource(mcwwindows)
[16Apr2026 02:26:10.940] [main/DEBUG] [mixin/]: Instancing new MixinPlatformAgentDefault for SecureJarResource(mcwwindows)
[16Apr2026 02:26:10.940] [main/DEBUG] [mixin/]: MixinPlatformAgentDefault accepted container SecureJarResource(mcwwindows)
[16Apr2026 02:26:10.940] [main/DEBUG] [mixin/]: Processing prepare() for PlatformAgent[MixinPlatformAgentDefault:SecureJarResource(mcwwindows)]
[16Apr2026 02:26:10.940] [main/DEBUG] [mixin/]: Adding mixin platform agents for container SecureJarResource(mr_blossom_blade)
[16Apr2026 02:26:10.940] [main/DEBUG] [mixin/]: Instancing new MixinPlatformAgentMinecraftForge for SecureJarResource(mr_blossom_blade)
[16Apr2026 02:26:10.940] [main/DEBUG] [mixin/]: MixinPlatformAgentMinecraftForge rejected container SecureJarResource(mr_blossom_blade)
[16Apr2026 02:26:10.940] [main/DEBUG] [mixin/]: Instancing new MixinPlatformAgentDefault for SecureJarResource(mr_blossom_blade)
[16Apr2026 02:26:10.940] [main/DEBUG] [mixin/]: MixinPlatformAgentDefault accepted container SecureJarResource(mr_blossom_blade)
[16Apr2026 02:26:10.940] [main/DEBUG] [mixin/]: Processing prepare() for PlatformAgent[MixinPlatformAgentDefault:SecureJarResource(mr_blossom_blade)]
[16Apr2026 02:26:10.940] [main/DEBUG] [mixin/]: Adding mixin platform agents for container SecureJarResource(waystones)
[16Apr2026 02:26:10.940] [main/DEBUG] [mixin/]: Instancing new MixinPlatformAgentMinecraftForge for SecureJarResource(waystones)
[16Apr2026 02:26:10.940] [main/DEBUG] [mixin/]: MixinPlatformAgentMinecraftForge rejected container SecureJarResource(waystones)
[16Apr2026 02:26:10.940] [main/DEBUG] [mixin/]: Instancing new MixinPlatformAgentDefault for SecureJarResource(waystones)
[16Apr2026 02:26:10.940] [main/DEBUG] [mixin/]: MixinPlatformAgentDefault accepted container SecureJarResource(waystones)
[16Apr2026 02:26:10.940] [main/DEBUG] [mixin/]: Processing prepare() for PlatformAgent[MixinPlatformAgentDefault:SecureJarResource(waystones)]
[16Apr2026 02:26:10.940] [main/DEBUG] [mixin/]: Registering mixin config: waystones.mixins.json
[16Apr2026 02:26:10.943] [main/DEBUG] [mixin/]: Adding mixin platform agents for container SecureJarResource(xaeroworldmap)
[16Apr2026 02:26:10.943] [main/DEBUG] [mixin/]: Instancing new MixinPlatformAgentMinecraftForge for SecureJarResource(xaeroworldmap)
[16Apr2026 02:26:10.943] [main/DEBUG] [mixin/]: MixinPlatformAgentMinecraftForge rejected container SecureJarResource(xaeroworldmap)
[16Apr2026 02:26:10.943] [main/DEBUG] [mixin/]: Instancing new MixinPlatformAgentDefault for SecureJarResource(xaeroworldmap)
[16Apr2026 02:26:10.943] [main/DEBUG] [mixin/]: MixinPlatformAgentDefault accepted container SecureJarResource(xaeroworldmap)
[16Apr2026 02:26:10.943] [main/DEBUG] [mixin/]: Processing prepare() for PlatformAgent[MixinPlatformAgentDefault:SecureJarResource(xaeroworldmap)]
[16Apr2026 02:26:10.943] [main/DEBUG] [mixin/]: Registering mixin config: xaeroworldmap.mixins.json
[16Apr2026 02:26:10.946] [main/DEBUG] [mixin/]: Registering mixin config: xaeroworldmap.forge.mixins.json
[16Apr2026 02:26:10.948] [main/DEBUG] [mixin/]: Adding mixin platform agents for container SecureJarResource(placebo)
[16Apr2026 02:26:10.948] [main/DEBUG] [mixin/]: Instancing new MixinPlatformAgentMinecraftForge for SecureJarResource(placebo)
[16Apr2026 02:26:10.948] [main/DEBUG] [mixin/]: MixinPlatformAgentMinecraftForge rejected container SecureJarResource(placebo)
[16Apr2026 02:26:10.948] [main/DEBUG] [mixin/]: Instancing new MixinPlatformAgentDefault for SecureJarResource(placebo)
[16Apr2026 02:26:10.948] [main/DEBUG] [mixin/]: MixinPlatformAgentDefault accepted container SecureJarResource(placebo)
[16Apr2026 02:26:10.948] [main/DEBUG] [mixin/]: Processing prepare() for PlatformAgent[MixinPlatformAgentDefault:SecureJarResource(placebo)]
[16Apr2026 02:26:10.948] [main/DEBUG] [mixin/]: Registering mixin config: placebo.mixins.json
[16Apr2026 02:26:10.950] [main/DEBUG] [mixin/]: Adding mixin platform agents for container SecureJarResource(citadel)
[16Apr2026 02:26:10.950] [main/DEBUG] [mixin/]: Instancing new MixinPlatformAgentMinecraftForge for SecureJarResource(citadel)
[16Apr2026 02:26:10.950] [main/DEBUG] [mixin/]: MixinPlatformAgentMinecraftForge rejected container SecureJarResource(citadel)
[16Apr2026 02:26:10.951] [main/DEBUG] [mixin/]: Instancing new MixinPlatformAgentDefault for SecureJarResource(citadel)
[16Apr2026 02:26:10.951] [main/DEBUG] [mixin/]: MixinPlatformAgentDefault accepted container SecureJarResource(citadel)
[16Apr2026 02:26:10.951] [main/DEBUG] [mixin/]: Processing prepare() for PlatformAgent[MixinPlatformAgentDefault:SecureJarResource(citadel)]
[16Apr2026 02:26:10.951] [main/DEBUG] [mixin/]: Registering mixin config: citadel.mixins.json
[16Apr2026 02:26:10.954] [main/DEBUG] [mixin/]: Adding mixin platform agents for container SecureJarResource(alexsmobs)
[16Apr2026 02:26:10.954] [main/DEBUG] [mixin/]: Instancing new MixinPlatformAgentMinecraftForge for SecureJarResource(alexsmobs)
[16Apr2026 02:26:10.954] [main/DEBUG] [mixin/]: MixinPlatformAgentMinecraftForge rejected container SecureJarResource(alexsmobs)
[16Apr2026 02:26:10.954] [main/DEBUG] [mixin/]: Instancing new MixinPlatformAgentDefault for SecureJarResource(alexsmobs)
[16Apr2026 02:26:10.955] [main/DEBUG] [mixin/]: MixinPlatformAgentDefault accepted container SecureJarResource(alexsmobs)
[16Apr2026 02:26:10.955] [main/DEBUG] [mixin/]: Processing prepare() for PlatformAgent[MixinPlatformAgentDefault:SecureJarResource(alexsmobs)]
[16Apr2026 02:26:10.955] [main/DEBUG] [mixin/]: Registering mixin config: citadel.mixins.json
[16Apr2026 02:26:10.955] [main/DEBUG] [mixin/]: Adding mixin platform agents for container SecureJarResource(travelersbackpack)
[16Apr2026 02:26:10.955] [main/DEBUG] [mixin/]: Instancing new MixinPlatformAgentMinecraftForge for SecureJarResource(travelersbackpack)
[16Apr2026 02:26:10.955] [main/DEBUG] [mixin/]: MixinPlatformAgentMinecraftForge rejected container SecureJarResource(travelersbackpack)
[16Apr2026 02:26:10.955] [main/DEBUG] [mixin/]: Instancing new MixinPlatformAgentDefault for SecureJarResource(travelersbackpack)
[16Apr2026 02:26:10.955] [main/DEBUG] [mixin/]: MixinPlatformAgentDefault accepted container SecureJarResource(travelersbackpack)
[16Apr2026 02:26:10.955] [main/DEBUG] [mixin/]: Processing prepare() for PlatformAgent[MixinPlatformAgentDefault:SecureJarResource(travelersbackpack)]
[16Apr2026 02:26:10.955] [main/DEBUG] [mixin/]: Registering mixin config: mixins.travelersbackpack.json
[16Apr2026 02:26:10.957] [main/DEBUG] [mixin/]: Adding mixin platform agents for container SecureJarResource(artifacts)
[16Apr2026 02:26:10.957] [main/DEBUG] [mixin/]: Instancing new MixinPlatformAgentMinecraftForge for SecureJarResource(artifacts)
[16Apr2026 02:26:10.957] [main/DEBUG] [mixin/]: MixinPlatformAgentMinecraftForge rejected container SecureJarResource(artifacts)
[16Apr2026 02:26:10.957] [main/DEBUG] [mixin/]: Instancing new MixinPlatformAgentDefault for SecureJarResource(artifacts)
[16Apr2026 02:26:10.957] [main/DEBUG] [mixin/]: MixinPlatformAgentDefault accepted container SecureJarResource(artifacts)
[16Apr2026 02:26:10.957] [main/DEBUG] [mixin/]: Processing prepare() for PlatformAgent[MixinPlatformAgentDefault:SecureJarResource(artifacts)]
[16Apr2026 02:26:10.958] [main/DEBUG] [mixin/]: Registering mixin config: mixins.artifacts.common.json
[16Apr2026 02:26:10.960] [main/DEBUG] [mixin/]: Registering mixin config: mixins.artifacts.forge.json
[16Apr2026 02:26:10.961] [main/DEBUG] [mixin/]: Adding mixin platform agents for container SecureJarResource(yungsapi)
[16Apr2026 02:26:10.961] [main/DEBUG] [mixin/]: Instancing new MixinPlatformAgentMinecraftForge for SecureJarResource(yungsapi)
[16Apr2026 02:26:10.961] [main/DEBUG] [mixin/]: MixinPlatformAgentMinecraftForge rejected container SecureJarResource(yungsapi)
[16Apr2026 02:26:10.962] [main/DEBUG] [mixin/]: Instancing new MixinPlatformAgentDefault for SecureJarResource(yungsapi)
[16Apr2026 02:26:10.962] [main/DEBUG] [mixin/]: MixinPlatformAgentDefault accepted container SecureJarResource(yungsapi)
[16Apr2026 02:26:10.962] [main/DEBUG] [mixin/]: Processing prepare() for PlatformAgent[MixinPlatformAgentDefault:SecureJarResource(yungsapi)]
[16Apr2026 02:26:10.962] [main/DEBUG] [mixin/]: Registering mixin config: yungsapi.mixins.json
[16Apr2026 02:26:10.964] [main/DEBUG] [mixin/]: Registering mixin config: yungsapi_forge.mixins.json
[16Apr2026 02:26:10.965] [main/DEBUG] [mixin/]: Adding mixin platform agents for container SecureJarResource(mcwstairs)
[16Apr2026 02:26:10.965] [main/DEBUG] [mixin/]: Instancing new MixinPlatformAgentMinecraftForge for SecureJarResource(mcwstairs)
[16Apr2026 02:26:10.966] [main/DEBUG] [mixin/]: MixinPlatformAgentMinecraftForge rejected container SecureJarResource(mcwstairs)
[16Apr2026 02:26:10.966] [main/DEBUG] [mixin/]: Instancing new MixinPlatformAgentDefault for SecureJarResource(mcwstairs)
[16Apr2026 02:26:10.966] [main/DEBUG] [mixin/]: MixinPlatformAgentDefault accepted container SecureJarResource(mcwstairs)
[16Apr2026 02:26:10.966] [main/DEBUG] [mixin/]: Processing prepare() for PlatformAgent[MixinPlatformAgentDefault:SecureJarResource(mcwstairs)]
[16Apr2026 02:26:10.966] [main/DEBUG] [mixin/]: Adding mixin platform agents for container SecureJarResource(mr_veinminer)
[16Apr2026 02:26:10.966] [main/DEBUG] [mixin/]: Instancing new MixinPlatformAgentMinecraftForge for SecureJarResource(mr_veinminer)
[16Apr2026 02:26:10.966] [main/DEBUG] [mixin/]: MixinPlatformAgentMinecraftForge rejected container SecureJarResource(mr_veinminer)
[16Apr2026 02:26:10.966] [main/DEBUG] [mixin/]: Instancing new MixinPlatformAgentDefault for SecureJarResource(mr_veinminer)
[16Apr2026 02:26:10.966] [main/DEBUG] [mixin/]: MixinPlatformAgentDefault accepted container SecureJarResource(mr_veinminer)
[16Apr2026 02:26:10.966] [main/DEBUG] [mixin/]: Processing prepare() for PlatformAgent[MixinPlatformAgentDefault:SecureJarResource(mr_veinminer)]
[16Apr2026 02:26:10.966] [main/DEBUG] [mixin/]: Adding mixin platform agents for container SecureJarResource(glitchcore)
[16Apr2026 02:26:10.967] [main/DEBUG] [mixin/]: Instancing new MixinPlatformAgentMinecraftForge for SecureJarResource(glitchcore)
[16Apr2026 02:26:10.967] [main/DEBUG] [mixin/]: MixinPlatformAgentMinecraftForge rejected container SecureJarResource(glitchcore)
[16Apr2026 02:26:10.967] [main/DEBUG] [mixin/]: Instancing new MixinPlatformAgentDefault for SecureJarResource(glitchcore)
[16Apr2026 02:26:10.967] [main/DEBUG] [mixin/]: MixinPlatformAgentDefault accepted container SecureJarResource(glitchcore)
[16Apr2026 02:26:10.967] [main/DEBUG] [mixin/]: Processing prepare() for PlatformAgent[MixinPlatformAgentDefault:SecureJarResource(glitchcore)]
[16Apr2026 02:26:10.967] [main/DEBUG] [mixin/]: Registering mixin config: glitchcore.mixins.json
[16Apr2026 02:26:10.968] [main/DEBUG] [mixin/]: Registering mixin config: glitchcore.forge.mixins.json
[16Apr2026 02:26:10.970] [main/DEBUG] [mixin/]: Adding mixin platform agents for container SecureJarResource(guardvillagers)
[16Apr2026 02:26:10.970] [main/DEBUG] [mixin/]: Instancing new MixinPlatformAgentMinecraftForge for SecureJarResource(guardvillagers)
[16Apr2026 02:26:10.970] [main/DEBUG] [mixin/]: MixinPlatformAgentMinecraftForge rejected container SecureJarResource(guardvillagers)
[16Apr2026 02:26:10.970] [main/DEBUG] [mixin/]: Instancing new MixinPlatformAgentDefault for SecureJarResource(guardvillagers)
[16Apr2026 02:26:10.970] [main/DEBUG] [mixin/]: MixinPlatformAgentDefault accepted container SecureJarResource(guardvillagers)
[16Apr2026 02:26:10.970] [main/DEBUG] [mixin/]: Processing prepare() for PlatformAgent[MixinPlatformAgentDefault:SecureJarResource(guardvillagers)]
[16Apr2026 02:26:10.970] [main/DEBUG] [mixin/]: Registering mixin config: guardvillagers.mixins.json
[16Apr2026 02:26:10.972] [main/DEBUG] [mixin/]: Adding mixin platform agents for container SecureJarResource(relics)
[16Apr2026 02:26:10.972] [main/DEBUG] [mixin/]: Instancing new MixinPlatformAgentMinecraftForge for SecureJarResource(relics)
[16Apr2026 02:26:10.972] [main/DEBUG] [mixin/]: MixinPlatformAgentMinecraftForge rejected container SecureJarResource(relics)
[16Apr2026 02:26:10.973] [main/DEBUG] [mixin/]: Instancing new MixinPlatformAgentDefault for SecureJarResource(relics)
[16Apr2026 02:26:10.973] [main/DEBUG] [mixin/]: MixinPlatformAgentDefault accepted container SecureJarResource(relics)
[16Apr2026 02:26:10.973] [main/DEBUG] [mixin/]: Processing prepare() for PlatformAgent[MixinPlatformAgentDefault:SecureJarResource(relics)]
[16Apr2026 02:26:10.973] [main/DEBUG] [mixin/]: Registering mixin config: relics.mixins.json
[16Apr2026 02:26:10.975] [main/DEBUG] [mixin/]: Compatibility level JAVA_8 specified by relics.mixins.json is lower than the default level supported by the current mixin service (JAVA_16).
[16Apr2026 02:26:10.975] [main/DEBUG] [mixin/]: Adding mixin platform agents for container SecureJarResource(apotheosis)
[16Apr2026 02:26:10.975] [main/DEBUG] [mixin/]: Instancing new MixinPlatformAgentMinecraftForge for SecureJarResource(apotheosis)
[16Apr2026 02:26:10.975] [main/DEBUG] [mixin/]: MixinPlatformAgentMinecraftForge rejected container SecureJarResource(apotheosis)
[16Apr2026 02:26:10.975] [main/DEBUG] [mixin/]: Instancing new MixinPlatformAgentDefault for SecureJarResource(apotheosis)
[16Apr2026 02:26:10.975] [main/DEBUG] [mixin/]: MixinPlatformAgentDefault accepted container SecureJarResource(apotheosis)
[16Apr2026 02:26:10.975] [main/DEBUG] [mixin/]: Processing prepare() for PlatformAgent[MixinPlatformAgentDefault:SecureJarResource(apotheosis)]
[16Apr2026 02:26:10.975] [main/DEBUG] [mixin/]: Registering mixin config: apotheosis.mixins.json
[16Apr2026 02:26:10.977] [main/DEBUG] [mixin/]: Adding mixin platform agents for container SecureJarResource(betterdeserttemples)
[16Apr2026 02:26:10.978] [main/DEBUG] [mixin/]: Instancing new MixinPlatformAgentMinecraftForge for SecureJarResource(betterdeserttemples)
[16Apr2026 02:26:10.978] [main/DEBUG] [mixin/]: MixinPlatformAgentMinecraftForge rejected container SecureJarResource(betterdeserttemples)
[16Apr2026 02:26:10.978] [main/DEBUG] [mixin/]: Instancing new MixinPlatformAgentDefault for SecureJarResource(betterdeserttemples)
[16Apr2026 02:26:10.978] [main/DEBUG] [mixin/]: MixinPlatformAgentDefault accepted container SecureJarResource(betterdeserttemples)
[16Apr2026 02:26:10.978] [main/DEBUG] [mixin/]: Processing prepare() for PlatformAgent[MixinPlatformAgentDefault:SecureJarResource(betterdeserttemples)]
[16Apr2026 02:26:10.978] [main/DEBUG] [mixin/]: Registering mixin config: betterdeserttemples.mixins.json
[16Apr2026 02:26:10.979] [main/DEBUG] [mixin/]: Registering mixin config: betterdeserttemples_forge.mixins.json
[16Apr2026 02:26:10.981] [main/DEBUG] [mixin/]: Adding mixin platform agents for container SecureJarResource(mcwdoors)
[16Apr2026 02:26:10.981] [main/DEBUG] [mixin/]: Instancing new MixinPlatformAgentMinecraftForge for SecureJarResource(mcwdoors)
[16Apr2026 02:26:10.981] [main/DEBUG] [mixin/]: MixinPlatformAgentMinecraftForge rejected container SecureJarResource(mcwdoors)
[16Apr2026 02:26:10.981] [main/DEBUG] [mixin/]: Instancing new MixinPlatformAgentDefault for SecureJarResource(mcwdoors)
[16Apr2026 02:26:10.981] [main/DEBUG] [mixin/]: MixinPlatformAgentDefault accepted container SecureJarResource(mcwdoors)
[16Apr2026 02:26:10.981] [main/DEBUG] [mixin/]: Processing prepare() for PlatformAgent[MixinPlatformAgentDefault:SecureJarResource(mcwdoors)]
[16Apr2026 02:26:10.981] [main/DEBUG] [mixin/]: Adding mixin platform agents for container SecureJarResource(balm)
[16Apr2026 02:26:10.981] [main/DEBUG] [mixin/]: Instancing new MixinPlatformAgentMinecraftForge for SecureJarResource(balm)
[16Apr2026 02:26:10.981] [main/DEBUG] [mixin/]: MixinPlatformAgentMinecraftForge rejected container SecureJarResource(balm)
[16Apr2026 02:26:10.981] [main/DEBUG] [mixin/]: Instancing new MixinPlatformAgentDefault for SecureJarResource(balm)
[16Apr2026 02:26:10.981] [main/DEBUG] [mixin/]: MixinPlatformAgentDefault accepted container SecureJarResource(balm)
[16Apr2026 02:26:10.981] [main/DEBUG] [mixin/]: Processing prepare() for PlatformAgent[MixinPlatformAgentDefault:SecureJarResource(balm)]
[16Apr2026 02:26:10.981] [main/DEBUG] [mixin/]: Registering mixin config: balm.mixins.json
[16Apr2026 02:26:10.983] [main/DEBUG] [mixin/]: Adding mixin platform agents for container SecureJarResource(terralith)
[16Apr2026 02:26:10.983] [main/DEBUG] [mixin/]: Instancing new MixinPlatformAgentMinecraftForge for SecureJarResource(terralith)
[16Apr2026 02:26:10.983] [main/DEBUG] [mixin/]: MixinPlatformAgentMinecraftForge rejected container SecureJarResource(terralith)
[16Apr2026 02:26:10.983] [main/DEBUG] [mixin/]: Instancing new MixinPlatformAgentDefault for SecureJarResource(terralith)
[16Apr2026 02:26:10.983] [main/DEBUG] [mixin/]: MixinPlatformAgentDefault accepted container SecureJarResource(terralith)
[16Apr2026 02:26:10.983] [main/DEBUG] [mixin/]: Processing prepare() for PlatformAgent[MixinPlatformAgentDefault:SecureJarResource(terralith)]
[16Apr2026 02:26:10.984] [main/DEBUG] [mixin/]: Adding mixin platform agents for container SecureJarResource(immersive_armors)
[16Apr2026 02:26:10.984] [main/DEBUG] [mixin/]: Instancing new MixinPlatformAgentMinecraftForge for SecureJarResource(immersive_armors)
[16Apr2026 02:26:10.984] [main/DEBUG] [mixin/]: MixinPlatformAgentMinecraftForge rejected container SecureJarResource(immersive_armors)
[16Apr2026 02:26:10.984] [main/DEBUG] [mixin/]: Instancing new MixinPlatformAgentDefault for SecureJarResource(immersive_armors)
[16Apr2026 02:26:10.984] [main/DEBUG] [mixin/]: MixinPlatformAgentDefault accepted container SecureJarResource(immersive_armors)
[16Apr2026 02:26:10.984] [main/DEBUG] [mixin/]: Processing prepare() for PlatformAgent[MixinPlatformAgentDefault:SecureJarResource(immersive_armors)]
[16Apr2026 02:26:10.984] [main/DEBUG] [mixin/]: Registering mixin config: immersive_armors.mixins.json
[16Apr2026 02:26:10.987] [main/DEBUG] [mixin/]: Adding mixin platform agents for container SecureJarResource(carryon)
[16Apr2026 02:26:10.987] [main/DEBUG] [mixin/]: Instancing new MixinPlatformAgentMinecraftForge for SecureJarResource(carryon)
[16Apr2026 02:26:10.987] [main/DEBUG] [mixin/]: MixinPlatformAgentMinecraftForge rejected container SecureJarResource(carryon)
[16Apr2026 02:26:10.987] [main/DEBUG] [mixin/]: Instancing new MixinPlatformAgentDefault for SecureJarResource(carryon)
[16Apr2026 02:26:10.987] [main/DEBUG] [mixin/]: MixinPlatformAgentDefault accepted container SecureJarResource(carryon)
[16Apr2026 02:26:10.987] [main/DEBUG] [mixin/]: Processing prepare() for PlatformAgent[MixinPlatformAgentDefault:SecureJarResource(carryon)]
[16Apr2026 02:26:10.987] [main/DEBUG] [mixin/]: Registering mixin config: carryon.mixins.json
[16Apr2026 02:26:10.990] [main/DEBUG] [mixin/]: Registering mixin config: carryon.forge.mixins.json
[16Apr2026 02:26:10.992] [main/DEBUG] [mixin/]: Adding mixin platform agents for container SecureJarResource(puzzlesaccessapi)
[16Apr2026 02:26:10.992] [main/DEBUG] [mixin/]: Instancing new MixinPlatformAgentMinecraftForge for SecureJarResource(puzzlesaccessapi)
[16Apr2026 02:26:10.992] [main/DEBUG] [mixin/]: MixinPlatformAgentMinecraftForge rejected container SecureJarResource(puzzlesaccessapi)
[16Apr2026 02:26:10.992] [main/DEBUG] [mixin/]: Instancing new MixinPlatformAgentDefault for SecureJarResource(puzzlesaccessapi)
[16Apr2026 02:26:10.992] [main/DEBUG] [mixin/]: MixinPlatformAgentDefault accepted container SecureJarResource(puzzlesaccessapi)
[16Apr2026 02:26:10.992] [main/DEBUG] [mixin/]: Processing prepare() for PlatformAgent[MixinPlatformAgentDefault:SecureJarResource(puzzlesaccessapi)]
[16Apr2026 02:26:10.992] [main/DEBUG] [mixin/]: Registering mixin config: puzzlesaccessapi.common.mixins.json
[16Apr2026 02:26:10.994] [main/DEBUG] [mixin/]: Registering mixin config: puzzlesaccessapi.forge.mixins.json
[16Apr2026 02:26:10.996] [main/DEBUG] [mixin/]: Adding mixin platform agents for container SecureJarResource(dungeons_arise_seven_seas)
[16Apr2026 02:26:10.996] [main/DEBUG] [mixin/]: Instancing new MixinPlatformAgentMinecraftForge for SecureJarResource(dungeons_arise_seven_seas)
[16Apr2026 02:26:10.996] [main/DEBUG] [mixin/]: MixinPlatformAgentMinecraftForge rejected container SecureJarResource(dungeons_arise_seven_seas)
[16Apr2026 02:26:10.996] [main/DEBUG] [mixin/]: Instancing new MixinPlatformAgentDefault for SecureJarResource(dungeons_arise_seven_seas)
[16Apr2026 02:26:10.996] [main/DEBUG] [mixin/]: MixinPlatformAgentDefault accepted container SecureJarResource(dungeons_arise_seven_seas)
[16Apr2026 02:26:10.996] [main/DEBUG] [mixin/]: Processing prepare() for PlatformAgent[MixinPlatformAgentDefault:SecureJarResource(dungeons_arise_seven_seas)]
[16Apr2026 02:26:10.996] [main/DEBUG] [mixin/]: Adding mixin platform agents for container SecureJarResource(cloth_config)
[16Apr2026 02:26:10.996] [main/DEBUG] [mixin/]: Instancing new MixinPlatformAgentMinecraftForge for SecureJarResource(cloth_config)
[16Apr2026 02:26:10.996] [main/DEBUG] [mixin/]: MixinPlatformAgentMinecraftForge rejected container SecureJarResource(cloth_config)
[16Apr2026 02:26:10.996] [main/DEBUG] [mixin/]: Instancing new MixinPlatformAgentDefault for SecureJarResource(cloth_config)
[16Apr2026 02:26:10.996] [main/DEBUG] [mixin/]: MixinPlatformAgentDefault accepted container SecureJarResource(cloth_config)
[16Apr2026 02:26:10.997] [main/DEBUG] [mixin/]: Processing prepare() for PlatformAgent[MixinPlatformAgentDefault:SecureJarResource(cloth_config)]
[16Apr2026 02:26:10.997] [main/DEBUG] [mixin/]: Adding mixin platform agents for container SecureJarResource(forge)
[16Apr2026 02:26:10.997] [main/DEBUG] [mixin/]: Instancing new MixinPlatformAgentMinecraftForge for SecureJarResource(forge)
[16Apr2026 02:26:10.997] [main/DEBUG] [mixin/]: MixinPlatformAgentMinecraftForge rejected container SecureJarResource(forge)
[16Apr2026 02:26:10.997] [main/DEBUG] [mixin/]: Instancing new MixinPlatformAgentDefault for SecureJarResource(forge)
[16Apr2026 02:26:10.997] [main/DEBUG] [mixin/]: MixinPlatformAgentDefault accepted container SecureJarResource(forge)
[16Apr2026 02:26:10.998] [main/DEBUG] [mixin/]: Processing prepare() for PlatformAgent[MixinPlatformAgentDefault:SecureJarResource(forge)]
[16Apr2026 02:26:10.998] [main/DEBUG] [mixin/]: Adding mixin platform agents for container SecureJarResource(supplementaries)
[16Apr2026 02:26:10.998] [main/DEBUG] [mixin/]: Instancing new MixinPlatformAgentMinecraftForge for SecureJarResource(supplementaries)
[16Apr2026 02:26:10.998] [main/DEBUG] [mixin/]: MixinPlatformAgentMinecraftForge rejected container SecureJarResource(supplementaries)
[16Apr2026 02:26:10.998] [main/DEBUG] [mixin/]: Instancing new MixinPlatformAgentDefault for SecureJarResource(supplementaries)
[16Apr2026 02:26:10.998] [main/DEBUG] [mixin/]: MixinPlatformAgentDefault accepted container SecureJarResource(supplementaries)
[16Apr2026 02:26:10.998] [main/DEBUG] [mixin/]: Processing prepare() for PlatformAgent[MixinPlatformAgentDefault:SecureJarResource(supplementaries)]
[16Apr2026 02:26:10.998] [main/DEBUG] [mixin/]: Registering mixin config: supplementaries-common.mixins.json
[16Apr2026 02:26:11.002] [main/DEBUG] [mixin/]: Registering mixin config: supplementaries.mixins.json
[16Apr2026 02:26:11.004] [main/DEBUG] [mixin/]: Adding mixin platform agents for container SecureJarResource(dungeons_arise)
[16Apr2026 02:26:11.004] [main/DEBUG] [mixin/]: Instancing new MixinPlatformAgentMinecraftForge for SecureJarResource(dungeons_arise)
[16Apr2026 02:26:11.004] [main/DEBUG] [mixin/]: MixinPlatformAgentMinecraftForge rejected container SecureJarResource(dungeons_arise)
[16Apr2026 02:26:11.004] [main/DEBUG] [mixin/]: Instancing new MixinPlatformAgentDefault for SecureJarResource(dungeons_arise)
[16Apr2026 02:26:11.004] [main/DEBUG] [mixin/]: MixinPlatformAgentDefault accepted container SecureJarResource(dungeons_arise)
[16Apr2026 02:26:11.004] [main/DEBUG] [mixin/]: Processing prepare() for PlatformAgent[MixinPlatformAgentDefault:SecureJarResource(dungeons_arise)]
[16Apr2026 02:26:11.004] [main/DEBUG] [mixin/]: Adding mixin platform agents for container SecureJarResource(minecraft)
[16Apr2026 02:26:11.004] [main/DEBUG] [mixin/]: Instancing new MixinPlatformAgentMinecraftForge for SecureJarResource(minecraft)
[16Apr2026 02:26:11.004] [main/DEBUG] [mixin/]: MixinPlatformAgentMinecraftForge rejected container SecureJarResource(minecraft)
[16Apr2026 02:26:11.004] [main/DEBUG] [mixin/]: Instancing new MixinPlatformAgentDefault for SecureJarResource(minecraft)
[16Apr2026 02:26:11.004] [main/DEBUG] [mixin/]: MixinPlatformAgentDefault accepted container SecureJarResource(minecraft)
[16Apr2026 02:26:11.004] [main/DEBUG] [mixin/]: Processing prepare() for PlatformAgent[MixinPlatformAgentDefault:SecureJarResource(minecraft)]
[16Apr2026 02:26:11.004] [main/DEBUG] [mixin/]: Adding mixin platform agents for container SecureJarResource(hiccups_legacy)
[16Apr2026 02:26:11.004] [main/DEBUG] [mixin/]: Instancing new MixinPlatformAgentMinecraftForge for SecureJarResource(hiccups_legacy)
[16Apr2026 02:26:11.004] [main/DEBUG] [mixin/]: MixinPlatformAgentMinecraftForge rejected container SecureJarResource(hiccups_legacy)
[16Apr2026 02:26:11.004] [main/DEBUG] [mixin/]: Instancing new MixinPlatformAgentDefault for SecureJarResource(hiccups_legacy)
[16Apr2026 02:26:11.004] [main/DEBUG] [mixin/]: MixinPlatformAgentDefault accepted container SecureJarResource(hiccups_legacy)
[16Apr2026 02:26:11.004] [main/DEBUG] [mixin/]: Processing prepare() for PlatformAgent[MixinPlatformAgentDefault:SecureJarResource(hiccups_legacy)]
[16Apr2026 02:26:11.004] [main/DEBUG] [mixin/]: Adding mixin platform agents for container SecureJarResource(mcwbridges)
[16Apr2026 02:26:11.005] [main/DEBUG] [mixin/]: Instancing new MixinPlatformAgentMinecraftForge for SecureJarResource(mcwbridges)
[16Apr2026 02:26:11.005] [main/DEBUG] [mixin/]: MixinPlatformAgentMinecraftForge rejected container SecureJarResource(mcwbridges)
[16Apr2026 02:26:11.005] [main/DEBUG] [mixin/]: Instancing new MixinPlatformAgentDefault for SecureJarResource(mcwbridges)
[16Apr2026 02:26:11.005] [main/DEBUG] [mixin/]: MixinPlatformAgentDefault accepted container SecureJarResource(mcwbridges)
[16Apr2026 02:26:11.005] [main/DEBUG] [mixin/]: Processing prepare() for PlatformAgent[MixinPlatformAgentDefault:SecureJarResource(mcwbridges)]
[16Apr2026 02:26:11.005] [main/DEBUG] [mixin/]: Adding mixin platform agents for container SecureJarResource(farmersdelight)
[16Apr2026 02:26:11.005] [main/DEBUG] [mixin/]: Instancing new MixinPlatformAgentMinecraftForge for SecureJarResource(farmersdelight)
[16Apr2026 02:26:11.005] [main/DEBUG] [mixin/]: MixinPlatformAgentMinecraftForge rejected container SecureJarResource(farmersdelight)
[16Apr2026 02:26:11.005] [main/DEBUG] [mixin/]: Instancing new MixinPlatformAgentDefault for SecureJarResource(farmersdelight)
[16Apr2026 02:26:11.005] [main/DEBUG] [mixin/]: MixinPlatformAgentDefault accepted container SecureJarResource(farmersdelight)
[16Apr2026 02:26:11.005] [main/DEBUG] [mixin/]: Processing prepare() for PlatformAgent[MixinPlatformAgentDefault:SecureJarResource(farmersdelight)]
[16Apr2026 02:26:11.005] [main/DEBUG] [mixin/]: Registering mixin config: farmersdelight.mixins.json
[16Apr2026 02:26:11.007] [main/DEBUG] [mixin/]: Adding mixin platform agents for container SecureJarResource(terrablender)
[16Apr2026 02:26:11.007] [main/DEBUG] [mixin/]: Instancing new MixinPlatformAgentMinecraftForge for SecureJarResource(terrablender)
[16Apr2026 02:26:11.007] [main/DEBUG] [mixin/]: MixinPlatformAgentMinecraftForge rejected container SecureJarResource(terrablender)
[16Apr2026 02:26:11.007] [main/DEBUG] [mixin/]: Instancing new MixinPlatformAgentDefault for SecureJarResource(terrablender)
[16Apr2026 02:26:11.007] [main/DEBUG] [mixin/]: MixinPlatformAgentDefault accepted container SecureJarResource(terrablender)
[16Apr2026 02:26:11.007] [main/DEBUG] [mixin/]: Processing prepare() for PlatformAgent[MixinPlatformAgentDefault:SecureJarResource(terrablender)]
[16Apr2026 02:26:11.008] [main/DEBUG] [mixin/]: Registering mixin config: terrablender.mixins.json
[16Apr2026 02:26:11.009] [main/DEBUG] [mixin/]: Registering mixin config: terrablender_forge.mixins.json
[16Apr2026 02:26:11.011] [main/DEBUG] [mixin/]: Adding mixin platform agents for container SecureJarResource(moonlight)
[16Apr2026 02:26:11.011] [main/DEBUG] [mixin/]: Instancing new MixinPlatformAgentMinecraftForge for SecureJarResource(moonlight)
[16Apr2026 02:26:11.011] [main/DEBUG] [mixin/]: MixinPlatformAgentMinecraftForge rejected container SecureJarResource(moonlight)
[16Apr2026 02:26:11.011] [main/DEBUG] [mixin/]: Instancing new MixinPlatformAgentDefault for SecureJarResource(moonlight)
[16Apr2026 02:26:11.011] [main/DEBUG] [mixin/]: MixinPlatformAgentDefault accepted container SecureJarResource(moonlight)
[16Apr2026 02:26:11.011] [main/DEBUG] [mixin/]: Processing prepare() for PlatformAgent[MixinPlatformAgentDefault:SecureJarResource(moonlight)]
[16Apr2026 02:26:11.011] [main/DEBUG] [mixin/]: Registering mixin config: moonlight-common.mixins.json
[16Apr2026 02:26:11.014] [main/DEBUG] [mixin/]: Registering mixin config: moonlight.mixins.json
[16Apr2026 02:26:11.016] [main/DEBUG] [mixin/]: Adding mixin platform agents for container SecureJarResource(endermanoverhaul)
[16Apr2026 02:26:11.016] [main/DEBUG] [mixin/]: Instancing new MixinPlatformAgentMinecraftForge for SecureJarResource(endermanoverhaul)
[16Apr2026 02:26:11.016] [main/DEBUG] [mixin/]: MixinPlatformAgentMinecraftForge rejected container SecureJarResource(endermanoverhaul)
[16Apr2026 02:26:11.016] [main/DEBUG] [mixin/]: Instancing new MixinPlatformAgentDefault for SecureJarResource(endermanoverhaul)
[16Apr2026 02:26:11.016] [main/DEBUG] [mixin/]: MixinPlatformAgentDefault accepted container SecureJarResource(endermanoverhaul)
[16Apr2026 02:26:11.016] [main/DEBUG] [mixin/]: Processing prepare() for PlatformAgent[MixinPlatformAgentDefault:SecureJarResource(endermanoverhaul)]
[16Apr2026 02:26:11.016] [main/DEBUG] [mixin/]: Registering mixin config: endermanoverhaul-common.mixins.json
[16Apr2026 02:26:11.018] [main/DEBUG] [mixin/]: Registering mixin config: endermanoverhaul.mixins.json
[16Apr2026 02:26:11.020] [main/DEBUG] [mixin/]: Adding mixin platform agents for container SecureJarResource(biomesoplenty)
[16Apr2026 02:26:11.020] [main/DEBUG] [mixin/]: Instancing new MixinPlatformAgentMinecraftForge for SecureJarResource(biomesoplenty)
[16Apr2026 02:26:11.020] [main/DEBUG] [mixin/]: MixinPlatformAgentMinecraftForge rejected container SecureJarResource(biomesoplenty)
[16Apr2026 02:26:11.020] [main/DEBUG] [mixin/]: Instancing new MixinPlatformAgentDefault for SecureJarResource(biomesoplenty)
[16Apr2026 02:26:11.020] [main/DEBUG] [mixin/]: MixinPlatformAgentDefault accepted container SecureJarResource(biomesoplenty)
[16Apr2026 02:26:11.021] [main/DEBUG] [mixin/]: Processing prepare() for PlatformAgent[MixinPlatformAgentDefault:SecureJarResource(biomesoplenty)]
[16Apr2026 02:26:11.021] [main/DEBUG] [mixin/]: Registering mixin config: biomesoplenty.mixins.json
[16Apr2026 02:26:11.022] [main/DEBUG] [mixin/]: Registering mixin config: biomesoplenty.forge.mixins.json
[16Apr2026 02:26:11.024] [main/DEBUG] [mixin/]: Adding mixin platform agents for container SecureJarResource(mixinsquared)
[16Apr2026 02:26:11.024] [main/DEBUG] [mixin/]: Instancing new MixinPlatformAgentMinecraftForge for SecureJarResource(mixinsquared)
[16Apr2026 02:26:11.024] [main/DEBUG] [mixin/]: MixinPlatformAgentMinecraftForge rejected container SecureJarResource(mixinsquared)
[16Apr2026 02:26:11.024] [main/DEBUG] [mixin/]: Instancing new MixinPlatformAgentDefault for SecureJarResource(mixinsquared)
[16Apr2026 02:26:11.024] [main/DEBUG] [mixin/]: MixinPlatformAgentDefault accepted container SecureJarResource(mixinsquared)
[16Apr2026 02:26:11.024] [main/DEBUG] [mixin/]: Processing prepare() for PlatformAgent[MixinPlatformAgentDefault:SecureJarResource(mixinsquared)]
[16Apr2026 02:26:11.024] [main/DEBUG] [mixin/]: Registering mixin config: mixinsquared.init.mixins.json
[16Apr2026 02:26:11.026] [main/DEBUG] [mixin/]: Adding mixin platform agents for container SecureJarResource(jade)
[16Apr2026 02:26:11.026] [main/DEBUG] [mixin/]: Instancing new MixinPlatformAgentMinecraftForge for SecureJarResource(jade)
[16Apr2026 02:26:11.026] [main/DEBUG] [mixin/]: MixinPlatformAgentMinecraftForge rejected container SecureJarResource(jade)
[16Apr2026 02:26:11.026] [main/DEBUG] [mixin/]: Instancing new MixinPlatformAgentDefault for SecureJarResource(jade)
[16Apr2026 02:26:11.026] [main/DEBUG] [mixin/]: MixinPlatformAgentDefault accepted container SecureJarResource(jade)
[16Apr2026 02:26:11.026] [main/DEBUG] [mixin/]: Processing prepare() for PlatformAgent[MixinPlatformAgentDefault:SecureJarResource(jade)]
[16Apr2026 02:26:11.026] [main/DEBUG] [mixin/]: Registering mixin config: jade.mixins.json
[16Apr2026 02:26:11.027] [main/DEBUG] [mixin/]: Compatibility level JAVA_16 specified by jade.mixins.json is higher than the maximum level supported by this version of mixin (JAVA_13).
[16Apr2026 02:26:11.028] [main/DEBUG] [mixin/]: Adding mixin platform agents for container SecureJarResource(another_furniture)
[16Apr2026 02:26:11.028] [main/DEBUG] [mixin/]: Instancing new MixinPlatformAgentMinecraftForge for SecureJarResource(another_furniture)
[16Apr2026 02:26:11.028] [main/DEBUG] [mixin/]: MixinPlatformAgentMinecraftForge rejected container SecureJarResource(another_furniture)
[16Apr2026 02:26:11.028] [main/DEBUG] [mixin/]: Instancing new MixinPlatformAgentDefault for SecureJarResource(another_furniture)
[16Apr2026 02:26:11.028] [main/DEBUG] [mixin/]: MixinPlatformAgentDefault accepted container SecureJarResource(another_furniture)
[16Apr2026 02:26:11.028] [main/DEBUG] [mixin/]: Processing prepare() for PlatformAgent[MixinPlatformAgentDefault:SecureJarResource(another_furniture)]
[16Apr2026 02:26:11.028] [main/DEBUG] [mixin/]: Registering mixin config: another_furniture-common.mixins.json
[16Apr2026 02:26:11.029] [main/DEBUG] [mixin/]: Registering mixin config: another_furniture.mixins.json
[16Apr2026 02:26:11.030] [main/DEBUG] [mixin/]: Adding mixin platform agents for container SecureJarResource(chunky)
[16Apr2026 02:26:11.031] [main/DEBUG] [mixin/]: Instancing new MixinPlatformAgentMinecraftForge for SecureJarResource(chunky)
[16Apr2026 02:26:11.031] [main/DEBUG] [mixin/]: MixinPlatformAgentMinecraftForge rejected container SecureJarResource(chunky)
[16Apr2026 02:26:11.031] [main/DEBUG] [mixin/]: Instancing new MixinPlatformAgentDefault for SecureJarResource(chunky)
[16Apr2026 02:26:11.031] [main/DEBUG] [mixin/]: MixinPlatformAgentDefault accepted container SecureJarResource(chunky)
[16Apr2026 02:26:11.031] [main/DEBUG] [mixin/]: Processing prepare() for PlatformAgent[MixinPlatformAgentDefault:SecureJarResource(chunky)]
[16Apr2026 02:26:11.031] [main/DEBUG] [mixin/]: Adding mixin platform agents for container SecureJarResource(mcwfences)
[16Apr2026 02:26:11.031] [main/DEBUG] [mixin/]: Instancing new MixinPlatformAgentMinecraftForge for SecureJarResource(mcwfences)
[16Apr2026 02:26:11.031] [main/DEBUG] [mixin/]: MixinPlatformAgentMinecraftForge rejected container SecureJarResource(mcwfences)
[16Apr2026 02:26:11.031] [main/DEBUG] [mixin/]: Instancing new MixinPlatformAgentDefault for SecureJarResource(mcwfences)
[16Apr2026 02:26:11.031] [main/DEBUG] [mixin/]: MixinPlatformAgentDefault accepted container SecureJarResource(mcwfences)
[16Apr2026 02:26:11.031] [main/DEBUG] [mixin/]: Processing prepare() for PlatformAgent[MixinPlatformAgentDefault:SecureJarResource(mcwfences)]
[16Apr2026 02:26:11.031] [main/DEBUG] [mixin/]: Adding mixin platform agents for container SecureJarResource(watching)
[16Apr2026 02:26:11.031] [main/DEBUG] [mixin/]: Instancing new MixinPlatformAgentMinecraftForge for SecureJarResource(watching)
[16Apr2026 02:26:11.031] [main/DEBUG] [mixin/]: MixinPlatformAgentMinecraftForge rejected container SecureJarResource(watching)
[16Apr2026 02:26:11.031] [main/DEBUG] [mixin/]: Instancing new MixinPlatformAgentDefault for SecureJarResource(watching)
[16Apr2026 02:26:11.031] [main/DEBUG] [mixin/]: MixinPlatformAgentDefault accepted container SecureJarResource(watching)
[16Apr2026 02:26:11.031] [main/DEBUG] [mixin/]: Processing prepare() for PlatformAgent[MixinPlatformAgentDefault:SecureJarResource(watching)]
[16Apr2026 02:26:11.031] [main/DEBUG] [mixin/]: Adding mixin platform agents for container SecureJarResource(platform)
[16Apr2026 02:26:11.031] [main/DEBUG] [mixin/]: Instancing new MixinPlatformAgentMinecraftForge for SecureJarResource(platform)
[16Apr2026 02:26:11.031] [main/DEBUG] [mixin/]: MixinPlatformAgentMinecraftForge rejected container SecureJarResource(platform)
[16Apr2026 02:26:11.031] [main/DEBUG] [mixin/]: Instancing new MixinPlatformAgentDefault for SecureJarResource(platform)
[16Apr2026 02:26:11.031] [main/DEBUG] [mixin/]: MixinPlatformAgentDefault accepted container SecureJarResource(platform)
[16Apr2026 02:26:11.031] [main/DEBUG] [mixin/]: Processing prepare() for PlatformAgent[MixinPlatformAgentDefault:SecureJarResource(platform)]
[16Apr2026 02:26:11.031] [main/DEBUG] [mixin/]: Registering mixin config: platform.mixins.json
[16Apr2026 02:26:11.033] [main/DEBUG] [mixin/]: Registering mixin config: platform-common.mixins.json
[16Apr2026 02:26:11.035] [main/DEBUG] [mixin/]: Adding mixin platform agents for container SecureJarResource(vanillabackport)
[16Apr2026 02:26:11.036] [main/DEBUG] [mixin/]: Instancing new MixinPlatformAgentMinecraftForge for SecureJarResource(vanillabackport)
[16Apr2026 02:26:11.036] [main/DEBUG] [mixin/]: MixinPlatformAgentMinecraftForge rejected container SecureJarResource(vanillabackport)
[16Apr2026 02:26:11.036] [main/DEBUG] [mixin/]: Instancing new MixinPlatformAgentDefault for SecureJarResource(vanillabackport)
[16Apr2026 02:26:11.036] [main/DEBUG] [mixin/]: MixinPlatformAgentDefault accepted container SecureJarResource(vanillabackport)
[16Apr2026 02:26:11.036] [main/DEBUG] [mixin/]: Processing prepare() for PlatformAgent[MixinPlatformAgentDefault:SecureJarResource(vanillabackport)]
[16Apr2026 02:26:11.036] [main/DEBUG] [mixin/]: Registering mixin config: vanillabackport.mixins.json
[16Apr2026 02:26:11.038] [main/DEBUG] [mixin/]: Registering mixin config: vanillabackport.forge.mixins.json
[16Apr2026 02:26:11.040] [main/DEBUG] [mixin/]: Adding mixin platform agents for container SecureJarResource(resourcefulconfig)
[16Apr2026 02:26:11.040] [main/DEBUG] [mixin/]: Instancing new MixinPlatformAgentMinecraftForge for SecureJarResource(resourcefulconfig)
[16Apr2026 02:26:11.040] [main/DEBUG] [mixin/]: MixinPlatformAgentMinecraftForge rejected container SecureJarResource(resourcefulconfig)
[16Apr2026 02:26:11.040] [main/DEBUG] [mixin/]: Instancing new MixinPlatformAgentDefault for SecureJarResource(resourcefulconfig)
[16Apr2026 02:26:11.040] [main/DEBUG] [mixin/]: MixinPlatformAgentDefault accepted container SecureJarResource(resourcefulconfig)
[16Apr2026 02:26:11.040] [main/DEBUG] [mixin/]: Processing prepare() for PlatformAgent[MixinPlatformAgentDefault:SecureJarResource(resourcefulconfig)]
[16Apr2026 02:26:11.040] [main/DEBUG] [mixin/]: Adding mixin platform agents for container SecureJarResource(ksyxis)
[16Apr2026 02:26:11.040] [main/DEBUG] [mixin/]: Instancing new MixinPlatformAgentMinecraftForge for SecureJarResource(ksyxis)
[16Apr2026 02:26:11.040] [main/DEBUG] [mixin/]: MixinPlatformAgentMinecraftForge rejected container SecureJarResource(ksyxis)
[16Apr2026 02:26:11.041] [main/DEBUG] [mixin/]: Instancing new MixinPlatformAgentDefault for SecureJarResource(ksyxis)
[16Apr2026 02:26:11.041] [main/DEBUG] [mixin/]: MixinPlatformAgentDefault accepted container SecureJarResource(ksyxis)
[16Apr2026 02:26:11.041] [main/DEBUG] [mixin/]: Processing prepare() for PlatformAgent[MixinPlatformAgentDefault:SecureJarResource(ksyxis)]
[16Apr2026 02:26:11.041] [main/DEBUG] [mixin/]: Registering mixin config: ksyxis.mixins.json
[16Apr2026 02:26:11.042] [main/DEBUG] [mixin/]: Compatibility level JAVA_8 specified by ksyxis.mixins.json is lower than the default level supported by the current mixin service (JAVA_16).
[16Apr2026 02:26:11.042] [main/DEBUG] [mixin/]: Adding mixin platform agents for container SecureJarResource(lionfishapi)
[16Apr2026 02:26:11.043] [main/DEBUG] [mixin/]: Instancing new MixinPlatformAgentMinecraftForge for SecureJarResource(lionfishapi)
[16Apr2026 02:26:11.043] [main/DEBUG] [mixin/]: MixinPlatformAgentMinecraftForge rejected container SecureJarResource(lionfishapi)
[16Apr2026 02:26:11.043] [main/DEBUG] [mixin/]: Instancing new MixinPlatformAgentDefault for SecureJarResource(lionfishapi)
[16Apr2026 02:26:11.043] [main/DEBUG] [mixin/]: MixinPlatformAgentDefault accepted container SecureJarResource(lionfishapi)
[16Apr2026 02:26:11.043] [main/DEBUG] [mixin/]: Processing prepare() for PlatformAgent[MixinPlatformAgentDefault:SecureJarResource(lionfishapi)]
[16Apr2026 02:26:11.043] [main/DEBUG] [mixin/]: Registering mixin config: lionfishapi.mixins.json
[16Apr2026 02:26:11.045] [main/DEBUG] [mixin/]: Adding mixin platform agents for container SecureJarResource(spark)
[16Apr2026 02:26:11.045] [main/DEBUG] [mixin/]: Instancing new MixinPlatformAgentMinecraftForge for SecureJarResource(spark)
[16Apr2026 02:26:11.045] [main/DEBUG] [mixin/]: MixinPlatformAgentMinecraftForge rejected container SecureJarResource(spark)
[16Apr2026 02:26:11.045] [main/DEBUG] [mixin/]: Instancing new MixinPlatformAgentDefault for SecureJarResource(spark)
[16Apr2026 02:26:11.045] [main/DEBUG] [mixin/]: MixinPlatformAgentDefault accepted container SecureJarResource(spark)
[16Apr2026 02:26:11.045] [main/DEBUG] [mixin/]: Processing prepare() for PlatformAgent[MixinPlatformAgentDefault:SecureJarResource(spark)]
[16Apr2026 02:26:11.045] [main/DEBUG] [mixin/]: Adding mixin platform agents for container SecureJarResource(mysticaloaktree)
[16Apr2026 02:26:11.045] [main/DEBUG] [mixin/]: Instancing new MixinPlatformAgentMinecraftForge for SecureJarResource(mysticaloaktree)
[16Apr2026 02:26:11.045] [main/DEBUG] [mixin/]: MixinPlatformAgentMinecraftForge rejected container SecureJarResource(mysticaloaktree)
[16Apr2026 02:26:11.045] [main/DEBUG] [mixin/]: Instancing new MixinPlatformAgentDefault for SecureJarResource(mysticaloaktree)
[16Apr2026 02:26:11.045] [main/DEBUG] [mixin/]: MixinPlatformAgentDefault accepted container SecureJarResource(mysticaloaktree)
[16Apr2026 02:26:11.045] [main/DEBUG] [mixin/]: Processing prepare() for PlatformAgent[MixinPlatformAgentDefault:SecureJarResource(mysticaloaktree)]
[16Apr2026 02:26:11.045] [main/DEBUG] [mixin/]: Registering mixin config: mysticaloaktree-common.mixins.json
[16Apr2026 02:26:11.048] [main/DEBUG] [mixin/]: Registering mixin config: mysticaloaktree.mixins.json
[16Apr2026 02:26:11.050] [main/DEBUG] [mixin/]: Compatibility level JAVA_16 specified by mysticaloaktree.mixins.json is higher than the maximum level supported by this version of mixin (JAVA_13).
[16Apr2026 02:26:11.050] [main/DEBUG] [mixin/]: Adding mixin platform agents for container SecureJarResource(sarosessentialsmod)
[16Apr2026 02:26:11.050] [main/DEBUG] [mixin/]: Instancing new MixinPlatformAgentMinecraftForge for SecureJarResource(sarosessentialsmod)
[16Apr2026 02:26:11.050] [main/DEBUG] [mixin/]: MixinPlatformAgentMinecraftForge rejected container SecureJarResource(sarosessentialsmod)
[16Apr2026 02:26:11.050] [main/DEBUG] [mixin/]: Instancing new MixinPlatformAgentDefault for SecureJarResource(sarosessentialsmod)
[16Apr2026 02:26:11.050] [main/DEBUG] [mixin/]: MixinPlatformAgentDefault accepted container SecureJarResource(sarosessentialsmod)
[16Apr2026 02:26:11.050] [main/DEBUG] [mixin/]: Processing prepare() for PlatformAgent[MixinPlatformAgentDefault:SecureJarResource(sarosessentialsmod)]
[16Apr2026 02:26:11.050] [main/DEBUG] [mixin/]: Adding mixin platform agents for container SecureJarResource(cataclysm)
[16Apr2026 02:26:11.050] [main/DEBUG] [mixin/]: Instancing new MixinPlatformAgentMinecraftForge for SecureJarResource(cataclysm)
[16Apr2026 02:26:11.050] [main/DEBUG] [mixin/]: MixinPlatformAgentMinecraftForge rejected container SecureJarResource(cataclysm)
[16Apr2026 02:26:11.050] [main/DEBUG] [mixin/]: Instancing new MixinPlatformAgentDefault for SecureJarResource(cataclysm)
[16Apr2026 02:26:11.050] [main/DEBUG] [mixin/]: MixinPlatformAgentDefault accepted container SecureJarResource(cataclysm)
[16Apr2026 02:26:11.050] [main/DEBUG] [mixin/]: Processing prepare() for PlatformAgent[MixinPlatformAgentDefault:SecureJarResource(cataclysm)]
[16Apr2026 02:26:11.050] [main/DEBUG] [mixin/]: Registering mixin config: lionfishapi.mixins.json
[16Apr2026 02:26:11.050] [main/DEBUG] [mixin/]: Registering mixin config: cataclysm.mixins.json
[16Apr2026 02:26:11.052] [main/DEBUG] [mixin/]: Adding mixin platform agents for container SecureJarResource(curios)
[16Apr2026 02:26:11.052] [main/DEBUG] [mixin/]: Instancing new MixinPlatformAgentMinecraftForge for SecureJarResource(curios)
[16Apr2026 02:26:11.052] [main/DEBUG] [mixin/]: MixinPlatformAgentMinecraftForge rejected container SecureJarResource(curios)
[16Apr2026 02:26:11.052] [main/DEBUG] [mixin/]: Instancing new MixinPlatformAgentDefault for SecureJarResource(curios)
[16Apr2026 02:26:11.052] [main/DEBUG] [mixin/]: MixinPlatformAgentDefault accepted container SecureJarResource(curios)
[16Apr2026 02:26:11.052] [main/DEBUG] [mixin/]: Processing prepare() for PlatformAgent[MixinPlatformAgentDefault:SecureJarResource(curios)]
[16Apr2026 02:26:11.052] [main/DEBUG] [mixin/]: Registering mixin config: curios.mixins.json
[16Apr2026 02:26:11.054] [main/DEBUG] [mixin/]: Adding mixin platform agents for container SecureJarResource(xaerominimap)
[16Apr2026 02:26:11.054] [main/DEBUG] [mixin/]: Instancing new MixinPlatformAgentMinecraftForge for SecureJarResource(xaerominimap)
[16Apr2026 02:26:11.054] [main/DEBUG] [mixin/]: MixinPlatformAgentMinecraftForge rejected container SecureJarResource(xaerominimap)
[16Apr2026 02:26:11.054] [main/DEBUG] [mixin/]: Instancing new MixinPlatformAgentDefault for SecureJarResource(xaerominimap)
[16Apr2026 02:26:11.054] [main/DEBUG] [mixin/]: MixinPlatformAgentDefault accepted container SecureJarResource(xaerominimap)
[16Apr2026 02:26:11.054] [main/DEBUG] [mixin/]: Processing prepare() for PlatformAgent[MixinPlatformAgentDefault:SecureJarResource(xaerominimap)]
[16Apr2026 02:26:11.054] [main/DEBUG] [mixin/]: Registering mixin config: xaerohud.mixins.json
[16Apr2026 02:26:11.055] [main/DEBUG] [mixin/]: Registering mixin config: xaerohud.forge.mixins.json
[16Apr2026 02:26:11.057] [main/DEBUG] [mixin/]: Registering mixin config: xaerominimap.mixins.json
[16Apr2026 02:26:11.058] [main/DEBUG] [mixin/]: Registering mixin config: xaerominimap.forge.mixins.json
[16Apr2026 02:26:11.060] [main/DEBUG] [mixin/]: Adding mixin platform agents for container SecureJarResource(immersive_paintings)
[16Apr2026 02:26:11.060] [main/DEBUG] [mixin/]: Instancing new MixinPlatformAgentMinecraftForge for SecureJarResource(immersive_paintings)
[16Apr2026 02:26:11.060] [main/DEBUG] [mixin/]: MixinPlatformAgentMinecraftForge rejected container SecureJarResource(immersive_paintings)
[16Apr2026 02:26:11.060] [main/DEBUG] [mixin/]: Instancing new MixinPlatformAgentDefault for SecureJarResource(immersive_paintings)
[16Apr2026 02:26:11.060] [main/DEBUG] [mixin/]: MixinPlatformAgentDefault accepted container SecureJarResource(immersive_paintings)
[16Apr2026 02:26:11.060] [main/DEBUG] [mixin/]: Processing prepare() for PlatformAgent[MixinPlatformAgentDefault:SecureJarResource(immersive_paintings)]
[16Apr2026 02:26:11.060] [main/DEBUG] [mixin/]: Registering mixin config: immersive_paintings.mixin.json
[16Apr2026 02:26:11.061] [main/DEBUG] [mixin/]: Compatibility level JAVA_16 specified by immersive_paintings.mixin.json is higher than the maximum level supported by this version of mixin (JAVA_13).
[16Apr2026 02:26:11.062] [main/DEBUG] [mixin/]: Adding mixin platform agents for container SecureJarResource(attributeslib)
[16Apr2026 02:26:11.062] [main/DEBUG] [mixin/]: Instancing new MixinPlatformAgentMinecraftForge for SecureJarResource(attributeslib)
[16Apr2026 02:26:11.062] [main/DEBUG] [mixin/]: MixinPlatformAgentMinecraftForge rejected container SecureJarResource(attributeslib)
[16Apr2026 02:26:11.062] [main/DEBUG] [mixin/]: Instancing new MixinPlatformAgentDefault for SecureJarResource(attributeslib)
[16Apr2026 02:26:11.062] [main/DEBUG] [mixin/]: MixinPlatformAgentDefault accepted container SecureJarResource(attributeslib)
[16Apr2026 02:26:11.062] [main/DEBUG] [mixin/]: Processing prepare() for PlatformAgent[MixinPlatformAgentDefault:SecureJarResource(attributeslib)]
[16Apr2026 02:26:11.062] [main/DEBUG] [mixin/]: Registering mixin config: attributeslib.mixins.json
[16Apr2026 02:26:11.063] [main/DEBUG] [mixin/]: Adding mixin platform agents for container SecureJarResource(resourcefullib)
[16Apr2026 02:26:11.064] [main/DEBUG] [mixin/]: Instancing new MixinPlatformAgentMinecraftForge for SecureJarResource(resourcefullib)
[16Apr2026 02:26:11.064] [main/DEBUG] [mixin/]: MixinPlatformAgentMinecraftForge rejected container SecureJarResource(resourcefullib)
[16Apr2026 02:26:11.064] [main/DEBUG] [mixin/]: Instancing new MixinPlatformAgentDefault for SecureJarResource(resourcefullib)
[16Apr2026 02:26:11.064] [main/DEBUG] [mixin/]: MixinPlatformAgentDefault accepted container SecureJarResource(resourcefullib)
[16Apr2026 02:26:11.064] [main/DEBUG] [mixin/]: Processing prepare() for PlatformAgent[MixinPlatformAgentDefault:SecureJarResource(resourcefullib)]
[16Apr2026 02:26:11.064] [main/DEBUG] [mixin/]: Adding mixin platform agents for container SecureJarResource(immediatelyfast)
[16Apr2026 02:26:11.064] [main/DEBUG] [mixin/]: Instancing new MixinPlatformAgentMinecraftForge for SecureJarResource(immediatelyfast)
[16Apr2026 02:26:11.064] [main/DEBUG] [mixin/]: MixinPlatformAgentMinecraftForge rejected container SecureJarResource(immediatelyfast)
[16Apr2026 02:26:11.064] [main/DEBUG] [mixin/]: Instancing new MixinPlatformAgentDefault for SecureJarResource(immediatelyfast)
[16Apr2026 02:26:11.065] [main/DEBUG] [mixin/]: MixinPlatformAgentDefault accepted container SecureJarResource(immediatelyfast)
[16Apr2026 02:26:11.065] [main/DEBUG] [mixin/]: Processing prepare() for PlatformAgent[MixinPlatformAgentDefault:SecureJarResource(immediatelyfast)]
[16Apr2026 02:26:11.065] [main/DEBUG] [mixin/]: Registering mixin config: immediatelyfast-forge.mixins.json
[16Apr2026 02:26:11.067] [main/DEBUG] [mixin/]: Registering mixin config: immediatelyfast-common.mixins.json
[16Apr2026 02:26:11.068] [main/DEBUG] [mixin/]: Adding mixin platform agents for container SecureJarResource(coroutil)
[16Apr2026 02:26:11.070] [main/DEBUG] [mixin/]: Instancing new MixinPlatformAgentMinecraftForge for SecureJarResource(coroutil)
[16Apr2026 02:26:11.070] [main/DEBUG] [mixin/]: MixinPlatformAgentMinecraftForge rejected container SecureJarResource(coroutil)
[16Apr2026 02:26:11.070] [main/DEBUG] [mixin/]: Instancing new MixinPlatformAgentDefault for SecureJarResource(coroutil)
[16Apr2026 02:26:11.070] [main/DEBUG] [mixin/]: MixinPlatformAgentDefault accepted container SecureJarResource(coroutil)
[16Apr2026 02:26:11.070] [main/DEBUG] [mixin/]: Processing prepare() for PlatformAgent[MixinPlatformAgentDefault:SecureJarResource(coroutil)]
[16Apr2026 02:26:11.070] [main/DEBUG] [mixin/]: Registering mixin config: coroutil.mixins.json
[16Apr2026 02:26:11.071] [main/DEBUG] [mixin/]: Adding mixin platform agents for container SecureJarResource(cumulus_menus)
[16Apr2026 02:26:11.071] [main/DEBUG] [mixin/]: Instancing new MixinPlatformAgentMinecraftForge for SecureJarResource(cumulus_menus)
[16Apr2026 02:26:11.071] [main/DEBUG] [mixin/]: MixinPlatformAgentMinecraftForge rejected container SecureJarResource(cumulus_menus)
[16Apr2026 02:26:11.071] [main/DEBUG] [mixin/]: Instancing new MixinPlatformAgentDefault for SecureJarResource(cumulus_menus)
[16Apr2026 02:26:11.071] [main/DEBUG] [mixin/]: MixinPlatformAgentDefault accepted container SecureJarResource(cumulus_menus)
[16Apr2026 02:26:11.071] [main/DEBUG] [mixin/]: Processing prepare() for PlatformAgent[MixinPlatformAgentDefault:SecureJarResource(cumulus_menus)]
[16Apr2026 02:26:11.071] [main/DEBUG] [mixin/]: Registering mixin config: cumulus_menus.mixins.json
[16Apr2026 02:26:11.073] [main/DEBUG] [mixin/]: Adding mixin platform agents for container SecureJarResource(mcwroofs)
[16Apr2026 02:26:11.073] [main/DEBUG] [mixin/]: Instancing new MixinPlatformAgentMinecraftForge for SecureJarResource(mcwroofs)
[16Apr2026 02:26:11.073] [main/DEBUG] [mixin/]: MixinPlatformAgentMinecraftForge rejected container SecureJarResource(mcwroofs)
[16Apr2026 02:26:11.073] [main/DEBUG] [mixin/]: Instancing new MixinPlatformAgentDefault for SecureJarResource(mcwroofs)
[16Apr2026 02:26:11.073] [main/DEBUG] [mixin/]: MixinPlatformAgentDefault accepted container SecureJarResource(mcwroofs)
[16Apr2026 02:26:11.073] [main/DEBUG] [mixin/]: Processing prepare() for PlatformAgent[MixinPlatformAgentDefault:SecureJarResource(mcwroofs)]
[16Apr2026 02:26:11.073] [main/DEBUG] [mixin/]: Adding mixin platform agents for container SecureJarResource(creeperoverhaul)
[16Apr2026 02:26:11.073] [main/DEBUG] [mixin/]: Instancing new MixinPlatformAgentMinecraftForge for SecureJarResource(creeperoverhaul)
[16Apr2026 02:26:11.073] [main/DEBUG] [mixin/]: MixinPlatformAgentMinecraftForge rejected container SecureJarResource(creeperoverhaul)
[16Apr2026 02:26:11.073] [main/DEBUG] [mixin/]: Instancing new MixinPlatformAgentDefault for SecureJarResource(creeperoverhaul)
[16Apr2026 02:26:11.073] [main/DEBUG] [mixin/]: MixinPlatformAgentDefault accepted container SecureJarResource(creeperoverhaul)
[16Apr2026 02:26:11.073] [main/DEBUG] [mixin/]: Processing prepare() for PlatformAgent[MixinPlatformAgentDefault:SecureJarResource(creeperoverhaul)]
[16Apr2026 02:26:11.073] [main/DEBUG] [mixin/]: Registering mixin config: creeperoverhaul-common.mixins.json
[16Apr2026 02:26:11.075] [main/DEBUG] [mixin/]: Adding mixin platform agents for container SecureJarResource(architectury)
[16Apr2026 02:26:11.075] [main/DEBUG] [mixin/]: Instancing new MixinPlatformAgentMinecraftForge for SecureJarResource(architectury)
[16Apr2026 02:26:11.076] [main/DEBUG] [mixin/]: MixinPlatformAgentMinecraftForge rejected container SecureJarResource(architectury)
[16Apr2026 02:26:11.076] [main/DEBUG] [mixin/]: Instancing new MixinPlatformAgentDefault for SecureJarResource(architectury)
[16Apr2026 02:26:11.076] [main/DEBUG] [mixin/]: MixinPlatformAgentDefault accepted container SecureJarResource(architectury)
[16Apr2026 02:26:11.076] [main/DEBUG] [mixin/]: Processing prepare() for PlatformAgent[MixinPlatformAgentDefault:SecureJarResource(architectury)]
[16Apr2026 02:26:11.076] [main/DEBUG] [mixin/]: Registering mixin config: architectury.mixins.json
[16Apr2026 02:26:11.078] [main/DEBUG] [mixin/]: Compatibility level JAVA_16 specified by architectury.mixins.json is higher than the maximum level supported by this version of mixin (JAVA_13).
[16Apr2026 02:26:11.078] [main/DEBUG] [mixin/]: Registering mixin config: architectury-common.mixins.json
[16Apr2026 02:26:11.080] [main/DEBUG] [mixin/]: Compatibility level JAVA_16 specified by architectury-common.mixins.json is higher than the maximum level supported by this version of mixin (JAVA_13).
[16Apr2026 02:26:11.080] [main/DEBUG] [mixin/]: Adding mixin platform agents for container SecureJarResource(octolib)
[16Apr2026 02:26:11.080] [main/DEBUG] [mixin/]: Instancing new MixinPlatformAgentMinecraftForge for SecureJarResource(octolib)
[16Apr2026 02:26:11.080] [main/DEBUG] [mixin/]: MixinPlatformAgentMinecraftForge rejected container SecureJarResource(octolib)
[16Apr2026 02:26:11.080] [main/DEBUG] [mixin/]: Instancing new MixinPlatformAgentDefault for SecureJarResource(octolib)
[16Apr2026 02:26:11.080] [main/DEBUG] [mixin/]: MixinPlatformAgentDefault accepted container SecureJarResource(octolib)
[16Apr2026 02:26:11.080] [main/DEBUG] [mixin/]: Processing prepare() for PlatformAgent[MixinPlatformAgentDefault:SecureJarResource(octolib)]
[16Apr2026 02:26:11.080] [main/DEBUG] [mixin/]: Adding mixin platform agents for container SecureJarResource(lootr)
[16Apr2026 02:26:11.080] [main/DEBUG] [mixin/]: Instancing new MixinPlatformAgentMinecraftForge for SecureJarResource(lootr)
[16Apr2026 02:26:11.080] [main/DEBUG] [mixin/]: MixinPlatformAgentMinecraftForge rejected container SecureJarResource(lootr)
[16Apr2026 02:26:11.080] [main/DEBUG] [mixin/]: Instancing new MixinPlatformAgentDefault for SecureJarResource(lootr)
[16Apr2026 02:26:11.080] [main/DEBUG] [mixin/]: MixinPlatformAgentDefault accepted container SecureJarResource(lootr)
[16Apr2026 02:26:11.080] [main/DEBUG] [mixin/]: Processing prepare() for PlatformAgent[MixinPlatformAgentDefault:SecureJarResource(lootr)]
[16Apr2026 02:26:11.080] [main/DEBUG] [mixin/]: Registering mixin config: lootr.mixins.json
[16Apr2026 02:26:11.082] [main/DEBUG] [mixin/]: Adding mixin platform agents for container SecureJarResource(ferritecore)
[16Apr2026 02:26:11.082] [main/DEBUG] [mixin/]: Instancing new MixinPlatformAgentMinecraftForge for SecureJarResource(ferritecore)
[16Apr2026 02:26:11.082] [main/DEBUG] [mixin/]: MixinPlatformAgentMinecraftForge rejected container SecureJarResource(ferritecore)
[16Apr2026 02:26:11.082] [main/DEBUG] [mixin/]: Instancing new MixinPlatformAgentDefault for SecureJarResource(ferritecore)
[16Apr2026 02:26:11.082] [main/DEBUG] [mixin/]: MixinPlatformAgentDefault accepted container SecureJarResource(ferritecore)
[16Apr2026 02:26:11.082] [main/DEBUG] [mixin/]: Processing prepare() for PlatformAgent[MixinPlatformAgentDefault:SecureJarResource(ferritecore)]
[16Apr2026 02:26:11.082] [main/DEBUG] [mixin/]: Registering mixin config: ferritecore.predicates.mixin.json
[16Apr2026 02:26:11.084] [main/DEBUG] [mixin/]: Registering mixin config: ferritecore.fastmap.mixin.json
[16Apr2026 02:26:11.085] [main/DEBUG] [mixin/]: Registering mixin config: ferritecore.mrl.mixin.json
[16Apr2026 02:26:11.087] [main/DEBUG] [mixin/]: Registering mixin config: ferritecore.dedupmultipart.mixin.json
[16Apr2026 02:26:11.089] [main/DEBUG] [mixin/]: Registering mixin config: ferritecore.blockstatecache.mixin.json
[16Apr2026 02:26:11.091] [main/DEBUG] [mixin/]: Registering mixin config: ferritecore.dedupbakedquad.mixin.json
[16Apr2026 02:26:11.092] [main/DEBUG] [mixin/]: Registering mixin config: ferritecore.threaddetec.mixin.json
[16Apr2026 02:26:11.094] [main/DEBUG] [mixin/]: Registering mixin config: ferritecore.modelsides.mixin.json
[16Apr2026 02:26:11.095] [main/DEBUG] [mixin/]: Adding mixin platform agents for container SecureJarResource(puzzleslib)
[16Apr2026 02:26:11.096] [main/DEBUG] [mixin/]: Instancing new MixinPlatformAgentMinecraftForge for SecureJarResource(puzzleslib)
[16Apr2026 02:26:11.096] [main/DEBUG] [mixin/]: MixinPlatformAgentMinecraftForge rejected container SecureJarResource(puzzleslib)
[16Apr2026 02:26:11.096] [main/DEBUG] [mixin/]: Instancing new MixinPlatformAgentDefault for SecureJarResource(puzzleslib)
[16Apr2026 02:26:11.096] [main/DEBUG] [mixin/]: MixinPlatformAgentDefault accepted container SecureJarResource(puzzleslib)
[16Apr2026 02:26:11.096] [main/DEBUG] [mixin/]: Processing prepare() for PlatformAgent[MixinPlatformAgentDefault:SecureJarResource(puzzleslib)]
[16Apr2026 02:26:11.096] [main/DEBUG] [mixin/]: Registering mixin config: puzzleslib.common.mixins.json
[16Apr2026 02:26:11.098] [main/DEBUG] [mixin/]: Registering mixin config: puzzleslib.forge.mixins.json
[16Apr2026 02:26:11.099] [main/DEBUG] [mixin/]: Adding mixin platform agents for container SecureJarResource(nitrogen_internals)
[16Apr2026 02:26:11.099] [main/DEBUG] [mixin/]: Instancing new MixinPlatformAgentMinecraftForge for SecureJarResource(nitrogen_internals)
[16Apr2026 02:26:11.099] [main/DEBUG] [mixin/]: MixinPlatformAgentMinecraftForge rejected container SecureJarResource(nitrogen_internals)
[16Apr2026 02:26:11.099] [main/DEBUG] [mixin/]: Instancing new MixinPlatformAgentDefault for SecureJarResource(nitrogen_internals)
[16Apr2026 02:26:11.099] [main/DEBUG] [mixin/]: MixinPlatformAgentDefault accepted container SecureJarResource(nitrogen_internals)
[16Apr2026 02:26:11.100] [main/DEBUG] [mixin/]: Processing prepare() for PlatformAgent[MixinPlatformAgentDefault:SecureJarResource(nitrogen_internals)]
[16Apr2026 02:26:11.100] [main/DEBUG] [mixin/]: Registering mixin config: nitrogen_internals.mixins.json
[16Apr2026 02:26:11.102] [main/DEBUG] [mixin/]: Adding mixin platform agents for container SecureJarResource(moogs_structures)
[16Apr2026 02:26:11.102] [main/DEBUG] [mixin/]: Instancing new MixinPlatformAgentMinecraftForge for SecureJarResource(moogs_structures)
[16Apr2026 02:26:11.102] [main/DEBUG] [mixin/]: MixinPlatformAgentMinecraftForge rejected container SecureJarResource(moogs_structures)
[16Apr2026 02:26:11.102] [main/DEBUG] [mixin/]: Instancing new MixinPlatformAgentDefault for SecureJarResource(moogs_structures)
[16Apr2026 02:26:11.102] [main/DEBUG] [mixin/]: MixinPlatformAgentDefault accepted container SecureJarResource(moogs_structures)
[16Apr2026 02:26:11.102] [main/DEBUG] [mixin/]: Processing prepare() for PlatformAgent[MixinPlatformAgentDefault:SecureJarResource(moogs_structures)]
[16Apr2026 02:26:11.103] [main/DEBUG] [mixin/]: Registering mixin config: moogs_structures-common.mixins.json
[16Apr2026 02:26:11.105] [main/DEBUG] [mixin/]: Registering mixin config: moogs_structures-forge.mixins.json
[16Apr2026 02:26:11.107] [main/DEBUG] [mixin/]: Adding mixin platform agents for container SecureJarResource(mns)
[16Apr2026 02:26:11.107] [main/DEBUG] [mixin/]: Instancing new MixinPlatformAgentMinecraftForge for SecureJarResource(mns)
[16Apr2026 02:26:11.108] [main/DEBUG] [mixin/]: MixinPlatformAgentMinecraftForge rejected container SecureJarResource(mns)
[16Apr2026 02:26:11.108] [main/DEBUG] [mixin/]: Instancing new MixinPlatformAgentDefault for SecureJarResource(mns)
[16Apr2026 02:26:11.108] [main/DEBUG] [mixin/]: MixinPlatformAgentDefault accepted container SecureJarResource(mns)
[16Apr2026 02:26:11.108] [main/DEBUG] [mixin/]: Processing prepare() for PlatformAgent[MixinPlatformAgentDefault:SecureJarResource(mns)]
[16Apr2026 02:26:11.108] [main/DEBUG] [mixin/]: Adding mixin platform agents for container SecureJarResource(fallingtree)
[16Apr2026 02:26:11.108] [main/DEBUG] [mixin/]: Instancing new MixinPlatformAgentMinecraftForge for SecureJarResource(fallingtree)
[16Apr2026 02:26:11.109] [main/DEBUG] [mixin/]: MixinPlatformAgentMinecraftForge rejected container SecureJarResource(fallingtree)
[16Apr2026 02:26:11.109] [main/DEBUG] [mixin/]: Instancing new MixinPlatformAgentDefault for SecureJarResource(fallingtree)
[16Apr2026 02:26:11.109] [main/DEBUG] [mixin/]: MixinPlatformAgentDefault accepted container SecureJarResource(fallingtree)
[16Apr2026 02:26:11.109] [main/DEBUG] [mixin/]: Processing prepare() for PlatformAgent[MixinPlatformAgentDefault:SecureJarResource(fallingtree)]
[16Apr2026 02:26:11.109] [main/DEBUG] [mixin/]: Adding mixin platform agents for container SecureJarResource(immersive_melodies)
[16Apr2026 02:26:11.109] [main/DEBUG] [mixin/]: Instancing new MixinPlatformAgentMinecraftForge for SecureJarResource(immersive_melodies)
[16Apr2026 02:26:11.109] [main/DEBUG] [mixin/]: MixinPlatformAgentMinecraftForge rejected container SecureJarResource(immersive_melodies)
[16Apr2026 02:26:11.109] [main/DEBUG] [mixin/]: Instancing new MixinPlatformAgentDefault for SecureJarResource(immersive_melodies)
[16Apr2026 02:26:11.109] [main/DEBUG] [mixin/]: MixinPlatformAgentDefault accepted container SecureJarResource(immersive_melodies)
[16Apr2026 02:26:11.109] [main/DEBUG] [mixin/]: Processing prepare() for PlatformAgent[MixinPlatformAgentDefault:SecureJarResource(immersive_melodies)]
[16Apr2026 02:26:11.109] [main/DEBUG] [mixin/]: Registering mixin config: immersive_melodies.mixin.json
[16Apr2026 02:26:11.111] [main/DEBUG] [mixin/]: Compatibility level JAVA_16 specified by immersive_melodies.mixin.json is higher than the maximum level supported by this version of mixin (JAVA_13).
[16Apr2026 02:26:11.112] [main/DEBUG] [mixin/]: Adding mixin platform agents for container SecureJarResource(expandability)
[16Apr2026 02:26:11.112] [main/DEBUG] [mixin/]: Instancing new MixinPlatformAgentMinecraftForge for SecureJarResource(expandability)
[16Apr2026 02:26:11.112] [main/DEBUG] [mixin/]: MixinPlatformAgentMinecraftForge rejected container SecureJarResource(expandability)
[16Apr2026 02:26:11.112] [main/DEBUG] [mixin/]: Instancing new MixinPlatformAgentDefault for SecureJarResource(expandability)
[16Apr2026 02:26:11.112] [main/DEBUG] [mixin/]: MixinPlatformAgentDefault accepted container SecureJarResource(expandability)
[16Apr2026 02:26:11.112] [main/DEBUG] [mixin/]: Processing prepare() for PlatformAgent[MixinPlatformAgentDefault:SecureJarResource(expandability)]
[16Apr2026 02:26:11.112] [main/DEBUG] [mixin/]: Registering mixin config: expandability.mixins.json
[16Apr2026 02:26:11.114] [main/DEBUG] [mixin/]: Registering mixin config: expandability-common.mixins.json
[16Apr2026 02:26:11.118] [main/DEBUG] [mixin/]: Adding mixin platform agents for container SecureJarResource(bettermineshafts)
[16Apr2026 02:26:11.118] [main/DEBUG] [mixin/]: Instancing new MixinPlatformAgentMinecraftForge for SecureJarResource(bettermineshafts)
[16Apr2026 02:26:11.118] [main/DEBUG] [mixin/]: MixinPlatformAgentMinecraftForge rejected container SecureJarResource(bettermineshafts)
[16Apr2026 02:26:11.118] [main/DEBUG] [mixin/]: Instancing new MixinPlatformAgentDefault for SecureJarResource(bettermineshafts)
[16Apr2026 02:26:11.118] [main/DEBUG] [mixin/]: MixinPlatformAgentDefault accepted container SecureJarResource(bettermineshafts)
[16Apr2026 02:26:11.118] [main/DEBUG] [mixin/]: Processing prepare() for PlatformAgent[MixinPlatformAgentDefault:SecureJarResource(bettermineshafts)]
[16Apr2026 02:26:11.118] [main/DEBUG] [mixin/]: Registering mixin config: bettermineshafts.mixins.json
[16Apr2026 02:26:11.119] [main/DEBUG] [mixin/]: Registering mixin config: bettermineshafts_forge.mixins.json
[16Apr2026 02:26:11.130] [main/DEBUG] [mixin/]: Adding mixin platform agents for container SecureJarResource(enchantinginfuser)
[16Apr2026 02:26:11.130] [main/DEBUG] [mixin/]: Instancing new MixinPlatformAgentMinecraftForge for SecureJarResource(enchantinginfuser)
[16Apr2026 02:26:11.130] [main/DEBUG] [mixin/]: MixinPlatformAgentMinecraftForge rejected container SecureJarResource(enchantinginfuser)
[16Apr2026 02:26:11.130] [main/DEBUG] [mixin/]: Instancing new MixinPlatformAgentDefault for SecureJarResource(enchantinginfuser)
[16Apr2026 02:26:11.130] [main/DEBUG] [mixin/]: MixinPlatformAgentDefault accepted container SecureJarResource(enchantinginfuser)
[16Apr2026 02:26:11.131] [main/DEBUG] [mixin/]: Processing prepare() for PlatformAgent[MixinPlatformAgentDefault:SecureJarResource(enchantinginfuser)]
[16Apr2026 02:26:11.131] [main/DEBUG] [mixin/]: Adding mixin platform agents for container SecureJarResource(skinrestorer)
[16Apr2026 02:26:11.131] [main/DEBUG] [mixin/]: Instancing new MixinPlatformAgentMinecraftForge for SecureJarResource(skinrestorer)
[16Apr2026 02:26:11.131] [main/DEBUG] [mixin/]: MixinPlatformAgentMinecraftForge rejected container SecureJarResource(skinrestorer)
[16Apr2026 02:26:11.131] [main/DEBUG] [mixin/]: Instancing new MixinPlatformAgentDefault for SecureJarResource(skinrestorer)
[16Apr2026 02:26:11.131] [main/DEBUG] [mixin/]: MixinPlatformAgentDefault accepted container SecureJarResource(skinrestorer)
[16Apr2026 02:26:11.131] [main/DEBUG] [mixin/]: Processing prepare() for PlatformAgent[MixinPlatformAgentDefault:SecureJarResource(skinrestorer)]
[16Apr2026 02:26:11.131] [main/DEBUG] [mixin/]: Registering mixin config: skinrestorer.mixins.json
[16Apr2026 02:26:11.135] [main/DEBUG] [mixin/]: Adding mixin platform agents for container SecureJarResource(mr_trek)
[16Apr2026 02:26:11.135] [main/DEBUG] [mixin/]: Instancing new MixinPlatformAgentMinecraftForge for SecureJarResource(mr_trek)
[16Apr2026 02:26:11.135] [main/DEBUG] [mixin/]: MixinPlatformAgentMinecraftForge rejected container SecureJarResource(mr_trek)
[16Apr2026 02:26:11.135] [main/DEBUG] [mixin/]: Instancing new MixinPlatformAgentDefault for SecureJarResource(mr_trek)
[16Apr2026 02:26:11.136] [main/DEBUG] [mixin/]: MixinPlatformAgentDefault accepted container SecureJarResource(mr_trek)
[16Apr2026 02:26:11.136] [main/DEBUG] [mixin/]: Processing prepare() for PlatformAgent[MixinPlatformAgentDefault:SecureJarResource(mr_trek)]
[16Apr2026 02:26:11.136] [main/DEBUG] [mixin/]: Adding mixin platform agents for container SecureJarResource(betterjungletemples)
[16Apr2026 02:26:11.136] [main/DEBUG] [mixin/]: Instancing new MixinPlatformAgentMinecraftForge for SecureJarResource(betterjungletemples)
[16Apr2026 02:26:11.136] [main/DEBUG] [mixin/]: MixinPlatformAgentMinecraftForge rejected container SecureJarResource(betterjungletemples)
[16Apr2026 02:26:11.136] [main/DEBUG] [mixin/]: Instancing new MixinPlatformAgentDefault for SecureJarResource(betterjungletemples)
[16Apr2026 02:26:11.136] [main/DEBUG] [mixin/]: MixinPlatformAgentDefault accepted container SecureJarResource(betterjungletemples)
[16Apr2026 02:26:11.136] [main/DEBUG] [mixin/]: Processing prepare() for PlatformAgent[MixinPlatformAgentDefault:SecureJarResource(betterjungletemples)]
[16Apr2026 02:26:11.137] [main/DEBUG] [mixin/]: Registering mixin config: betterjungletemples.mixins.json
[16Apr2026 02:26:11.140] [main/DEBUG] [mixin/]: Registering mixin config: betterjungletemples_forge.mixins.json
[16Apr2026 02:26:11.142] [main/DEBUG] [mixin/]: Adding mixin platform agents for container SecureJarResource(mclib)
[16Apr2026 02:26:11.143] [main/DEBUG] [mixin/]: Instancing new MixinPlatformAgentMinecraftForge for SecureJarResource(mclib)
[16Apr2026 02:26:11.143] [main/DEBUG] [mixin/]: MixinPlatformAgentMinecraftForge rejected container SecureJarResource(mclib)
[16Apr2026 02:26:11.143] [main/DEBUG] [mixin/]: Instancing new MixinPlatformAgentDefault for SecureJarResource(mclib)
[16Apr2026 02:26:11.143] [main/DEBUG] [mixin/]: MixinPlatformAgentDefault accepted container SecureJarResource(mclib)
[16Apr2026 02:26:11.143] [main/DEBUG] [mixin/]: Processing prepare() for PlatformAgent[MixinPlatformAgentDefault:SecureJarResource(mclib)]
[16Apr2026 02:26:11.143] [main/DEBUG] [mixin/]: Adding mixin platform agents for container SecureJarResource(java.client.SNAPSHOT)
[16Apr2026 02:26:11.143] [main/DEBUG] [mixin/]: Instancing new MixinPlatformAgentMinecraftForge for SecureJarResource(java.client.SNAPSHOT)
[16Apr2026 02:26:11.143] [main/DEBUG] [mixin/]: MixinPlatformAgentMinecraftForge rejected container SecureJarResource(java.client.SNAPSHOT)
[16Apr2026 02:26:11.144] [main/DEBUG] [mixin/]: Instancing new MixinPlatformAgentDefault for SecureJarResource(java.client.SNAPSHOT)
[16Apr2026 02:26:11.144] [main/DEBUG] [mixin/]: MixinPlatformAgentDefault accepted container SecureJarResource(java.client.SNAPSHOT)
[16Apr2026 02:26:11.144] [main/DEBUG] [mixin/]: Processing prepare() for PlatformAgent[MixinPlatformAgentDefault:SecureJarResource(java.client.SNAPSHOT)]
[16Apr2026 02:26:11.144] [main/DEBUG] [mixin/]: Adding mixin platform agents for container SecureJarResource(mixinextras)
[16Apr2026 02:26:11.144] [main/DEBUG] [mixin/]: Instancing new MixinPlatformAgentMinecraftForge for SecureJarResource(mixinextras)
[16Apr2026 02:26:11.144] [main/DEBUG] [mixin/]: MixinPlatformAgentMinecraftForge rejected container SecureJarResource(mixinextras)
[16Apr2026 02:26:11.144] [main/DEBUG] [mixin/]: Instancing new MixinPlatformAgentDefault for SecureJarResource(mixinextras)
[16Apr2026 02:26:11.144] [main/DEBUG] [mixin/]: MixinPlatformAgentDefault accepted container SecureJarResource(mixinextras)
[16Apr2026 02:26:11.144] [main/DEBUG] [mixin/]: Processing prepare() for PlatformAgent[MixinPlatformAgentDefault:SecureJarResource(mixinextras)]
[16Apr2026 02:26:11.144] [main/DEBUG] [mixin/]: Registering mixin config: mixinextras.init.mixins.json
[16Apr2026 02:26:11.146] [main/DEBUG] [mixin/]: Adding mixin platform agents for container SecureJarResource(bytecodecs)
[16Apr2026 02:26:11.146] [main/DEBUG] [mixin/]: Instancing new MixinPlatformAgentMinecraftForge for SecureJarResource(bytecodecs)
[16Apr2026 02:26:11.146] [main/DEBUG] [mixin/]: MixinPlatformAgentMinecraftForge rejected container SecureJarResource(bytecodecs)
[16Apr2026 02:26:11.146] [main/DEBUG] [mixin/]: Instancing new MixinPlatformAgentDefault for SecureJarResource(bytecodecs)
[16Apr2026 02:26:11.146] [main/DEBUG] [mixin/]: MixinPlatformAgentDefault accepted container SecureJarResource(bytecodecs)
[16Apr2026 02:26:11.146] [main/DEBUG] [mixin/]: Processing prepare() for PlatformAgent[MixinPlatformAgentDefault:SecureJarResource(bytecodecs)]
[16Apr2026 02:26:11.146] [main/DEBUG] [mixin/]: Adding mixin platform agents for container SecureJarResource(Reflect.curseforge)
[16Apr2026 02:26:11.146] [main/DEBUG] [mixin/]: Instancing new MixinPlatformAgentMinecraftForge for SecureJarResource(Reflect.curseforge)
[16Apr2026 02:26:11.146] [main/DEBUG] [mixin/]: MixinPlatformAgentMinecraftForge rejected container SecureJarResource(Reflect.curseforge)
[16Apr2026 02:26:11.146] [main/DEBUG] [mixin/]: Instancing new MixinPlatformAgentDefault for SecureJarResource(Reflect.curseforge)
[16Apr2026 02:26:11.146] [main/DEBUG] [mixin/]: MixinPlatformAgentDefault accepted container SecureJarResource(Reflect.curseforge)
[16Apr2026 02:26:11.146] [main/DEBUG] [mixin/]: Processing prepare() for PlatformAgent[MixinPlatformAgentDefault:SecureJarResource(Reflect.curseforge)]
[16Apr2026 02:26:11.146] [main/DEBUG] [mixin/]: Adding mixin platform agents for container SecureJarResource(org.yaml.snakeyaml)
[16Apr2026 02:26:11.146] [main/DEBUG] [mixin/]: Instancing new MixinPlatformAgentMinecraftForge for SecureJarResource(org.yaml.snakeyaml)
[16Apr2026 02:26:11.146] [main/DEBUG] [mixin/]: MixinPlatformAgentMinecraftForge rejected container SecureJarResource(org.yaml.snakeyaml)
[16Apr2026 02:26:11.146] [main/DEBUG] [mixin/]: Instancing new MixinPlatformAgentDefault for SecureJarResource(org.yaml.snakeyaml)
[16Apr2026 02:26:11.147] [main/DEBUG] [mixin/]: MixinPlatformAgentDefault accepted container SecureJarResource(org.yaml.snakeyaml)
[16Apr2026 02:26:11.147] [main/DEBUG] [mixin/]: Processing prepare() for PlatformAgent[MixinPlatformAgentDefault:SecureJarResource(org.yaml.snakeyaml)]
[16Apr2026 02:26:11.147] [main/DEBUG] [mixin/]: Adding mixin platform agents for container SecureJarResource(MixinSquared)
[16Apr2026 02:26:11.147] [main/DEBUG] [mixin/]: Instancing new MixinPlatformAgentMinecraftForge for SecureJarResource(MixinSquared)
[16Apr2026 02:26:11.147] [main/DEBUG] [mixin/]: MixinPlatformAgentMinecraftForge rejected container SecureJarResource(MixinSquared)
[16Apr2026 02:26:11.147] [main/DEBUG] [mixin/]: Instancing new MixinPlatformAgentDefault for SecureJarResource(MixinSquared)
[16Apr2026 02:26:11.147] [main/DEBUG] [mixin/]: MixinPlatformAgentDefault accepted container SecureJarResource(MixinSquared)
[16Apr2026 02:26:11.147] [main/DEBUG] [mixin/]: Processing prepare() for PlatformAgent[MixinPlatformAgentDefault:SecureJarResource(MixinSquared)]
[16Apr2026 02:26:11.147] [main/DEBUG] [mixin/]: Adding mixin platform agents for container SecureJarResource(yabn)
[16Apr2026 02:26:11.147] [main/DEBUG] [mixin/]: Instancing new MixinPlatformAgentMinecraftForge for SecureJarResource(yabn)
[16Apr2026 02:26:11.147] [main/DEBUG] [mixin/]: MixinPlatformAgentMinecraftForge rejected container SecureJarResource(yabn)
[16Apr2026 02:26:11.147] [main/DEBUG] [mixin/]: Instancing new MixinPlatformAgentDefault for SecureJarResource(yabn)
[16Apr2026 02:26:11.147] [main/DEBUG] [mixin/]: MixinPlatformAgentDefault accepted container SecureJarResource(yabn)
[16Apr2026 02:26:11.147] [main/DEBUG] [mixin/]: Processing prepare() for PlatformAgent[MixinPlatformAgentDefault:SecureJarResource(yabn)]
[16Apr2026 02:26:11.147] [main/DEBUG] [mixin/]: Adding mixin platform agents for container SecureJarResource(MixinExtras)
[16Apr2026 02:26:11.147] [main/DEBUG] [mixin/]: Instancing new MixinPlatformAgentMinecraftForge for SecureJarResource(MixinExtras)
[16Apr2026 02:26:11.147] [main/DEBUG] [mixin/]: MixinPlatformAgentMinecraftForge rejected container SecureJarResource(MixinExtras)
[16Apr2026 02:26:11.147] [main/DEBUG] [mixin/]: Instancing new MixinPlatformAgentDefault for SecureJarResource(MixinExtras)
[16Apr2026 02:26:11.147] [main/DEBUG] [mixin/]: MixinPlatformAgentDefault accepted container SecureJarResource(MixinExtras)
[16Apr2026 02:26:11.147] [main/DEBUG] [mixin/]: Processing prepare() for PlatformAgent[MixinPlatformAgentDefault:SecureJarResource(MixinExtras)]
[16Apr2026 02:26:11.148] [main/DEBUG] [mixin/]: inject() running with 94 agents
[16Apr2026 02:26:11.148] [main/DEBUG] [mixin/]: Processing inject() for PlatformAgent[MixinPlatformAgentDefault:ModLauncher Root Container(ModLauncher:4f56a0a2)]
[16Apr2026 02:26:11.148] [main/DEBUG] [mixin/]: Processing inject() for PlatformAgent[MixinPlatformAgentDefault:SecureJarResource(kuma_api)]
[16Apr2026 02:26:11.148] [main/DEBUG] [mixin/]: Processing inject() for PlatformAgent[MixinPlatformAgentDefault:SecureJarResource(geckolib)]
[16Apr2026 02:26:11.148] [main/DEBUG] [mixin/]: Processing inject() for PlatformAgent[MixinPlatformAgentDefault:SecureJarResource(aether)]
[16Apr2026 02:26:11.148] [main/DEBUG] [mixin/]: Processing inject() for PlatformAgent[MixinPlatformAgentDefault:SecureJarResource(lithostitched)]
[16Apr2026 02:26:11.148] [main/DEBUG] [mixin/]: Processing inject() for PlatformAgent[MixinPlatformAgentDefault:SecureJarResource(xaerolib)]
[16Apr2026 02:26:11.148] [main/DEBUG] [mixin/]: Processing inject() for PlatformAgent[MixinPlatformAgentDefault:SecureJarResource(betteroceanmonuments)]
[16Apr2026 02:26:11.148] [main/DEBUG] [mixin/]: Processing inject() for PlatformAgent[MixinPlatformAgentDefault:SecureJarResource(siegeweapons)]
[16Apr2026 02:26:11.148] [main/DEBUG] [mixin/]: Processing inject() for PlatformAgent[MixinPlatformAgentDefault:SecureJarResource(mcwwindows)]
[16Apr2026 02:26:11.148] [main/DEBUG] [mixin/]: Processing inject() for PlatformAgent[MixinPlatformAgentDefault:SecureJarResource(mr_blossom_blade)]
[16Apr2026 02:26:11.148] [main/DEBUG] [mixin/]: Processing inject() for PlatformAgent[MixinPlatformAgentDefault:SecureJarResource(waystones)]
[16Apr2026 02:26:11.148] [main/DEBUG] [mixin/]: Processing inject() for PlatformAgent[MixinPlatformAgentDefault:SecureJarResource(xaeroworldmap)]
[16Apr2026 02:26:11.148] [main/DEBUG] [mixin/]: Processing inject() for PlatformAgent[MixinPlatformAgentDefault:SecureJarResource(placebo)]
[16Apr2026 02:26:11.148] [main/DEBUG] [mixin/]: Processing inject() for PlatformAgent[MixinPlatformAgentDefault:SecureJarResource(citadel)]
[16Apr2026 02:26:11.148] [main/DEBUG] [mixin/]: Processing inject() for PlatformAgent[MixinPlatformAgentDefault:SecureJarResource(alexsmobs)]
[16Apr2026 02:26:11.148] [main/DEBUG] [mixin/]: Processing inject() for PlatformAgent[MixinPlatformAgentDefault:SecureJarResource(travelersbackpack)]
[16Apr2026 02:26:11.148] [main/DEBUG] [mixin/]: Processing inject() for PlatformAgent[MixinPlatformAgentDefault:SecureJarResource(artifacts)]
[16Apr2026 02:26:11.148] [main/DEBUG] [mixin/]: Processing inject() for PlatformAgent[MixinPlatformAgentDefault:SecureJarResource(yungsapi)]
[16Apr2026 02:26:11.148] [main/DEBUG] [mixin/]: Processing inject() for PlatformAgent[MixinPlatformAgentDefault:SecureJarResource(mcwstairs)]
[16Apr2026 02:26:11.148] [main/DEBUG] [mixin/]: Processing inject() for PlatformAgent[MixinPlatformAgentDefault:SecureJarResource(mr_veinminer)]
[16Apr2026 02:26:11.148] [main/DEBUG] [mixin/]: Processing inject() for PlatformAgent[MixinPlatformAgentDefault:SecureJarResource(glitchcore)]
[16Apr2026 02:26:11.148] [main/DEBUG] [mixin/]: Processing inject() for PlatformAgent[MixinPlatformAgentDefault:SecureJarResource(guardvillagers)]
[16Apr2026 02:26:11.149] [main/DEBUG] [mixin/]: Processing inject() for PlatformAgent[MixinPlatformAgentDefault:SecureJarResource(relics)]
[16Apr2026 02:26:11.149] [main/DEBUG] [mixin/]: Processing inject() for PlatformAgent[MixinPlatformAgentDefault:SecureJarResource(apotheosis)]
[16Apr2026 02:26:11.149] [main/DEBUG] [mixin/]: Processing inject() for PlatformAgent[MixinPlatformAgentDefault:SecureJarResource(betterdeserttemples)]
[16Apr2026 02:26:11.149] [main/DEBUG] [mixin/]: Processing inject() for PlatformAgent[MixinPlatformAgentDefault:SecureJarResource(mcwdoors)]
[16Apr2026 02:26:11.149] [main/DEBUG] [mixin/]: Processing inject() for PlatformAgent[MixinPlatformAgentDefault:SecureJarResource(balm)]
[16Apr2026 02:26:11.149] [main/DEBUG] [mixin/]: Processing inject() for PlatformAgent[MixinPlatformAgentDefault:SecureJarResource(terralith)]
[16Apr2026 02:26:11.149] [main/DEBUG] [mixin/]: Processing inject() for PlatformAgent[MixinPlatformAgentDefault:SecureJarResource(immersive_armors)]
[16Apr2026 02:26:11.149] [main/DEBUG] [mixin/]: Processing inject() for PlatformAgent[MixinPlatformAgentDefault:SecureJarResource(carryon)]
[16Apr2026 02:26:11.149] [main/DEBUG] [mixin/]: Processing inject() for PlatformAgent[MixinPlatformAgentDefault:SecureJarResource(puzzlesaccessapi)]
[16Apr2026 02:26:11.149] [main/DEBUG] [mixin/]: Processing inject() for PlatformAgent[MixinPlatformAgentDefault:SecureJarResource(dungeons_arise_seven_seas)]
[16Apr2026 02:26:11.149] [main/DEBUG] [mixin/]: Processing inject() for PlatformAgent[MixinPlatformAgentDefault:SecureJarResource(cloth_config)]
[16Apr2026 02:26:11.149] [main/DEBUG] [mixin/]: Processing inject() for PlatformAgent[MixinPlatformAgentDefault:SecureJarResource(forge)]
[16Apr2026 02:26:11.149] [main/DEBUG] [mixin/]: Processing inject() for PlatformAgent[MixinPlatformAgentDefault:SecureJarResource(supplementaries)]
[16Apr2026 02:26:11.149] [main/DEBUG] [mixin/]: Processing inject() for PlatformAgent[MixinPlatformAgentDefault:SecureJarResource(dungeons_arise)]
[16Apr2026 02:26:11.149] [main/DEBUG] [mixin/]: Processing inject() for PlatformAgent[MixinPlatformAgentDefault:SecureJarResource(minecraft)]
[16Apr2026 02:26:11.149] [main/DEBUG] [mixin/]: Processing inject() for PlatformAgent[MixinPlatformAgentDefault:SecureJarResource(hiccups_legacy)]
[16Apr2026 02:26:11.149] [main/DEBUG] [mixin/]: Processing inject() for PlatformAgent[MixinPlatformAgentDefault:SecureJarResource(mcwbridges)]
[16Apr2026 02:26:11.149] [main/DEBUG] [mixin/]: Processing inject() for PlatformAgent[MixinPlatformAgentDefault:SecureJarResource(farmersdelight)]
[16Apr2026 02:26:11.149] [main/DEBUG] [mixin/]: Processing inject() for PlatformAgent[MixinPlatformAgentDefault:SecureJarResource(terrablender)]
[16Apr2026 02:26:11.149] [main/DEBUG] [mixin/]: Processing inject() for PlatformAgent[MixinPlatformAgentDefault:SecureJarResource(moonlight)]
[16Apr2026 02:26:11.149] [main/DEBUG] [mixin/]: Processing inject() for PlatformAgent[MixinPlatformAgentDefault:SecureJarResource(endermanoverhaul)]
[16Apr2026 02:26:11.149] [main/DEBUG] [mixin/]: Processing inject() for PlatformAgent[MixinPlatformAgentDefault:SecureJarResource(biomesoplenty)]
[16Apr2026 02:26:11.150] [main/DEBUG] [mixin/]: Processing inject() for PlatformAgent[MixinPlatformAgentDefault:SecureJarResource(mixinsquared)]
[16Apr2026 02:26:11.150] [main/DEBUG] [mixin/]: Processing inject() for PlatformAgent[MixinPlatformAgentDefault:SecureJarResource(jade)]
[16Apr2026 02:26:11.150] [main/DEBUG] [mixin/]: Processing inject() for PlatformAgent[MixinPlatformAgentDefault:SecureJarResource(another_furniture)]
[16Apr2026 02:26:11.150] [main/DEBUG] [mixin/]: Processing inject() for PlatformAgent[MixinPlatformAgentDefault:SecureJarResource(chunky)]
[16Apr2026 02:26:11.150] [main/DEBUG] [mixin/]: Processing inject() for PlatformAgent[MixinPlatformAgentDefault:SecureJarResource(mcwfences)]
[16Apr2026 02:26:11.150] [main/DEBUG] [mixin/]: Processing inject() for PlatformAgent[MixinPlatformAgentDefault:SecureJarResource(watching)]
[16Apr2026 02:26:11.150] [main/DEBUG] [mixin/]: Processing inject() for PlatformAgent[MixinPlatformAgentDefault:SecureJarResource(platform)]
[16Apr2026 02:26:11.150] [main/DEBUG] [mixin/]: Processing inject() for PlatformAgent[MixinPlatformAgentDefault:SecureJarResource(vanillabackport)]
[16Apr2026 02:26:11.150] [main/DEBUG] [mixin/]: Processing inject() for PlatformAgent[MixinPlatformAgentDefault:SecureJarResource(resourcefulconfig)]
[16Apr2026 02:26:11.150] [main/DEBUG] [mixin/]: Processing inject() for PlatformAgent[MixinPlatformAgentDefault:SecureJarResource(ksyxis)]
[16Apr2026 02:26:11.150] [main/DEBUG] [mixin/]: Processing inject() for PlatformAgent[MixinPlatformAgentDefault:SecureJarResource(lionfishapi)]
[16Apr2026 02:26:11.150] [main/DEBUG] [mixin/]: Processing inject() for PlatformAgent[MixinPlatformAgentDefault:SecureJarResource(spark)]
[16Apr2026 02:26:11.150] [main/DEBUG] [mixin/]: Processing inject() for PlatformAgent[MixinPlatformAgentDefault:SecureJarResource(mysticaloaktree)]
[16Apr2026 02:26:11.150] [main/DEBUG] [mixin/]: Processing inject() for PlatformAgent[MixinPlatformAgentDefault:SecureJarResource(sarosessentialsmod)]
[16Apr2026 02:26:11.150] [main/DEBUG] [mixin/]: Processing inject() for PlatformAgent[MixinPlatformAgentDefault:SecureJarResource(cataclysm)]
[16Apr2026 02:26:11.150] [main/DEBUG] [mixin/]: Processing inject() for PlatformAgent[MixinPlatformAgentDefault:SecureJarResource(curios)]
[16Apr2026 02:26:11.150] [main/DEBUG] [mixin/]: Processing inject() for PlatformAgent[MixinPlatformAgentDefault:SecureJarResource(xaerominimap)]
[16Apr2026 02:26:11.150] [main/DEBUG] [mixin/]: Processing inject() for PlatformAgent[MixinPlatformAgentDefault:SecureJarResource(immersive_paintings)]
[16Apr2026 02:26:11.150] [main/DEBUG] [mixin/]: Processing inject() for PlatformAgent[MixinPlatformAgentDefault:SecureJarResource(attributeslib)]
[16Apr2026 02:26:11.150] [main/DEBUG] [mixin/]: Processing inject() for PlatformAgent[MixinPlatformAgentDefault:SecureJarResource(resourcefullib)]
[16Apr2026 02:26:11.150] [main/DEBUG] [mixin/]: Processing inject() for PlatformAgent[MixinPlatformAgentDefault:SecureJarResource(immediatelyfast)]
[16Apr2026 02:26:11.150] [main/DEBUG] [mixin/]: Processing inject() for PlatformAgent[MixinPlatformAgentDefault:SecureJarResource(coroutil)]
[16Apr2026 02:26:11.151] [main/DEBUG] [mixin/]: Processing inject() for PlatformAgent[MixinPlatformAgentDefault:SecureJarResource(cumulus_menus)]
[16Apr2026 02:26:11.151] [main/DEBUG] [mixin/]: Processing inject() for PlatformAgent[MixinPlatformAgentDefault:SecureJarResource(mcwroofs)]
[16Apr2026 02:26:11.151] [main/DEBUG] [mixin/]: Processing inject() for PlatformAgent[MixinPlatformAgentDefault:SecureJarResource(creeperoverhaul)]
[16Apr2026 02:26:11.151] [main/DEBUG] [mixin/]: Processing inject() for PlatformAgent[MixinPlatformAgentDefault:SecureJarResource(architectury)]
[16Apr2026 02:26:11.151] [main/DEBUG] [mixin/]: Processing inject() for PlatformAgent[MixinPlatformAgentDefault:SecureJarResource(octolib)]
[16Apr2026 02:26:11.151] [main/DEBUG] [mixin/]: Processing inject() for PlatformAgent[MixinPlatformAgentDefault:SecureJarResource(lootr)]
[16Apr2026 02:26:11.151] [main/DEBUG] [mixin/]: Processing inject() for PlatformAgent[MixinPlatformAgentDefault:SecureJarResource(ferritecore)]
[16Apr2026 02:26:11.151] [main/DEBUG] [mixin/]: Processing inject() for PlatformAgent[MixinPlatformAgentDefault:SecureJarResource(puzzleslib)]
[16Apr2026 02:26:11.151] [main/DEBUG] [mixin/]: Processing inject() for PlatformAgent[MixinPlatformAgentDefault:SecureJarResource(nitrogen_internals)]
[16Apr2026 02:26:11.151] [main/DEBUG] [mixin/]: Processing inject() for PlatformAgent[MixinPlatformAgentDefault:SecureJarResource(moogs_structures)]
[16Apr2026 02:26:11.151] [main/DEBUG] [mixin/]: Processing inject() for PlatformAgent[MixinPlatformAgentDefault:SecureJarResource(mns)]
[16Apr2026 02:26:11.151] [main/DEBUG] [mixin/]: Processing inject() for PlatformAgent[MixinPlatformAgentDefault:SecureJarResource(fallingtree)]
[16Apr2026 02:26:11.151] [main/DEBUG] [mixin/]: Processing inject() for PlatformAgent[MixinPlatformAgentDefault:SecureJarResource(immersive_melodies)]
[16Apr2026 02:26:11.151] [main/DEBUG] [mixin/]: Processing inject() for PlatformAgent[MixinPlatformAgentDefault:SecureJarResource(expandability)]
[16Apr2026 02:26:11.151] [main/DEBUG] [mixin/]: Processing inject() for PlatformAgent[MixinPlatformAgentDefault:SecureJarResource(bettermineshafts)]
[16Apr2026 02:26:11.151] [main/DEBUG] [mixin/]: Processing inject() for PlatformAgent[MixinPlatformAgentDefault:SecureJarResource(enchantinginfuser)]
[16Apr2026 02:26:11.151] [main/DEBUG] [mixin/]: Processing inject() for PlatformAgent[MixinPlatformAgentDefault:SecureJarResource(skinrestorer)]
[16Apr2026 02:26:11.151] [main/DEBUG] [mixin/]: Processing inject() for PlatformAgent[MixinPlatformAgentDefault:SecureJarResource(mr_trek)]
[16Apr2026 02:26:11.151] [main/DEBUG] [mixin/]: Processing inject() for PlatformAgent[MixinPlatformAgentDefault:SecureJarResource(betterjungletemples)]
[16Apr2026 02:26:11.151] [main/DEBUG] [mixin/]: Processing inject() for PlatformAgent[MixinPlatformAgentDefault:SecureJarResource(mclib)]
[16Apr2026 02:26:11.151] [main/DEBUG] [mixin/]: Processing inject() for PlatformAgent[MixinPlatformAgentDefault:SecureJarResource(java.client.SNAPSHOT)]
[16Apr2026 02:26:11.151] [main/DEBUG] [mixin/]: Processing inject() for PlatformAgent[MixinPlatformAgentDefault:SecureJarResource(mixinextras)]
[16Apr2026 02:26:11.151] [main/DEBUG] [mixin/]: Processing inject() for PlatformAgent[MixinPlatformAgentDefault:SecureJarResource(bytecodecs)]
[16Apr2026 02:26:11.152] [main/DEBUG] [mixin/]: Processing inject() for PlatformAgent[MixinPlatformAgentDefault:SecureJarResource(Reflect.curseforge)]
[16Apr2026 02:26:11.152] [main/DEBUG] [mixin/]: Processing inject() for PlatformAgent[MixinPlatformAgentDefault:SecureJarResource(org.yaml.snakeyaml)]
[16Apr2026 02:26:11.152] [main/DEBUG] [mixin/]: Processing inject() for PlatformAgent[MixinPlatformAgentDefault:SecureJarResource(MixinSquared)]
[16Apr2026 02:26:11.152] [main/DEBUG] [mixin/]: Processing inject() for PlatformAgent[MixinPlatformAgentDefault:SecureJarResource(yabn)]
[16Apr2026 02:26:11.152] [main/DEBUG] [mixin/]: Processing inject() for PlatformAgent[MixinPlatformAgentDefault:SecureJarResource(MixinExtras)]
[16Apr2026 02:26:11.152] [main/INFO] [cpw.mods.modlauncher.LaunchServiceHandler/MODLAUNCHER]: Launching target 'forgeserver' with arguments [nogui]
[16Apr2026 02:26:11.185] [main/DEBUG] [mixin/]: Error cleaning class output directory: .mixin.out
[16Apr2026 02:26:11.187] [main/DEBUG] [mixin/]: Preparing mixins for MixinEnvironment[DEFAULT]
[16Apr2026 02:26:11.187] [main/DEBUG] [mixin/]: Selecting config kuma_api.mixins.json
[16Apr2026 02:26:11.192] [main/DEBUG] [mixin/]: Selecting config kuma_api.forge.mixins.json
[16Apr2026 02:26:11.193] [main/DEBUG] [mixin/]: Selecting config geckolib.mixins.json
[16Apr2026 02:26:11.195] [main/DEBUG] [mixin/]: Selecting config aether.mixins.json
[16Apr2026 02:26:11.212] [main/DEBUG] [mixin/]: Selecting config lithostitched.mixins.json
[16Apr2026 02:26:11.214] [main/DEBUG] [mixin/]: Selecting config lithostitched.forge.mixins.json
[16Apr2026 02:26:11.216] [main/DEBUG] [mixin/]: Selecting config xaerolib.mixins.json
[16Apr2026 02:26:11.220] [main/DEBUG] [mixin/]: Selecting config xaerolib.forge.mixins.json
[16Apr2026 02:26:11.224] [main/DEBUG] [mixin/]: Selecting config betteroceanmonuments.mixins.json
[16Apr2026 02:26:11.226] [main/DEBUG] [mixin/]: Selecting config betteroceanmonuments_forge.mixins.json
[16Apr2026 02:26:11.228] [main/DEBUG] [mixin/]: Selecting config mixins.siegeweapons.json
[16Apr2026 02:26:11.230] [main/DEBUG] [mixin/]: Selecting config waystones.mixins.json
[16Apr2026 02:26:11.232] [main/DEBUG] [mixin/]: Selecting config xaeroworldmap.mixins.json
[16Apr2026 02:26:11.235] [main/DEBUG] [mixin/]: Selecting config xaeroworldmap.forge.mixins.json
[16Apr2026 02:26:11.237] [main/DEBUG] [mixin/]: Selecting config placebo.mixins.json
[16Apr2026 02:26:11.238] [main/DEBUG] [mixin/]: Selecting config citadel.mixins.json
[16Apr2026 02:26:11.240] [main/DEBUG] [mixin/]: Selecting config mixins.travelersbackpack.json
[16Apr2026 02:26:11.242] [main/DEBUG] [mixin/]: Selecting config mixins.artifacts.common.json
[16Apr2026 02:26:11.244] [main/DEBUG] [mixin/]: Selecting config mixins.artifacts.forge.json
[16Apr2026 02:26:11.245] [main/DEBUG] [mixin/]: Selecting config yungsapi.mixins.json
[16Apr2026 02:26:11.248] [main/DEBUG] [mixin/]: Selecting config yungsapi_forge.mixins.json
[16Apr2026 02:26:11.250] [main/DEBUG] [mixin/]: Selecting config glitchcore.mixins.json
[16Apr2026 02:26:11.252] [main/DEBUG] [mixin/]: Selecting config glitchcore.forge.mixins.json
[16Apr2026 02:26:11.253] [main/DEBUG] [mixin/]: Selecting config guardvillagers.mixins.json
[16Apr2026 02:26:11.255] [main/DEBUG] [mixin/]: Selecting config relics.mixins.json
[16Apr2026 02:26:11.256] [main/DEBUG] [mixin/]: Selecting config apotheosis.mixins.json
[16Apr2026 02:26:11.258] [main/DEBUG] [mixin/]: Selecting config betterdeserttemples.mixins.json
[16Apr2026 02:26:11.260] [main/DEBUG] [mixin/]: Selecting config betterdeserttemples_forge.mixins.json
[16Apr2026 02:26:11.262] [main/DEBUG] [mixin/]: Selecting config balm.mixins.json
[16Apr2026 02:26:11.263] [main/DEBUG] [mixin/]: Selecting config immersive_armors.mixins.json
[16Apr2026 02:26:11.266] [main/DEBUG] [mixin/]: Selecting config carryon.mixins.json
[16Apr2026 02:26:11.307] [main/DEBUG] [MixinExtras|Service/]: com.llamalad7.mixinextras.service.MixinExtrasServiceImpl(version=0.5.3) is taking over from null
[16Apr2026 02:26:11.413] [main/DEBUG] [mixin/]: Registering new injector for @Inject with org.spongepowered.asm.mixin.injection.struct.CallbackInjectionInfo
[16Apr2026 02:26:11.414] [main/DEBUG] [mixin/]: Registering new injector for @ModifyArg with org.spongepowered.asm.mixin.injection.struct.ModifyArgInjectionInfo
[16Apr2026 02:26:11.415] [main/DEBUG] [mixin/]: Registering new injector for @ModifyArgs with org.spongepowered.asm.mixin.injection.struct.ModifyArgsInjectionInfo
[16Apr2026 02:26:11.417] [main/DEBUG] [mixin/]: Registering new injector for @Redirect with org.spongepowered.asm.mixin.injection.struct.RedirectInjectionInfo
[16Apr2026 02:26:11.418] [main/DEBUG] [mixin/]: Registering new injector for @ModifyVariable with org.spongepowered.asm.mixin.injection.struct.ModifyVariableInjectionInfo
[16Apr2026 02:26:11.419] [main/DEBUG] [mixin/]: Registering new injector for @ModifyConstant with org.spongepowered.asm.mixin.injection.struct.ModifyConstantInjectionInfo
[16Apr2026 02:26:11.433] [main/DEBUG] [mixin/]: Selecting config carryon.forge.mixins.json
[16Apr2026 02:26:11.435] [main/DEBUG] [mixin/]: Selecting config puzzlesaccessapi.common.mixins.json
[16Apr2026 02:26:11.438] [main/WARN] [mixin/]: Reference map 'puzzlesaccessapi.common.refmap.json' for puzzlesaccessapi.common.mixins.json could not be read. If this is a development environment you can ignore this message
[16Apr2026 02:26:11.438] [main/DEBUG] [mixin/]: Selecting config puzzlesaccessapi.forge.mixins.json
[16Apr2026 02:26:11.440] [main/DEBUG] [mixin/]: Selecting config supplementaries-common.mixins.json
[16Apr2026 02:26:11.451] [main/DEBUG] [mixin/]: Selecting config supplementaries.mixins.json
[16Apr2026 02:26:11.453] [main/DEBUG] [mixin/]: Selecting config farmersdelight.mixins.json
[16Apr2026 02:26:11.455] [main/DEBUG] [mixin/]: Selecting config terrablender.mixins.json
[16Apr2026 02:26:11.457] [main/DEBUG] [mixin/]: Selecting config terrablender_forge.mixins.json
[16Apr2026 02:26:11.459] [main/DEBUG] [mixin/]: Selecting config moonlight-common.mixins.json
[16Apr2026 02:26:11.465] [main/DEBUG] [mixin/]: Selecting config moonlight.mixins.json
[16Apr2026 02:26:11.467] [main/DEBUG] [mixin/]: Selecting config endermanoverhaul-common.mixins.json
[16Apr2026 02:26:11.468] [main/DEBUG] [mixin/]: Selecting config endermanoverhaul.mixins.json
[16Apr2026 02:26:11.470] [main/DEBUG] [mixin/]: Selecting config biomesoplenty.mixins.json
[16Apr2026 02:26:11.471] [main/DEBUG] [mixin/]: Selecting config biomesoplenty.forge.mixins.json
[16Apr2026 02:26:11.473] [main/DEBUG] [mixin/]: Selecting config mixinsquared.init.mixins.json
[16Apr2026 02:26:11.482] [main/DEBUG] [mixin/]: Registering new target selector for @mixinsquared:handler with com.bawnorton.mixinsquared.selector.DynamicSelectorHandler
[16Apr2026 02:26:11.490] [main/DEBUG] [mixin/]: Selecting config jade.mixins.json
[16Apr2026 02:26:11.492] [main/DEBUG] [mixin/]: Selecting config another_furniture-common.mixins.json
[16Apr2026 02:26:11.493] [main/DEBUG] [mixin/]: Selecting config another_furniture.mixins.json
[16Apr2026 02:26:11.497] [main/DEBUG] [mixin/]: Selecting config platform.mixins.json
[16Apr2026 02:26:11.498] [main/DEBUG] [mixin/]: Selecting config platform-common.mixins.json
[16Apr2026 02:26:11.500] [main/DEBUG] [mixin/]: Selecting config vanillabackport.mixins.json
[16Apr2026 02:26:11.502] [main/DEBUG] [mixin/]: Selecting config vanillabackport.forge.mixins.json
[16Apr2026 02:26:11.503] [main/DEBUG] [mixin/]: Selecting config ksyxis.mixins.json
[16Apr2026 02:26:11.507] [main/DEBUG] [mixin/]: Selecting config lionfishapi.mixins.json
[16Apr2026 02:26:11.508] [main/DEBUG] [mixin/]: Selecting config mysticaloaktree-common.mixins.json
[16Apr2026 02:26:11.510] [main/WARN] [mixin/]: Reference map 'mysticaloaktree-common-refmap.json' for mysticaloaktree-common.mixins.json could not be read. If this is a development environment you can ignore this message
[16Apr2026 02:26:11.510] [main/DEBUG] [mixin/]: Selecting config mysticaloaktree.mixins.json
[16Apr2026 02:26:11.512] [main/WARN] [mixin/]: Reference map 'mysticaloaktree-forge-refmap.json' for mysticaloaktree.mixins.json could not be read. If this is a development environment you can ignore this message
[16Apr2026 02:26:11.512] [main/DEBUG] [mixin/]: Selecting config cataclysm.mixins.json
[16Apr2026 02:26:11.514] [main/DEBUG] [mixin/]: Selecting config curios.mixins.json
[16Apr2026 02:26:11.515] [main/DEBUG] [mixin/]: Selecting config xaerohud.mixins.json
[16Apr2026 02:26:11.519] [main/DEBUG] [mixin/]: Selecting config xaerohud.forge.mixins.json
[16Apr2026 02:26:11.521] [main/DEBUG] [mixin/]: Selecting config xaerominimap.mixins.json
[16Apr2026 02:26:11.522] [main/DEBUG] [mixin/]: Selecting config xaerominimap.forge.mixins.json
[16Apr2026 02:26:11.524] [main/DEBUG] [mixin/]: Selecting config immersive_paintings.mixin.json
[16Apr2026 02:26:11.525] [main/DEBUG] [mixin/]: Selecting config attributeslib.mixins.json
[16Apr2026 02:26:11.527] [main/DEBUG] [mixin/]: Selecting config immediatelyfast-forge.mixins.json
[16Apr2026 02:26:11.544] [main/DEBUG] [mixin/]: Selecting config immediatelyfast-common.mixins.json
[16Apr2026 02:26:11.546] [main/DEBUG] [mixin/]: Selecting config coroutil.mixins.json
[16Apr2026 02:26:11.549] [main/WARN] [mixin/]: Reference map 'coroutil.refmap.json' for coroutil.mixins.json could not be read. If this is a development environment you can ignore this message
[16Apr2026 02:26:11.549] [main/DEBUG] [mixin/]: Selecting config cumulus_menus.mixins.json
[16Apr2026 02:26:11.551] [main/DEBUG] [mixin/]: Selecting config creeperoverhaul-common.mixins.json
[16Apr2026 02:26:11.553] [main/DEBUG] [mixin/]: Selecting config architectury.mixins.json
[16Apr2026 02:26:11.556] [main/DEBUG] [mixin/]: Selecting config architectury-common.mixins.json
[16Apr2026 02:26:11.558] [main/DEBUG] [mixin/]: Selecting config lootr.mixins.json
[16Apr2026 02:26:11.560] [main/DEBUG] [mixin/]: Selecting config ferritecore.predicates.mixin.json
[16Apr2026 02:26:11.578] [main/DEBUG] [mixin/]: Selecting config ferritecore.fastmap.mixin.json
[16Apr2026 02:26:11.581] [main/DEBUG] [mixin/]: Selecting config ferritecore.mrl.mixin.json
[16Apr2026 02:26:11.584] [main/DEBUG] [mixin/]: Selecting config ferritecore.dedupmultipart.mixin.json
[16Apr2026 02:26:11.587] [main/DEBUG] [mixin/]: Selecting config ferritecore.blockstatecache.mixin.json
[16Apr2026 02:26:11.589] [main/DEBUG] [mixin/]: Selecting config ferritecore.dedupbakedquad.mixin.json
[16Apr2026 02:26:11.592] [main/DEBUG] [mixin/]: Selecting config ferritecore.threaddetec.mixin.json
[16Apr2026 02:26:11.595] [main/DEBUG] [mixin/]: Selecting config ferritecore.modelsides.mixin.json
[16Apr2026 02:26:11.598] [main/DEBUG] [mixin/]: Selecting config puzzleslib.common.mixins.json
[16Apr2026 02:26:11.627] [main/INFO] [Puzzles Lib/]: Loading 84 mods:
	- aether 1.20.1-1.5.2-neoforge
		|-- cumulus_menus 1.20.1-1.0.1-neoforge
		\-- nitrogen_internals 1.20.1-1.0.12-neoforge
	- alexsmobs 1.22.9
	- another_furniture 1.20.1-3.0.4
	- apotheosis 7.4.8
	- architectury 9.2.14
	- artifacts 9.5.19
		\-- expandability 9.0.4
	- attributeslib 1.3.7
	- balm 7.3.38
		\-- kuma_api 20.1.12
	- betterdeserttemples 1.20-Forge-3.0.3
	- betterjungletemples 1.20-Forge-2.0.5
	- bettermineshafts 1.20-Forge-4.0.4
	- betteroceanmonuments 1.20-Forge-3.0.4
	- biomesoplenty 19.0.0.96
	- carryon 2.1.2.7
	- cataclysm 3.27
	- chunky 1.3.146
	- citadel 2.6.3
	- cloth_config 11.1.136
	- coroutil 1.20.1-1.3.7
	- creeperoverhaul 3.0.2
	- curios 5.14.1+1.20.1
	- dungeons_arise 2.1.58-1.20.x
	- dungeons_arise_seven_seas 1.0.2
	- enchantinginfuser 8.0.3
	- endermanoverhaul 1.0.4
	- fallingtree 4.3.4
	- farmersdelight 1.20.1-1.2.11
	- ferritecore 6.0.1
	- forge 47.3.7
	- geckolib 4.8.3
	- glitchcore 0.0.1.1
	- guardvillagers 1.20.1-1.6.17
	- hiccups_legacy 2.0.0
	- immediatelyfast 1.5.4+1.20.4
	- immersive_armors 1.7.1+1.20.1
	- immersive_melodies 0.6.0+1.20.1
	- immersive_paintings 0.6.11+1.20.1
	- jade 11.13.2+forge
	- ksyxis 1.3.4
	- lionfishapi 2.4
	- lithostitched 1.4.11
	- lootr 0.7.35.94
	- mcwbridges 3.1.2
	- mcwdoors 1.1.5
	- mcwfences 1.2.1
	- mcwroofs 2.3.2
	- mcwstairs 1.0.2
	- mcwwindows 2.4.2
	- minecraft 1.20.1
	- mns 2.0.2
	- moogs_structures 1.1.0-1.20-1.20.4
	- moonlight 1.20-2.16.28
		\-- mixinsquared 0.1.1
	- mr_blossom_blade 1.2
	- mr_trek 1-B0.6.1.1
	- mr_veinminer 1.1.0
	- mysticaloaktree 1.20-1.11
	- octolib 0.5.0.1
	- placebo 8.6.3
	- platform 1.3.2
	- puzzleslib 8.1.33
		\-- puzzlesaccessapi 20.1.1
	- relics 0.8.0.13
	- resourcefulconfig 2.1.3
	- resourcefullib 2.1.29
	- sarosessentialsmod 0.5
	- siegeweapons 0.2.5
	- skinrestorer 2.7.0+1.20-forge
	- spark 1.10.53
	- supplementaries 1.20-3.1.43
	- terrablender 3.0.1.10
	- terralith 2.5.4
	- travelersbackpack 9.1.53
	- vanillabackport 1.1.6.3
	- watching 1.9.2
	- waystones 14.1.20
	- xaerominimap 25.3.10
		\-- xaerolib 1.1.0
	- xaeroworldmap 1.40.11
	- yungsapi 1.20-Forge-4.0.6
[16Apr2026 02:26:11.630] [main/DEBUG] [mixin/]: Selecting config puzzleslib.forge.mixins.json
[16Apr2026 02:26:11.633] [main/DEBUG] [mixin/]: Selecting config nitrogen_internals.mixins.json
[16Apr2026 02:26:11.637] [main/WARN] [mixin/]: Reference map 'nitrogen_internals.refmap.json' for nitrogen_internals.mixins.json could not be read. If this is a development environment you can ignore this message
[16Apr2026 02:26:11.637] [main/DEBUG] [mixin/]: Selecting config moogs_structures-common.mixins.json
[16Apr2026 02:26:11.639] [main/DEBUG] [mixin/]: Selecting config moogs_structures-forge.mixins.json
[16Apr2026 02:26:11.641] [main/DEBUG] [mixin/]: Selecting config immersive_melodies.mixin.json
[16Apr2026 02:26:11.644] [main/DEBUG] [mixin/]: Selecting config expandability.mixins.json
[16Apr2026 02:26:11.646] [main/DEBUG] [mixin/]: Selecting config expandability-common.mixins.json
[16Apr2026 02:26:11.652] [main/DEBUG] [mixin/]: Selecting config bettermineshafts.mixins.json
[16Apr2026 02:26:11.656] [main/DEBUG] [mixin/]: Selecting config bettermineshafts_forge.mixins.json
[16Apr2026 02:26:11.659] [main/DEBUG] [mixin/]: Selecting config skinrestorer.mixins.json
[16Apr2026 02:26:11.661] [main/DEBUG] [mixin/]: Selecting config betterjungletemples.mixins.json
[16Apr2026 02:26:11.670] [main/DEBUG] [mixin/]: Selecting config betterjungletemples_forge.mixins.json
[16Apr2026 02:26:11.672] [main/DEBUG] [mixin/]: Selecting config mixinextras.init.mixins.json
[16Apr2026 02:26:11.676] [main/DEBUG] [mixin/]: Preparing kuma_api.mixins.json (1)
[16Apr2026 02:26:11.676] [main/DEBUG] [mixin/]: Preparing kuma_api.forge.mixins.json (0)
[16Apr2026 02:26:11.676] [main/DEBUG] [mixin/]: Preparing geckolib.mixins.json (1)
[16Apr2026 02:26:11.677] [main/DEBUG] [mixin/]: Preparing aether.mixins.json (65)
[16Apr2026 02:26:11.975] [main/DEBUG] [mixin/]: Preparing lithostitched.mixins.json (18)
[16Apr2026 02:26:12.038] [main/DEBUG] [net.minecraftforge.coremod.transformer.CoreModBaseTransformer/COREMOD]: Transforming net/minecraft/world/level/levelgen/structure/templatesystem/StructureTemplate
[16Apr2026 02:26:12.373] [main/DEBUG] [mixin/]: Preparing lithostitched.forge.mixins.json (2)
[16Apr2026 02:26:12.379] [main/DEBUG] [mixin/]: Preparing xaerolib.mixins.json (5)
[16Apr2026 02:26:12.402] [main/DEBUG] [mixin/]: Preparing xaerolib.forge.mixins.json (0)
[16Apr2026 02:26:12.402] [main/DEBUG] [mixin/]: Preparing betteroceanmonuments.mixins.json (8)
[16Apr2026 02:26:12.443] [main/DEBUG] [mixin/]: Preparing betteroceanmonuments_forge.mixins.json (0)
[16Apr2026 02:26:12.443] [main/DEBUG] [mixin/]: Preparing mixins.siegeweapons.json (1)
[16Apr2026 02:26:12.443] [main/DEBUG] [mixin/]: Preparing waystones.mixins.json (3)
[16Apr2026 02:26:12.447] [main/DEBUG] [mixin/]: Preparing xaeroworldmap.mixins.json (11)
[16Apr2026 02:26:12.465] [main/DEBUG] [mixin/]: Preparing xaeroworldmap.forge.mixins.json (2)
[16Apr2026 02:26:12.466] [main/DEBUG] [mixin/]: Preparing placebo.mixins.json (6)
[16Apr2026 02:26:12.479] [main/DEBUG] [net.minecraftforge.coremod.transformer.CoreModBaseTransformer/COREMOD]: Transforming net/minecraft/world/item/ItemStack
[16Apr2026 02:26:12.491] [main/DEBUG] [net.minecraftforge.coremod.transformer.CoreModBaseTransformer/COREMOD]: Transforming getEnchantmentLevel with desc (Lnet/minecraft/world/item/enchantment/Enchantment;)I
[16Apr2026 02:26:12.498] [main/INFO] [net.minecraftforge.coremod.CoreMod.placebo/COREMODLOG]: Patching IForgeItemStack#getEnchantmentLevel
[16Apr2026 02:26:12.509] [main/DEBUG] [net.minecraftforge.coremod.transformer.CoreModBaseTransformer/COREMOD]: Transforming getAllEnchantments with desc ()Ljava/util/Map;
[16Apr2026 02:26:12.515] [main/INFO] [net.minecraftforge.coremod.CoreMod.placebo/COREMODLOG]: Patching IForgeItemStack#getEnchantmentLevel
[16Apr2026 02:26:12.538] [main/DEBUG] [mixin/]: Preparing citadel.mixins.json (16)
[16Apr2026 02:26:12.549] [main/DEBUG] [mixin/]: Preparing mixins.travelersbackpack.json (1)
[16Apr2026 02:26:12.549] [main/DEBUG] [mixin/]: Preparing mixins.artifacts.common.json (21)
[16Apr2026 02:26:12.564] [main/DEBUG] [net.minecraftforge.coremod.transformer.CoreModBaseTransformer/COREMOD]: Transforming net/minecraft/world/level/NaturalSpawner
[16Apr2026 02:26:12.682] [main/DEBUG] [net.minecraftforge.coremod.transformer.CoreModBaseTransformer/COREMOD]: Transforming net/minecraft/world/entity/npc/Villager
[16Apr2026 02:26:12.846] [main/DEBUG] [mixin/]: Preparing mixins.artifacts.forge.json (3)
[16Apr2026 02:26:12.851] [main/DEBUG] [mixin/]: Preparing yungsapi.mixins.json (11)
[16Apr2026 02:26:12.856] [main/DEBUG] [yungsapi/]: Loaded com.yungnickyoung.minecraft.yungsapi.services.ForgePlatformHelper@5834198f for service interface com.yungnickyoung.minecraft.yungsapi.services.IPlatformHelper
[16Apr2026 02:26:12.857] [main/DEBUG] [yungsapi/]: Loaded com.yungnickyoung.minecraft.yungsapi.services.ForgeAutoRegisterHelper@38022758 for service interface com.yungnickyoung.minecraft.yungsapi.services.IAutoRegisterHelper
[16Apr2026 02:26:12.859] [main/DEBUG] [yungsapi/]: Loaded com.yungnickyoung.minecraft.yungsapi.services.ForgeBlockEntityTypeHelper@14485747 for service interface com.yungnickyoung.minecraft.yungsapi.services.IBlockEntityTypeHelper
[16Apr2026 02:26:12.860] [main/DEBUG] [yungsapi/]: Loaded com.yungnickyoung.minecraft.yungsapi.services.ForgeParticleTypeHelper@2dd3d39d for service interface com.yungnickyoung.minecraft.yungsapi.services.IParticleTypeHelper
[16Apr2026 02:26:12.875] [main/DEBUG] [mixin/]: Preparing yungsapi_forge.mixins.json (1)
[16Apr2026 02:26:12.876] [main/DEBUG] [mixin/]: Preparing glitchcore.mixins.json (4)
[16Apr2026 02:26:12.877] [main/DEBUG] [mixin/]: Preparing glitchcore.forge.mixins.json (7)
[16Apr2026 02:26:12.881] [main/DEBUG] [mixin/]: Preparing guardvillagers.mixins.json (6)
[16Apr2026 02:26:12.889] [main/DEBUG] [mixin/]: Preparing relics.mixins.json (15)
[16Apr2026 02:26:12.912] [main/ERROR] [net.minecraftforge.fml.loading.RuntimeDistCleaner/DISTXFORM]: Attempted to load class net/minecraft/client/gui/screens/Screen for invalid dist DEDICATED_SERVER
[16Apr2026 02:26:12.913] [main/WARN] [mixin/]: Error loading class: net/minecraft/client/gui/screens/Screen (java.lang.RuntimeException: Attempted to load class net/minecraft/client/gui/screens/Screen for invalid dist DEDICATED_SERVER)
[16Apr2026 02:26:12.914] [main/WARN] [mixin/]: @Mixin target net.minecraft.client.gui.screens.Screen was not found relics.mixins.json:ScreenMixin
[16Apr2026 02:26:12.914] [main/DEBUG] [mixin/]: Preparing apotheosis.mixins.json (31)
[16Apr2026 02:26:12.933] [main/DEBUG] [net.minecraftforge.coremod.transformer.CoreModBaseTransformer/COREMOD]: Transforming net/minecraft/world/inventory/AnvilMenu
[16Apr2026 02:26:13.031] [main/INFO] [net.minecraftforge.coremod.CoreMod.apotheosis/COREMODLOG]: Replaced 2 calls to Enchantment#getMaxLevel() in net/minecraft/world/inventory/AnvilMenu
[16Apr2026 02:26:13.067] [main/WARN] [mixin/]: Error loading class: org/violetmoon/quark/content/tweaks/module/GoldToolsHaveFortuneModule (java.lang.ClassNotFoundException: org.violetmoon.quark.content.tweaks.module.GoldToolsHaveFortuneModule)
[16Apr2026 02:26:13.067] [main/DEBUG] [mixin/]: Skipping virtual target org.violetmoon.quark.content.tweaks.module.GoldToolsHaveFortuneModule for apotheosis.mixins.json:GoldToolsHaveFortuneModuleMixin
[16Apr2026 02:26:13.068] [main/DEBUG] [net.minecraftforge.coremod.transformer.CoreModBaseTransformer/COREMOD]: Transforming getEnchantmentLevel with desc (Lnet/minecraft/world/item/enchantment/Enchantment;)I
[16Apr2026 02:26:13.069] [main/INFO] [net.minecraftforge.coremod.CoreMod.placebo/COREMODLOG]: Patching IForgeItemStack#getEnchantmentLevel
[16Apr2026 02:26:13.070] [main/DEBUG] [net.minecraftforge.coremod.transformer.CoreModBaseTransformer/COREMOD]: Transforming getAllEnchantments with desc ()Ljava/util/Map;
[16Apr2026 02:26:13.070] [main/INFO] [net.minecraftforge.coremod.CoreMod.placebo/COREMODLOG]: Patching IForgeItemStack#getEnchantmentLevel
[16Apr2026 02:26:13.083] [main/WARN] [mixin/]: Error loading class: com/hollingsworth/arsnouveau/common/items/SpellCrossbow (java.lang.ClassNotFoundException: com.hollingsworth.arsnouveau.common.items.SpellCrossbow)
[16Apr2026 02:26:13.083] [main/DEBUG] [mixin/]: Skipping virtual target com.hollingsworth.arsnouveau.common.items.SpellCrossbow for apotheosis.mixins.json:SpellCrossbowMixin
[16Apr2026 02:26:13.090] [main/DEBUG] [mixin/]: Preparing betterdeserttemples.mixins.json (9)
[16Apr2026 02:26:13.097] [main/DEBUG] [mixin/]: Preparing betterdeserttemples_forge.mixins.json (0)
[16Apr2026 02:26:13.097] [main/DEBUG] [mixin/]: Preparing balm.mixins.json (16)
[16Apr2026 02:26:13.108] [main/DEBUG] [mixin/]: Preparing immersive_armors.mixins.json (10)
[16Apr2026 02:26:13.113] [main/DEBUG] [mixin/]: Preparing carryon.mixins.json (5)
[16Apr2026 02:26:13.120] [main/DEBUG] [mixin/]: Preparing carryon.forge.mixins.json (0)
[16Apr2026 02:26:13.120] [main/DEBUG] [mixin/]: Preparing puzzlesaccessapi.common.mixins.json (0)
[16Apr2026 02:26:13.120] [main/DEBUG] [mixin/]: Preparing puzzlesaccessapi.forge.mixins.json (0)
[16Apr2026 02:26:13.120] [main/DEBUG] [mixin/]: Preparing supplementaries-common.mixins.json (79)
[16Apr2026 02:26:13.239] [main/DEBUG] [mixin/]: Preparing supplementaries.mixins.json (28)
[16Apr2026 02:26:13.276] [main/DEBUG] [mixin/]: @Mixin target net/minecraft/world/entity/npc/VillagerTrades$TreasureMapForEmeralds is public in supplementaries.mixins.json:TreasureMapForEmeraldsMixin and should be specified in value
[16Apr2026 02:26:13.296] [main/DEBUG] [mixin/]: Preparing farmersdelight.mixins.json (10)
[16Apr2026 02:26:13.311] [main/DEBUG] [mixin/]: Preparing terrablender.mixins.json (7)
[16Apr2026 02:26:13.324] [main/DEBUG] [mixin/]: Preparing terrablender_forge.mixins.json (0)
[16Apr2026 02:26:13.324] [main/DEBUG] [mixin/]: Preparing moonlight-common.mixins.json (40)
[16Apr2026 02:26:13.378] [main/DEBUG] [mixin/]: Preparing moonlight.mixins.json (13)
[16Apr2026 02:26:13.383] [main/DEBUG] [mixin/]: Preparing endermanoverhaul-common.mixins.json (4)
[16Apr2026 02:26:13.388] [main/DEBUG] [mixin/]: Preparing endermanoverhaul.mixins.json (2)
[16Apr2026 02:26:13.391] [main/DEBUG] [mixin/]: Preparing biomesoplenty.mixins.json (0)
[16Apr2026 02:26:13.391] [main/DEBUG] [mixin/]: Preparing biomesoplenty.forge.mixins.json (2)
[16Apr2026 02:26:13.393] [main/DEBUG] [mixin/]: Preparing mixinsquared.init.mixins.json (0)
[16Apr2026 02:26:13.394] [main/DEBUG] [mixin/]: Preparing jade.mixins.json (2)
[16Apr2026 02:26:13.394] [main/DEBUG] [mixin/]: Preparing another_furniture-common.mixins.json (1)
[16Apr2026 02:26:13.394] [main/DEBUG] [mixin/]: Preparing another_furniture.mixins.json (5)
[16Apr2026 02:26:13.396] [main/DEBUG] [mixin/]: Preparing platform.mixins.json (5)
[16Apr2026 02:26:13.399] [main/DEBUG] [mixin/]: Preparing platform-common.mixins.json (20)
[16Apr2026 02:26:13.418] [main/DEBUG] [mixin/]: Preparing vanillabackport.mixins.json (66)
[16Apr2026 02:26:13.454] [main/DEBUG] [net.minecraftforge.coremod.transformer.CoreModBaseTransformer/COREMOD]: Transforming net/minecraft/world/level/biome/Biome
[16Apr2026 02:26:13.503] [main/WARN] [mixin/]: Error loading class: jeresources/api/util/BiomeHelper (java.lang.ClassNotFoundException: jeresources.api.util.BiomeHelper)
[16Apr2026 02:26:13.504] [main/DEBUG] [mixin/]: Skipping virtual target jeresources.api.util.BiomeHelper for vanillabackport.mixins.json:compat.jer.BiomeHelperMixin
[16Apr2026 02:26:13.506] [main/WARN] [mixin/]: Error loading class: yalter/mousetweaks/Main (java.lang.ClassNotFoundException: yalter.mousetweaks.Main)
[16Apr2026 02:26:13.506] [main/DEBUG] [mixin/]: Skipping virtual target yalter.mousetweaks.Main for vanillabackport.mixins.json:compat.mousetweaks.MainMixin
[16Apr2026 02:26:13.507] [main/DEBUG] [mixin/]: Preparing vanillabackport.forge.mixins.json (1)
[16Apr2026 02:26:13.508] [main/DEBUG] [mixin/]: Preparing ksyxis.mixins.json (3)
[16Apr2026 02:26:13.511] [main/DEBUG] [Ksyxis/MOD_KSYXIS]: Ksyxis: Unable to provide compat for ModernFix, it's probably not installed.
java.lang.ClassNotFoundException: org.embeddedt.modernfix.core.ModernFixMixinPlugin
	at jdk.internal.loader.BuiltinClassLoader.loadClass(BuiltinClassLoader.java:641) ~[?:?]
	at java.lang.ClassLoader.loadClass(ClassLoader.java:525) ~[?:?]
	at cpw.mods.cl.ModuleClassLoader.loadClass(ModuleClassLoader.java:137) ~[securejarhandler-2.1.10.jar:?]
	at java.lang.ClassLoader.loadClass(ClassLoader.java:525) ~[?:?]
	at cpw.mods.cl.ModuleClassLoader.loadClass(ModuleClassLoader.java:137) ~[securejarhandler-2.1.10.jar:?]
	at java.lang.ClassLoader.loadClass(ClassLoader.java:525) ~[?:?]
	at java.lang.Class.forName0(Native Method) ~[?:?]
	at java.lang.Class.forName(Class.java:377) ~[?:?]
	at ru.vidtu.ksyxis.Ksyxis.getLoadedChunks(Ksyxis.java:287) ~[Ksyxis-1.3.4.jar%23210!/:1.3.4]
	at ru.vidtu.ksyxis.Ksyxis.<clinit>(Ksyxis.java:104) ~[Ksyxis-1.3.4.jar%23210!/:1.3.4]
	at ru.vidtu.ksyxis.KPlugin.shouldApplyMixin(KPlugin.java:125) ~[Ksyxis-1.3.4.jar%23210!/:1.3.4]
	at org.spongepowered.asm.mixin.transformer.PluginHandle.shouldApplyMixin(PluginHandle.java:132) ~[mixin-0.8.5.jar%2365!/:0.8.5+Jenkins-b310.git-155314e6e91465dad727e621a569906a410cd6f4]
	at org.spongepowered.asm.mixin.transformer.MixinInfo.shouldApplyMixin(MixinInfo.java:987) ~[mixin-0.8.5.jar%2365!/:0.8.5+Jenkins-b310.git-155314e6e91465dad727e621a569906a410cd6f4]
	at org.spongepowered.asm.mixin.transformer.MixinInfo.readDeclaredTargets(MixinInfo.java:952) ~[mixin-0.8.5.jar%2365!/:0.8.5+Jenkins-b310.git-155314e6e91465dad727e621a569906a410cd6f4]
	at org.spongepowered.asm.mixin.transformer.MixinInfo.<init>(MixinInfo.java:881) ~[mixin-0.8.5.jar%2365!/:0.8.5+Jenkins-b310.git-155314e6e91465dad727e621a569906a410cd6f4]
	at org.spongepowered.asm.mixin.transformer.MixinConfig.prepareMixins(MixinConfig.java:850) ~[mixin-0.8.5.jar%2365!/:0.8.5+Jenkins-b310.git-155314e6e91465dad727e621a569906a410cd6f4]
	at org.spongepowered.asm.mixin.transformer.MixinConfig.prepare(MixinConfig.java:775) ~[mixin-0.8.5.jar%2365!/:0.8.5+Jenkins-b310.git-155314e6e91465dad727e621a569906a410cd6f4]
	at org.spongepowered.asm.mixin.transformer.MixinProcessor.prepareConfigs(MixinProcessor.java:539) ~[mixin-0.8.5.jar%2365!/:0.8.5+Jenkins-b310.git-155314e6e91465dad727e621a569906a410cd6f4]
	at org.spongepowered.asm.mixin.transformer.MixinProcessor.select(MixinProcessor.java:462) ~[mixin-0.8.5.jar%2365!/:0.8.5+Jenkins-b310.git-155314e6e91465dad727e621a569906a410cd6f4]
	at org.spongepowered.asm.mixin.transformer.MixinProcessor.checkSelect(MixinProcessor.java:438) ~[mixin-0.8.5.jar%2365!/:0.8.5+Jenkins-b310.git-155314e6e91465dad727e621a569906a410cd6f4]
	at org.spongepowered.asm.mixin.transformer.MixinProcessor.applyMixins(MixinProcessor.java:290) ~[mixin-0.8.5.jar%2365!/:0.8.5+Jenkins-b310.git-155314e6e91465dad727e621a569906a410cd6f4]
	at org.spongepowered.asm.mixin.transformer.MixinTransformer.transformClass(MixinTransformer.java:250) ~[mixin-0.8.5.jar%2365!/:0.8.5+Jenkins-b310.git-155314e6e91465dad727e621a569906a410cd6f4]
	at org.spongepowered.asm.service.modlauncher.MixinTransformationHandler.processClass(MixinTransformationHandler.java:131) ~[mixin-0.8.5.jar%2365!/:0.8.5+Jenkins-b310.git-155314e6e91465dad727e621a569906a410cd6f4]
	at org.spongepowered.asm.launch.MixinLaunchPluginLegacy.processClass(MixinLaunchPluginLegacy.java:131) ~[mixin-0.8.5.jar%2365!/:0.8.5+Jenkins-b310.git-155314e6e91465dad727e621a569906a410cd6f4]
	at cpw.mods.modlauncher.serviceapi.ILaunchPluginService.processClassWithFlags(ILaunchPluginService.java:156) ~[modlauncher-10.0.9.jar%2355!/:10.0.9+10.0.9+main.dcd20f30]
	at cpw.mods.modlauncher.LaunchPluginHandler.offerClassNodeToPlugins(LaunchPluginHandler.java:88) ~[modlauncher-10.0.9.jar%2355!/:?]
	at cpw.mods.modlauncher.ClassTransformer.transform(ClassTransformer.java:120) ~[modlauncher-10.0.9.jar%2355!/:?]
	at cpw.mods.modlauncher.TransformingClassLoader.maybeTransformClassBytes(TransformingClassLoader.java:50) ~[modlauncher-10.0.9.jar%2355!/:?]
	at cpw.mods.cl.ModuleClassLoader.readerToClass(ModuleClassLoader.java:113) ~[securejarhandler-2.1.10.jar:?]
	at cpw.mods.cl.ModuleClassLoader.lambda$findClass$15(ModuleClassLoader.java:219) ~[securejarhandler-2.1.10.jar:?]
	at cpw.mods.cl.ModuleClassLoader.loadFromModule(ModuleClassLoader.java:229) ~[securejarhandler-2.1.10.jar:?]
	at cpw.mods.cl.ModuleClassLoader.findClass(ModuleClassLoader.java:219) ~[securejarhandler-2.1.10.jar:?]
	at java.lang.ClassLoader.loadClass(ClassLoader.java:637) ~[?:?]
	at java.lang.Class.forName(Class.java:547) ~[?:?]
	at net.minecraftforge.fml.loading.ImmediateWindowHandler$DummyProvider.lambda$updateModuleReads$1(ImmediateWindowHandler.java:145) ~[fmlloader-1.20.1-47.3.7.jar%2369!/:1.0]
	at java.util.Optional.map(Optional.java:260) ~[?:?]
	at net.minecraftforge.fml.loading.ImmediateWindowHandler$DummyProvider.updateModuleReads(ImmediateWindowHandler.java:145) ~[fmlloader-1.20.1-47.3.7.jar%2369!/:1.0]
	at net.minecraftforge.fml.loading.ImmediateWindowHandler.acceptGameLayer(ImmediateWindowHandler.java:71) ~[fmlloader-1.20.1-47.3.7.jar%2369!/:1.0]
	at net.minecraftforge.fml.loading.FMLLoader.beforeStart(FMLLoader.java:207) ~[fmlloader-1.20.1-47.3.7.jar%2369!/:1.0]
	at net.minecraftforge.fml.loading.targets.CommonLaunchHandler.launchService(CommonLaunchHandler.java:92) ~[fmlloader-1.20.1-47.3.7.jar%2369!/:?]
	at cpw.mods.modlauncher.LaunchServiceHandlerDecorator.launch(LaunchServiceHandlerDecorator.java:30) ~[modlauncher-10.0.9.jar%2355!/:?]
	at cpw.mods.modlauncher.LaunchServiceHandler.launch(LaunchServiceHandler.java:53) ~[modlauncher-10.0.9.jar%2355!/:?]
	at cpw.mods.modlauncher.LaunchServiceHandler.launch(LaunchServiceHandler.java:71) ~[modlauncher-10.0.9.jar%2355!/:?]
	at cpw.mods.modlauncher.Launcher.run(Launcher.java:108) ~[modlauncher-10.0.9.jar%2355!/:?]
	at cpw.mods.modlauncher.Launcher.main(Launcher.java:78) ~[modlauncher-10.0.9.jar%2355!/:?]
	at cpw.mods.modlauncher.BootstrapLaunchConsumer.accept(BootstrapLaunchConsumer.java:26) ~[modlauncher-10.0.9.jar%2355!/:?]
	at cpw.mods.modlauncher.BootstrapLaunchConsumer.accept(BootstrapLaunchConsumer.java:23) ~[modlauncher-10.0.9.jar%2355!/:?]
	at cpw.mods.bootstraplauncher.BootstrapLauncher.main(BootstrapLauncher.java:141) ~[bootstraplauncher-1.1.2.jar:?]
[16Apr2026 02:26:13.518] [main/DEBUG] [Ksyxis/KPlugin/MOD_KSYXIS]: Ksyxis: Bytecode provider threw an exception, mixin WON'T be applied. (provider: org.spongepowered.asm.launch.MixinLaunchPlugin@53ea380b, plugin: Ksyxis/KPlugin{provider=org.spongepowered.asm.launch.MixinLaunchPlugin@53ea380b}, targetClassName: net.minecraft.world.World, mixinClassName: ru.vidtu.ksyxis.mixins.LevelMixin)
java.lang.ClassNotFoundException: net.minecraft.world.World
	at cpw.mods.cl.ModuleClassLoader.getMaybeTransformedClassBytes(ModuleClassLoader.java:252) ~[securejarhandler-2.1.10.jar:?]
	at cpw.mods.modlauncher.TransformingClassLoader.buildTransformedClassNodeFor(TransformingClassLoader.java:58) ~[modlauncher-10.0.9.jar%2355!/:?]
	at cpw.mods.modlauncher.LaunchPluginHandler.lambda$announceLaunch$10(LaunchPluginHandler.java:100) ~[modlauncher-10.0.9.jar%2355!/:?]
	at org.spongepowered.asm.launch.MixinLaunchPluginLegacy.getClassNode(MixinLaunchPluginLegacy.java:222) ~[mixin-0.8.5.jar%2365!/:0.8.5+Jenkins-b310.git-155314e6e91465dad727e621a569906a410cd6f4]
	at org.spongepowered.asm.launch.MixinLaunchPluginLegacy.getClassNode(MixinLaunchPluginLegacy.java:207) ~[mixin-0.8.5.jar%2365!/:0.8.5+Jenkins-b310.git-155314e6e91465dad727e621a569906a410cd6f4]
	at ru.vidtu.ksyxis.KPlugin.shouldApplyMixin(KPlugin.java:112) ~[Ksyxis-1.3.4.jar%23210!/:1.3.4]
	at org.spongepowered.asm.mixin.transformer.PluginHandle.shouldApplyMixin(PluginHandle.java:132) ~[mixin-0.8.5.jar%2365!/:0.8.5+Jenkins-b310.git-155314e6e91465dad727e621a569906a410cd6f4]
	at org.spongepowered.asm.mixin.transformer.MixinInfo.shouldApplyMixin(MixinInfo.java:987) ~[mixin-0.8.5.jar%2365!/:0.8.5+Jenkins-b310.git-155314e6e91465dad727e621a569906a410cd6f4]
	at org.spongepowered.asm.mixin.transformer.MixinInfo.readDeclaredTargets(MixinInfo.java:952) ~[mixin-0.8.5.jar%2365!/:0.8.5+Jenkins-b310.git-155314e6e91465dad727e621a569906a410cd6f4]
	at org.spongepowered.asm.mixin.transformer.MixinInfo.<init>(MixinInfo.java:881) ~[mixin-0.8.5.jar%2365!/:0.8.5+Jenkins-b310.git-155314e6e91465dad727e621a569906a410cd6f4]
	at org.spongepowered.asm.mixin.transformer.MixinConfig.prepareMixins(MixinConfig.java:850) ~[mixin-0.8.5.jar%2365!/:0.8.5+Jenkins-b310.git-155314e6e91465dad727e621a569906a410cd6f4]
	at org.spongepowered.asm.mixin.transformer.MixinConfig.prepare(MixinConfig.java:775) ~[mixin-0.8.5.jar%2365!/:0.8.5+Jenkins-b310.git-155314e6e91465dad727e621a569906a410cd6f4]
	at org.spongepowered.asm.mixin.transformer.MixinProcessor.prepareConfigs(MixinProcessor.java:539) ~[mixin-0.8.5.jar%2365!/:0.8.5+Jenkins-b310.git-155314e6e91465dad727e621a569906a410cd6f4]
	at org.spongepowered.asm.mixin.transformer.MixinProcessor.select(MixinProcessor.java:462) ~[mixin-0.8.5.jar%2365!/:0.8.5+Jenkins-b310.git-155314e6e91465dad727e621a569906a410cd6f4]
	at org.spongepowered.asm.mixin.transformer.MixinProcessor.checkSelect(MixinProcessor.java:438) ~[mixin-0.8.5.jar%2365!/:0.8.5+Jenkins-b310.git-155314e6e91465dad727e621a569906a410cd6f4]
	at org.spongepowered.asm.mixin.transformer.MixinProcessor.applyMixins(MixinProcessor.java:290) ~[mixin-0.8.5.jar%2365!/:0.8.5+Jenkins-b310.git-155314e6e91465dad727e621a569906a410cd6f4]
	at org.spongepowered.asm.mixin.transformer.MixinTransformer.transformClass(MixinTransformer.java:250) ~[mixin-0.8.5.jar%2365!/:0.8.5+Jenkins-b310.git-155314e6e91465dad727e621a569906a410cd6f4]
	at org.spongepowered.asm.service.modlauncher.MixinTransformationHandler.processClass(MixinTransformationHandler.java:131) ~[mixin-0.8.5.jar%2365!/:0.8.5+Jenkins-b310.git-155314e6e91465dad727e621a569906a410cd6f4]
	at org.spongepowered.asm.launch.MixinLaunchPluginLegacy.processClass(MixinLaunchPluginLegacy.java:131) ~[mixin-0.8.5.jar%2365!/:0.8.5+Jenkins-b310.git-155314e6e91465dad727e621a569906a410cd6f4]
	at cpw.mods.modlauncher.serviceapi.ILaunchPluginService.processClassWithFlags(ILaunchPluginService.java:156) ~[modlauncher-10.0.9.jar%2355!/:10.0.9+10.0.9+main.dcd20f30]
	at cpw.mods.modlauncher.LaunchPluginHandler.offerClassNodeToPlugins(LaunchPluginHandler.java:88) ~[modlauncher-10.0.9.jar%2355!/:?]
	at cpw.mods.modlauncher.ClassTransformer.transform(ClassTransformer.java:120) ~[modlauncher-10.0.9.jar%2355!/:?]
	at cpw.mods.modlauncher.TransformingClassLoader.maybeTransformClassBytes(TransformingClassLoader.java:50) ~[modlauncher-10.0.9.jar%2355!/:?]
	at cpw.mods.cl.ModuleClassLoader.readerToClass(ModuleClassLoader.java:113) ~[securejarhandler-2.1.10.jar:?]
	at cpw.mods.cl.ModuleClassLoader.lambda$findClass$15(ModuleClassLoader.java:219) ~[securejarhandler-2.1.10.jar:?]
	at cpw.mods.cl.ModuleClassLoader.loadFromModule(ModuleClassLoader.java:229) ~[securejarhandler-2.1.10.jar:?]
	at cpw.mods.cl.ModuleClassLoader.findClass(ModuleClassLoader.java:219) ~[securejarhandler-2.1.10.jar:?]
	at java.lang.ClassLoader.loadClass(ClassLoader.java:637) ~[?:?]
	at java.lang.Class.forName(Class.java:547) ~[?:?]
	at net.minecraftforge.fml.loading.ImmediateWindowHandler$DummyProvider.lambda$updateModuleReads$1(ImmediateWindowHandler.java:145) ~[fmlloader-1.20.1-47.3.7.jar%2369!/:1.0]
	at java.util.Optional.map(Optional.java:260) ~[?:?]
	at net.minecraftforge.fml.loading.ImmediateWindowHandler$DummyProvider.updateModuleReads(ImmediateWindowHandler.java:145) ~[fmlloader-1.20.1-47.3.7.jar%2369!/:1.0]
	at net.minecraftforge.fml.loading.ImmediateWindowHandler.acceptGameLayer(ImmediateWindowHandler.java:71) ~[fmlloader-1.20.1-47.3.7.jar%2369!/:1.0]
	at net.minecraftforge.fml.loading.FMLLoader.beforeStart(FMLLoader.java:207) ~[fmlloader-1.20.1-47.3.7.jar%2369!/:1.0]
	at net.minecraftforge.fml.loading.targets.CommonLaunchHandler.launchService(CommonLaunchHandler.java:92) ~[fmlloader-1.20.1-47.3.7.jar%2369!/:?]
	at cpw.mods.modlauncher.LaunchServiceHandlerDecorator.launch(LaunchServiceHandlerDecorator.java:30) ~[modlauncher-10.0.9.jar%2355!/:?]
	at cpw.mods.modlauncher.LaunchServiceHandler.launch(LaunchServiceHandler.java:53) ~[modlauncher-10.0.9.jar%2355!/:?]
	at cpw.mods.modlauncher.LaunchServiceHandler.launch(LaunchServiceHandler.java:71) ~[modlauncher-10.0.9.jar%2355!/:?]
	at cpw.mods.modlauncher.Launcher.run(Launcher.java:108) ~[modlauncher-10.0.9.jar%2355!/:?]
	at cpw.mods.modlauncher.Launcher.main(Launcher.java:78) ~[modlauncher-10.0.9.jar%2355!/:?]
	at cpw.mods.modlauncher.BootstrapLaunchConsumer.accept(BootstrapLaunchConsumer.java:26) ~[modlauncher-10.0.9.jar%2355!/:?]
	at cpw.mods.modlauncher.BootstrapLaunchConsumer.accept(BootstrapLaunchConsumer.java:23) ~[modlauncher-10.0.9.jar%2355!/:?]
	at cpw.mods.bootstraplauncher.BootstrapLauncher.main(BootstrapLauncher.java:141) ~[bootstraplauncher-1.1.2.jar:?]
[16Apr2026 02:26:13.520] [main/DEBUG] [Ksyxis/KPlugin/MOD_KSYXIS]: Ksyxis: Bytecode provider threw an exception, mixin WON'T be applied. (provider: org.spongepowered.asm.launch.MixinLaunchPlugin@53ea380b, plugin: Ksyxis/KPlugin{provider=org.spongepowered.asm.launch.MixinLaunchPlugin@53ea380b}, targetClassName: net.minecraft.class_1150, mixinClassName: ru.vidtu.ksyxis.mixins.LevelMixin)
java.lang.ClassNotFoundException: net.minecraft.class_1150
	at cpw.mods.cl.ModuleClassLoader.getMaybeTransformedClassBytes(ModuleClassLoader.java:252) ~[securejarhandler-2.1.10.jar:?]
	at cpw.mods.modlauncher.TransformingClassLoader.buildTransformedClassNodeFor(TransformingClassLoader.java:58) ~[modlauncher-10.0.9.jar%2355!/:?]
	at cpw.mods.modlauncher.LaunchPluginHandler.lambda$announceLaunch$10(LaunchPluginHandler.java:100) ~[modlauncher-10.0.9.jar%2355!/:?]
	at org.spongepowered.asm.launch.MixinLaunchPluginLegacy.getClassNode(MixinLaunchPluginLegacy.java:222) ~[mixin-0.8.5.jar%2365!/:0.8.5+Jenkins-b310.git-155314e6e91465dad727e621a569906a410cd6f4]
	at org.spongepowered.asm.launch.MixinLaunchPluginLegacy.getClassNode(MixinLaunchPluginLegacy.java:207) ~[mixin-0.8.5.jar%2365!/:0.8.5+Jenkins-b310.git-155314e6e91465dad727e621a569906a410cd6f4]
	at ru.vidtu.ksyxis.KPlugin.shouldApplyMixin(KPlugin.java:112) ~[Ksyxis-1.3.4.jar%23210!/:1.3.4]
	at org.spongepowered.asm.mixin.transformer.PluginHandle.shouldApplyMixin(PluginHandle.java:132) ~[mixin-0.8.5.jar%2365!/:0.8.5+Jenkins-b310.git-155314e6e91465dad727e621a569906a410cd6f4]
	at org.spongepowered.asm.mixin.transformer.MixinInfo.shouldApplyMixin(MixinInfo.java:987) ~[mixin-0.8.5.jar%2365!/:0.8.5+Jenkins-b310.git-155314e6e91465dad727e621a569906a410cd6f4]
	at org.spongepowered.asm.mixin.transformer.MixinInfo.readDeclaredTargets(MixinInfo.java:952) ~[mixin-0.8.5.jar%2365!/:0.8.5+Jenkins-b310.git-155314e6e91465dad727e621a569906a410cd6f4]
	at org.spongepowered.asm.mixin.transformer.MixinInfo.<init>(MixinInfo.java:881) ~[mixin-0.8.5.jar%2365!/:0.8.5+Jenkins-b310.git-155314e6e91465dad727e621a569906a410cd6f4]
	at org.spongepowered.asm.mixin.transformer.MixinConfig.prepareMixins(MixinConfig.java:850) ~[mixin-0.8.5.jar%2365!/:0.8.5+Jenkins-b310.git-155314e6e91465dad727e621a569906a410cd6f4]
	at org.spongepowered.asm.mixin.transformer.MixinConfig.prepare(MixinConfig.java:775) ~[mixin-0.8.5.jar%2365!/:0.8.5+Jenkins-b310.git-155314e6e91465dad727e621a569906a410cd6f4]
	at org.spongepowered.asm.mixin.transformer.MixinProcessor.prepareConfigs(MixinProcessor.java:539) ~[mixin-0.8.5.jar%2365!/:0.8.5+Jenkins-b310.git-155314e6e91465dad727e621a569906a410cd6f4]
	at org.spongepowered.asm.mixin.transformer.MixinProcessor.select(MixinProcessor.java:462) ~[mixin-0.8.5.jar%2365!/:0.8.5+Jenkins-b310.git-155314e6e91465dad727e621a569906a410cd6f4]
	at org.spongepowered.asm.mixin.transformer.MixinProcessor.checkSelect(MixinProcessor.java:438) ~[mixin-0.8.5.jar%2365!/:0.8.5+Jenkins-b310.git-155314e6e91465dad727e621a569906a410cd6f4]
	at org.spongepowered.asm.mixin.transformer.MixinProcessor.applyMixins(MixinProcessor.java:290) ~[mixin-0.8.5.jar%2365!/:0.8.5+Jenkins-b310.git-155314e6e91465dad727e621a569906a410cd6f4]
	at org.spongepowered.asm.mixin.transformer.MixinTransformer.transformClass(MixinTransformer.java:250) ~[mixin-0.8.5.jar%2365!/:0.8.5+Jenkins-b310.git-155314e6e91465dad727e621a569906a410cd6f4]
	at org.spongepowered.asm.service.modlauncher.MixinTransformationHandler.processClass(MixinTransformationHandler.java:131) ~[mixin-0.8.5.jar%2365!/:0.8.5+Jenkins-b310.git-155314e6e91465dad727e621a569906a410cd6f4]
	at org.spongepowered.asm.launch.MixinLaunchPluginLegacy.processClass(MixinLaunchPluginLegacy.java:131) ~[mixin-0.8.5.jar%2365!/:0.8.5+Jenkins-b310.git-155314e6e91465dad727e621a569906a410cd6f4]
	at cpw.mods.modlauncher.serviceapi.ILaunchPluginService.processClassWithFlags(ILaunchPluginService.java:156) ~[modlauncher-10.0.9.jar%2355!/:10.0.9+10.0.9+main.dcd20f30]
	at cpw.mods.modlauncher.LaunchPluginHandler.offerClassNodeToPlugins(LaunchPluginHandler.java:88) ~[modlauncher-10.0.9.jar%2355!/:?]
	at cpw.mods.modlauncher.ClassTransformer.transform(ClassTransformer.java:120) ~[modlauncher-10.0.9.jar%2355!/:?]
	at cpw.mods.modlauncher.TransformingClassLoader.maybeTransformClassBytes(TransformingClassLoader.java:50) ~[modlauncher-10.0.9.jar%2355!/:?]
	at cpw.mods.cl.ModuleClassLoader.readerToClass(ModuleClassLoader.java:113) ~[securejarhandler-2.1.10.jar:?]
	at cpw.mods.cl.ModuleClassLoader.lambda$findClass$15(ModuleClassLoader.java:219) ~[securejarhandler-2.1.10.jar:?]
	at cpw.mods.cl.ModuleClassLoader.loadFromModule(ModuleClassLoader.java:229) ~[securejarhandler-2.1.10.jar:?]
	at cpw.mods.cl.ModuleClassLoader.findClass(ModuleClassLoader.java:219) ~[securejarhandler-2.1.10.jar:?]
	at java.lang.ClassLoader.loadClass(ClassLoader.java:637) ~[?:?]
	at java.lang.Class.forName(Class.java:547) ~[?:?]
	at net.minecraftforge.fml.loading.ImmediateWindowHandler$DummyProvider.lambda$updateModuleReads$1(ImmediateWindowHandler.java:145) ~[fmlloader-1.20.1-47.3.7.jar%2369!/:1.0]
	at java.util.Optional.map(Optional.java:260) ~[?:?]
	at net.minecraftforge.fml.loading.ImmediateWindowHandler$DummyProvider.updateModuleReads(ImmediateWindowHandler.java:145) ~[fmlloader-1.20.1-47.3.7.jar%2369!/:1.0]
	at net.minecraftforge.fml.loading.ImmediateWindowHandler.acceptGameLayer(ImmediateWindowHandler.java:71) ~[fmlloader-1.20.1-47.3.7.jar%2369!/:1.0]
	at net.minecraftforge.fml.loading.FMLLoader.beforeStart(FMLLoader.java:207) ~[fmlloader-1.20.1-47.3.7.jar%2369!/:1.0]
	at net.minecraftforge.fml.loading.targets.CommonLaunchHandler.launchService(CommonLaunchHandler.java:92) ~[fmlloader-1.20.1-47.3.7.jar%2369!/:?]
	at cpw.mods.modlauncher.LaunchServiceHandlerDecorator.launch(LaunchServiceHandlerDecorator.java:30) ~[modlauncher-10.0.9.jar%2355!/:?]
	at cpw.mods.modlauncher.LaunchServiceHandler.launch(LaunchServiceHandler.java:53) ~[modlauncher-10.0.9.jar%2355!/:?]
	at cpw.mods.modlauncher.LaunchServiceHandler.launch(LaunchServiceHandler.java:71) ~[modlauncher-10.0.9.jar%2355!/:?]
	at cpw.mods.modlauncher.Launcher.run(Launcher.java:108) ~[modlauncher-10.0.9.jar%2355!/:?]
	at cpw.mods.modlauncher.Launcher.main(Launcher.java:78) ~[modlauncher-10.0.9.jar%2355!/:?]
	at cpw.mods.modlauncher.BootstrapLaunchConsumer.accept(BootstrapLaunchConsumer.java:26) ~[modlauncher-10.0.9.jar%2355!/:?]
	at cpw.mods.modlauncher.BootstrapLaunchConsumer.accept(BootstrapLaunchConsumer.java:23) ~[modlauncher-10.0.9.jar%2355!/:?]
	at cpw.mods.bootstraplauncher.BootstrapLauncher.main(BootstrapLauncher.java:141) ~[bootstraplauncher-1.1.2.jar:?]
[16Apr2026 02:26:13.524] [main/DEBUG] [Ksyxis/KPlugin/MOD_KSYXIS]: Ksyxis: Bytecode provider threw an exception, mixin WON'T be applied. (provider: org.spongepowered.asm.launch.MixinLaunchPlugin@53ea380b, plugin: Ksyxis/KPlugin{provider=org.spongepowered.asm.launch.MixinLaunchPlugin@53ea380b}, targetClassName: net.minecraft.unmapped.C_5553933, mixinClassName: ru.vidtu.ksyxis.mixins.LevelMixin)
java.lang.ClassNotFoundException: net.minecraft.unmapped.C_5553933
	at cpw.mods.cl.ModuleClassLoader.getMaybeTransformedClassBytes(ModuleClassLoader.java:252) ~[securejarhandler-2.1.10.jar:?]
	at cpw.mods.modlauncher.TransformingClassLoader.buildTransformedClassNodeFor(TransformingClassLoader.java:58) ~[modlauncher-10.0.9.jar%2355!/:?]
	at cpw.mods.modlauncher.LaunchPluginHandler.lambda$announceLaunch$10(LaunchPluginHandler.java:100) ~[modlauncher-10.0.9.jar%2355!/:?]
	at org.spongepowered.asm.launch.MixinLaunchPluginLegacy.getClassNode(MixinLaunchPluginLegacy.java:222) ~[mixin-0.8.5.jar%2365!/:0.8.5+Jenkins-b310.git-155314e6e91465dad727e621a569906a410cd6f4]
	at org.spongepowered.asm.launch.MixinLaunchPluginLegacy.getClassNode(MixinLaunchPluginLegacy.java:207) ~[mixin-0.8.5.jar%2365!/:0.8.5+Jenkins-b310.git-155314e6e91465dad727e621a569906a410cd6f4]
	at ru.vidtu.ksyxis.KPlugin.shouldApplyMixin(KPlugin.java:112) ~[Ksyxis-1.3.4.jar%23210!/:1.3.4]
	at org.spongepowered.asm.mixin.transformer.PluginHandle.shouldApplyMixin(PluginHandle.java:132) ~[mixin-0.8.5.jar%2365!/:0.8.5+Jenkins-b310.git-155314e6e91465dad727e621a569906a410cd6f4]
	at org.spongepowered.asm.mixin.transformer.MixinInfo.shouldApplyMixin(MixinInfo.java:987) ~[mixin-0.8.5.jar%2365!/:0.8.5+Jenkins-b310.git-155314e6e91465dad727e621a569906a410cd6f4]
	at org.spongepowered.asm.mixin.transformer.MixinInfo.readDeclaredTargets(MixinInfo.java:952) ~[mixin-0.8.5.jar%2365!/:0.8.5+Jenkins-b310.git-155314e6e91465dad727e621a569906a410cd6f4]
	at org.spongepowered.asm.mixin.transformer.MixinInfo.<init>(MixinInfo.java:881) ~[mixin-0.8.5.jar%2365!/:0.8.5+Jenkins-b310.git-155314e6e91465dad727e621a569906a410cd6f4]
	at org.spongepowered.asm.mixin.transformer.MixinConfig.prepareMixins(MixinConfig.java:850) ~[mixin-0.8.5.jar%2365!/:0.8.5+Jenkins-b310.git-155314e6e91465dad727e621a569906a410cd6f4]
	at org.spongepowered.asm.mixin.transformer.MixinConfig.prepare(MixinConfig.java:775) ~[mixin-0.8.5.jar%2365!/:0.8.5+Jenkins-b310.git-155314e6e91465dad727e621a569906a410cd6f4]
	at org.spongepowered.asm.mixin.transformer.MixinProcessor.prepareConfigs(MixinProcessor.java:539) ~[mixin-0.8.5.jar%2365!/:0.8.5+Jenkins-b310.git-155314e6e91465dad727e621a569906a410cd6f4]
	at org.spongepowered.asm.mixin.transformer.MixinProcessor.select(MixinProcessor.java:462) ~[mixin-0.8.5.jar%2365!/:0.8.5+Jenkins-b310.git-155314e6e91465dad727e621a569906a410cd6f4]
	at org.spongepowered.asm.mixin.transformer.MixinProcessor.checkSelect(MixinProcessor.java:438) ~[mixin-0.8.5.jar%2365!/:0.8.5+Jenkins-b310.git-155314e6e91465dad727e621a569906a410cd6f4]
	at org.spongepowered.asm.mixin.transformer.MixinProcessor.applyMixins(MixinProcessor.java:290) ~[mixin-0.8.5.jar%2365!/:0.8.5+Jenkins-b310.git-155314e6e91465dad727e621a569906a410cd6f4]
	at org.spongepowered.asm.mixin.transformer.MixinTransformer.transformClass(MixinTransformer.java:250) ~[mixin-0.8.5.jar%2365!/:0.8.5+Jenkins-b310.git-155314e6e91465dad727e621a569906a410cd6f4]
	at org.spongepowered.asm.service.modlauncher.MixinTransformationHandler.processClass(MixinTransformationHandler.java:131) ~[mixin-0.8.5.jar%2365!/:0.8.5+Jenkins-b310.git-155314e6e91465dad727e621a569906a410cd6f4]
	at org.spongepowered.asm.launch.MixinLaunchPluginLegacy.processClass(MixinLaunchPluginLegacy.java:131) ~[mixin-0.8.5.jar%2365!/:0.8.5+Jenkins-b310.git-155314e6e91465dad727e621a569906a410cd6f4]
	at cpw.mods.modlauncher.serviceapi.ILaunchPluginService.processClassWithFlags(ILaunchPluginService.java:156) ~[modlauncher-10.0.9.jar%2355!/:10.0.9+10.0.9+main.dcd20f30]
	at cpw.mods.modlauncher.LaunchPluginHandler.offerClassNodeToPlugins(LaunchPluginHandler.java:88) ~[modlauncher-10.0.9.jar%2355!/:?]
	at cpw.mods.modlauncher.ClassTransformer.transform(ClassTransformer.java:120) ~[modlauncher-10.0.9.jar%2355!/:?]
	at cpw.mods.modlauncher.TransformingClassLoader.maybeTransformClassBytes(TransformingClassLoader.java:50) ~[modlauncher-10.0.9.jar%2355!/:?]
	at cpw.mods.cl.ModuleClassLoader.readerToClass(ModuleClassLoader.java:113) ~[securejarhandler-2.1.10.jar:?]
	at cpw.mods.cl.ModuleClassLoader.lambda$findClass$15(ModuleClassLoader.java:219) ~[securejarhandler-2.1.10.jar:?]
	at cpw.mods.cl.ModuleClassLoader.loadFromModule(ModuleClassLoader.java:229) ~[securejarhandler-2.1.10.jar:?]
	at cpw.mods.cl.ModuleClassLoader.findClass(ModuleClassLoader.java:219) ~[securejarhandler-2.1.10.jar:?]
	at java.lang.ClassLoader.loadClass(ClassLoader.java:637) ~[?:?]
	at java.lang.Class.forName(Class.java:547) ~[?:?]
	at net.minecraftforge.fml.loading.ImmediateWindowHandler$DummyProvider.lambda$updateModuleReads$1(ImmediateWindowHandler.java:145) ~[fmlloader-1.20.1-47.3.7.jar%2369!/:1.0]
	at java.util.Optional.map(Optional.java:260) ~[?:?]
	at net.minecraftforge.fml.loading.ImmediateWindowHandler$DummyProvider.updateModuleReads(ImmediateWindowHandler.java:145) ~[fmlloader-1.20.1-47.3.7.jar%2369!/:1.0]
	at net.minecraftforge.fml.loading.ImmediateWindowHandler.acceptGameLayer(ImmediateWindowHandler.java:71) ~[fmlloader-1.20.1-47.3.7.jar%2369!/:1.0]
	at net.minecraftforge.fml.loading.FMLLoader.beforeStart(FMLLoader.java:207) ~[fmlloader-1.20.1-47.3.7.jar%2369!/:1.0]
	at net.minecraftforge.fml.loading.targets.CommonLaunchHandler.launchService(CommonLaunchHandler.java:92) ~[fmlloader-1.20.1-47.3.7.jar%2369!/:?]
	at cpw.mods.modlauncher.LaunchServiceHandlerDecorator.launch(LaunchServiceHandlerDecorator.java:30) ~[modlauncher-10.0.9.jar%2355!/:?]
	at cpw.mods.modlauncher.LaunchServiceHandler.launch(LaunchServiceHandler.java:53) ~[modlauncher-10.0.9.jar%2355!/:?]
	at cpw.mods.modlauncher.LaunchServiceHandler.launch(LaunchServiceHandler.java:71) ~[modlauncher-10.0.9.jar%2355!/:?]
	at cpw.mods.modlauncher.Launcher.run(Launcher.java:108) ~[modlauncher-10.0.9.jar%2355!/:?]
	at cpw.mods.modlauncher.Launcher.main(Launcher.java:78) ~[modlauncher-10.0.9.jar%2355!/:?]
	at cpw.mods.modlauncher.BootstrapLaunchConsumer.accept(BootstrapLaunchConsumer.java:26) ~[modlauncher-10.0.9.jar%2355!/:?]
	at cpw.mods.modlauncher.BootstrapLaunchConsumer.accept(BootstrapLaunchConsumer.java:23) ~[modlauncher-10.0.9.jar%2355!/:?]
	at cpw.mods.bootstraplauncher.BootstrapLauncher.main(BootstrapLauncher.java:141) ~[bootstraplauncher-1.1.2.jar:?]
[16Apr2026 02:26:13.536] [main/DEBUG] [Ksyxis/KPlugin/MOD_KSYXIS]: Ksyxis: Bytecode provider returned a valid node, applying mixin... (provider: org.spongepowered.asm.launch.MixinLaunchPlugin@53ea380b, plugin: Ksyxis/KPlugin{provider=org.spongepowered.asm.launch.MixinLaunchPlugin@53ea380b}, targetClassName: net.minecraft.server.MinecraftServer, mixinClassName: ru.vidtu.ksyxis.mixins.MinecraftServerMixin)
[16Apr2026 02:26:13.539] [main/DEBUG] [Ksyxis/KPlugin/MOD_KSYXIS]: Ksyxis: Bytecode provider threw an exception, mixin WON'T be applied. (provider: org.spongepowered.asm.launch.MixinLaunchPlugin@53ea380b, plugin: Ksyxis/KPlugin{provider=org.spongepowered.asm.launch.MixinLaunchPlugin@53ea380b}, targetClassName: net.minecraft.src.C_4977_, mixinClassName: ru.vidtu.ksyxis.mixins.MinecraftServerMixin)
java.lang.ClassNotFoundException: net.minecraft.src.C_4977_
	at cpw.mods.cl.ModuleClassLoader.getMaybeTransformedClassBytes(ModuleClassLoader.java:252) ~[securejarhandler-2.1.10.jar:?]
	at cpw.mods.modlauncher.TransformingClassLoader.buildTransformedClassNodeFor(TransformingClassLoader.java:58) ~[modlauncher-10.0.9.jar%2355!/:?]
	at cpw.mods.modlauncher.LaunchPluginHandler.lambda$announceLaunch$10(LaunchPluginHandler.java:100) ~[modlauncher-10.0.9.jar%2355!/:?]
	at org.spongepowered.asm.launch.MixinLaunchPluginLegacy.getClassNode(MixinLaunchPluginLegacy.java:222) ~[mixin-0.8.5.jar%2365!/:0.8.5+Jenkins-b310.git-155314e6e91465dad727e621a569906a410cd6f4]
	at org.spongepowered.asm.launch.MixinLaunchPluginLegacy.getClassNode(MixinLaunchPluginLegacy.java:207) ~[mixin-0.8.5.jar%2365!/:0.8.5+Jenkins-b310.git-155314e6e91465dad727e621a569906a410cd6f4]
	at ru.vidtu.ksyxis.KPlugin.shouldApplyMixin(KPlugin.java:112) ~[Ksyxis-1.3.4.jar%23210!/:1.3.4]
	at org.spongepowered.asm.mixin.transformer.PluginHandle.shouldApplyMixin(PluginHandle.java:132) ~[mixin-0.8.5.jar%2365!/:0.8.5+Jenkins-b310.git-155314e6e91465dad727e621a569906a410cd6f4]
	at org.spongepowered.asm.mixin.transformer.MixinInfo.shouldApplyMixin(MixinInfo.java:987) ~[mixin-0.8.5.jar%2365!/:0.8.5+Jenkins-b310.git-155314e6e91465dad727e621a569906a410cd6f4]
	at org.spongepowered.asm.mixin.transformer.MixinInfo.readDeclaredTargets(MixinInfo.java:952) ~[mixin-0.8.5.jar%2365!/:0.8.5+Jenkins-b310.git-155314e6e91465dad727e621a569906a410cd6f4]
	at org.spongepowered.asm.mixin.transformer.MixinInfo.<init>(MixinInfo.java:881) ~[mixin-0.8.5.jar%2365!/:0.8.5+Jenkins-b310.git-155314e6e91465dad727e621a569906a410cd6f4]
	at org.spongepowered.asm.mixin.transformer.MixinConfig.prepareMixins(MixinConfig.java:850) ~[mixin-0.8.5.jar%2365!/:0.8.5+Jenkins-b310.git-155314e6e91465dad727e621a569906a410cd6f4]
	at org.spongepowered.asm.mixin.transformer.MixinConfig.prepare(MixinConfig.java:775) ~[mixin-0.8.5.jar%2365!/:0.8.5+Jenkins-b310.git-155314e6e91465dad727e621a569906a410cd6f4]
	at org.spongepowered.asm.mixin.transformer.MixinProcessor.prepareConfigs(MixinProcessor.java:539) ~[mixin-0.8.5.jar%2365!/:0.8.5+Jenkins-b310.git-155314e6e91465dad727e621a569906a410cd6f4]
	at org.spongepowered.asm.mixin.transformer.MixinProcessor.select(MixinProcessor.java:462) ~[mixin-0.8.5.jar%2365!/:0.8.5+Jenkins-b310.git-155314e6e91465dad727e621a569906a410cd6f4]
	at org.spongepowered.asm.mixin.transformer.MixinProcessor.checkSelect(MixinProcessor.java:438) ~[mixin-0.8.5.jar%2365!/:0.8.5+Jenkins-b310.git-155314e6e91465dad727e621a569906a410cd6f4]
	at org.spongepowered.asm.mixin.transformer.MixinProcessor.applyMixins(MixinProcessor.java:290) ~[mixin-0.8.5.jar%2365!/:0.8.5+Jenkins-b310.git-155314e6e91465dad727e621a569906a410cd6f4]
	at org.spongepowered.asm.mixin.transformer.MixinTransformer.transformClass(MixinTransformer.java:250) ~[mixin-0.8.5.jar%2365!/:0.8.5+Jenkins-b310.git-155314e6e91465dad727e621a569906a410cd6f4]
	at org.spongepowered.asm.service.modlauncher.MixinTransformationHandler.processClass(MixinTransformationHandler.java:131) ~[mixin-0.8.5.jar%2365!/:0.8.5+Jenkins-b310.git-155314e6e91465dad727e621a569906a410cd6f4]
	at org.spongepowered.asm.launch.MixinLaunchPluginLegacy.processClass(MixinLaunchPluginLegacy.java:131) ~[mixin-0.8.5.jar%2365!/:0.8.5+Jenkins-b310.git-155314e6e91465dad727e621a569906a410cd6f4]
	at cpw.mods.modlauncher.serviceapi.ILaunchPluginService.processClassWithFlags(ILaunchPluginService.java:156) ~[modlauncher-10.0.9.jar%2355!/:10.0.9+10.0.9+main.dcd20f30]
	at cpw.mods.modlauncher.LaunchPluginHandler.offerClassNodeToPlugins(LaunchPluginHandler.java:88) ~[modlauncher-10.0.9.jar%2355!/:?]
	at cpw.mods.modlauncher.ClassTransformer.transform(ClassTransformer.java:120) ~[modlauncher-10.0.9.jar%2355!/:?]
	at cpw.mods.modlauncher.TransformingClassLoader.maybeTransformClassBytes(TransformingClassLoader.java:50) ~[modlauncher-10.0.9.jar%2355!/:?]
	at cpw.mods.cl.ModuleClassLoader.readerToClass(ModuleClassLoader.java:113) ~[securejarhandler-2.1.10.jar:?]
	at cpw.mods.cl.ModuleClassLoader.lambda$findClass$15(ModuleClassLoader.java:219) ~[securejarhandler-2.1.10.jar:?]
	at cpw.mods.cl.ModuleClassLoader.loadFromModule(ModuleClassLoader.java:229) ~[securejarhandler-2.1.10.jar:?]
	at cpw.mods.cl.ModuleClassLoader.findClass(ModuleClassLoader.java:219) ~[securejarhandler-2.1.10.jar:?]
	at java.lang.ClassLoader.loadClass(ClassLoader.java:637) ~[?:?]
	at java.lang.Class.forName(Class.java:547) ~[?:?]
	at net.minecraftforge.fml.loading.ImmediateWindowHandler$DummyProvider.lambda$updateModuleReads$1(ImmediateWindowHandler.java:145) ~[fmlloader-1.20.1-47.3.7.jar%2369!/:1.0]
	at java.util.Optional.map(Optional.java:260) ~[?:?]
	at net.minecraftforge.fml.loading.ImmediateWindowHandler$DummyProvider.updateModuleReads(ImmediateWindowHandler.java:145) ~[fmlloader-1.20.1-47.3.7.jar%2369!/:1.0]
	at net.minecraftforge.fml.loading.ImmediateWindowHandler.acceptGameLayer(ImmediateWindowHandler.java:71) ~[fmlloader-1.20.1-47.3.7.jar%2369!/:1.0]
	at net.minecraftforge.fml.loading.FMLLoader.beforeStart(FMLLoader.java:207) ~[fmlloader-1.20.1-47.3.7.jar%2369!/:1.0]
	at net.minecraftforge.fml.loading.targets.CommonLaunchHandler.launchService(CommonLaunchHandler.java:92) ~[fmlloader-1.20.1-47.3.7.jar%2369!/:?]
	at cpw.mods.modlauncher.LaunchServiceHandlerDecorator.launch(LaunchServiceHandlerDecorator.java:30) ~[modlauncher-10.0.9.jar%2355!/:?]
	at cpw.mods.modlauncher.LaunchServiceHandler.launch(LaunchServiceHandler.java:53) ~[modlauncher-10.0.9.jar%2355!/:?]
	at cpw.mods.modlauncher.LaunchServiceHandler.launch(LaunchServiceHandler.java:71) ~[modlauncher-10.0.9.jar%2355!/:?]
	at cpw.mods.modlauncher.Launcher.run(Launcher.java:108) ~[modlauncher-10.0.9.jar%2355!/:?]
	at cpw.mods.modlauncher.Launcher.main(Launcher.java:78) ~[modlauncher-10.0.9.jar%2355!/:?]
	at cpw.mods.modlauncher.BootstrapLaunchConsumer.accept(BootstrapLaunchConsumer.java:26) ~[modlauncher-10.0.9.jar%2355!/:?]
	at cpw.mods.modlauncher.BootstrapLaunchConsumer.accept(BootstrapLaunchConsumer.java:23) ~[modlauncher-10.0.9.jar%2355!/:?]
	at cpw.mods.bootstraplauncher.BootstrapLauncher.main(BootstrapLauncher.java:141) ~[bootstraplauncher-1.1.2.jar:?]
[16Apr2026 02:26:13.551] [main/DEBUG] [Ksyxis/KPlugin/MOD_KSYXIS]: Ksyxis: Bytecode provider returned a valid node, applying mixin... (provider: org.spongepowered.asm.launch.MixinLaunchPlugin@53ea380b, plugin: Ksyxis/KPlugin{provider=org.spongepowered.asm.launch.MixinLaunchPlugin@53ea380b}, targetClassName: net.minecraft.server.level.ServerLevel, mixinClassName: ru.vidtu.ksyxis.mixins.ServerLevelMixin)
[16Apr2026 02:26:13.554] [main/DEBUG] [Ksyxis/KPlugin/MOD_KSYXIS]: Ksyxis: Bytecode provider threw an exception, mixin WON'T be applied. (provider: org.spongepowered.asm.launch.MixinLaunchPlugin@53ea380b, plugin: Ksyxis/KPlugin{provider=org.spongepowered.asm.launch.MixinLaunchPlugin@53ea380b}, targetClassName: net.minecraft.server.world.ServerWorld, mixinClassName: ru.vidtu.ksyxis.mixins.ServerLevelMixin)
java.lang.ClassNotFoundException: net.minecraft.server.world.ServerWorld
	at cpw.mods.cl.ModuleClassLoader.getMaybeTransformedClassBytes(ModuleClassLoader.java:252) ~[securejarhandler-2.1.10.jar:?]
	at cpw.mods.modlauncher.TransformingClassLoader.buildTransformedClassNodeFor(TransformingClassLoader.java:58) ~[modlauncher-10.0.9.jar%2355!/:?]
	at cpw.mods.modlauncher.LaunchPluginHandler.lambda$announceLaunch$10(LaunchPluginHandler.java:100) ~[modlauncher-10.0.9.jar%2355!/:?]
	at org.spongepowered.asm.launch.MixinLaunchPluginLegacy.getClassNode(MixinLaunchPluginLegacy.java:222) ~[mixin-0.8.5.jar%2365!/:0.8.5+Jenkins-b310.git-155314e6e91465dad727e621a569906a410cd6f4]
	at org.spongepowered.asm.launch.MixinLaunchPluginLegacy.getClassNode(MixinLaunchPluginLegacy.java:207) ~[mixin-0.8.5.jar%2365!/:0.8.5+Jenkins-b310.git-155314e6e91465dad727e621a569906a410cd6f4]
	at ru.vidtu.ksyxis.KPlugin.shouldApplyMixin(KPlugin.java:112) ~[Ksyxis-1.3.4.jar%23210!/:1.3.4]
	at org.spongepowered.asm.mixin.transformer.PluginHandle.shouldApplyMixin(PluginHandle.java:132) ~[mixin-0.8.5.jar%2365!/:0.8.5+Jenkins-b310.git-155314e6e91465dad727e621a569906a410cd6f4]
	at org.spongepowered.asm.mixin.transformer.MixinInfo.shouldApplyMixin(MixinInfo.java:987) ~[mixin-0.8.5.jar%2365!/:0.8.5+Jenkins-b310.git-155314e6e91465dad727e621a569906a410cd6f4]
	at org.spongepowered.asm.mixin.transformer.MixinInfo.readDeclaredTargets(MixinInfo.java:952) ~[mixin-0.8.5.jar%2365!/:0.8.5+Jenkins-b310.git-155314e6e91465dad727e621a569906a410cd6f4]
	at org.spongepowered.asm.mixin.transformer.MixinInfo.<init>(MixinInfo.java:881) ~[mixin-0.8.5.jar%2365!/:0.8.5+Jenkins-b310.git-155314e6e91465dad727e621a569906a410cd6f4]
	at org.spongepowered.asm.mixin.transformer.MixinConfig.prepareMixins(MixinConfig.java:850) ~[mixin-0.8.5.jar%2365!/:0.8.5+Jenkins-b310.git-155314e6e91465dad727e621a569906a410cd6f4]
	at org.spongepowered.asm.mixin.transformer.MixinConfig.prepare(MixinConfig.java:775) ~[mixin-0.8.5.jar%2365!/:0.8.5+Jenkins-b310.git-155314e6e91465dad727e621a569906a410cd6f4]
	at org.spongepowered.asm.mixin.transformer.MixinProcessor.prepareConfigs(MixinProcessor.java:539) ~[mixin-0.8.5.jar%2365!/:0.8.5+Jenkins-b310.git-155314e6e91465dad727e621a569906a410cd6f4]
	at org.spongepowered.asm.mixin.transformer.MixinProcessor.select(MixinProcessor.java:462) ~[mixin-0.8.5.jar%2365!/:0.8.5+Jenkins-b310.git-155314e6e91465dad727e621a569906a410cd6f4]
	at org.spongepowered.asm.mixin.transformer.MixinProcessor.checkSelect(MixinProcessor.java:438) ~[mixin-0.8.5.jar%2365!/:0.8.5+Jenkins-b310.git-155314e6e91465dad727e621a569906a410cd6f4]
	at org.spongepowered.asm.mixin.transformer.MixinProcessor.applyMixins(MixinProcessor.java:290) ~[mixin-0.8.5.jar%2365!/:0.8.5+Jenkins-b310.git-155314e6e91465dad727e621a569906a410cd6f4]
	at org.spongepowered.asm.mixin.transformer.MixinTransformer.transformClass(MixinTransformer.java:250) ~[mixin-0.8.5.jar%2365!/:0.8.5+Jenkins-b310.git-155314e6e91465dad727e621a569906a410cd6f4]
	at org.spongepowered.asm.service.modlauncher.MixinTransformationHandler.processClass(MixinTransformationHandler.java:131) ~[mixin-0.8.5.jar%2365!/:0.8.5+Jenkins-b310.git-155314e6e91465dad727e621a569906a410cd6f4]
	at org.spongepowered.asm.launch.MixinLaunchPluginLegacy.processClass(MixinLaunchPluginLegacy.java:131) ~[mixin-0.8.5.jar%2365!/:0.8.5+Jenkins-b310.git-155314e6e91465dad727e621a569906a410cd6f4]
	at cpw.mods.modlauncher.serviceapi.ILaunchPluginService.processClassWithFlags(ILaunchPluginService.java:156) ~[modlauncher-10.0.9.jar%2355!/:10.0.9+10.0.9+main.dcd20f30]
	at cpw.mods.modlauncher.LaunchPluginHandler.offerClassNodeToPlugins(LaunchPluginHandler.java:88) ~[modlauncher-10.0.9.jar%2355!/:?]
	at cpw.mods.modlauncher.ClassTransformer.transform(ClassTransformer.java:120) ~[modlauncher-10.0.9.jar%2355!/:?]
	at cpw.mods.modlauncher.TransformingClassLoader.maybeTransformClassBytes(TransformingClassLoader.java:50) ~[modlauncher-10.0.9.jar%2355!/:?]
	at cpw.mods.cl.ModuleClassLoader.readerToClass(ModuleClassLoader.java:113) ~[securejarhandler-2.1.10.jar:?]
	at cpw.mods.cl.ModuleClassLoader.lambda$findClass$15(ModuleClassLoader.java:219) ~[securejarhandler-2.1.10.jar:?]
	at cpw.mods.cl.ModuleClassLoader.loadFromModule(ModuleClassLoader.java:229) ~[securejarhandler-2.1.10.jar:?]
	at cpw.mods.cl.ModuleClassLoader.findClass(ModuleClassLoader.java:219) ~[securejarhandler-2.1.10.jar:?]
	at java.lang.ClassLoader.loadClass(ClassLoader.java:637) ~[?:?]
	at java.lang.Class.forName(Class.java:547) ~[?:?]
	at net.minecraftforge.fml.loading.ImmediateWindowHandler$DummyProvider.lambda$updateModuleReads$1(ImmediateWindowHandler.java:145) ~[fmlloader-1.20.1-47.3.7.jar%2369!/:1.0]
	at java.util.Optional.map(Optional.java:260) ~[?:?]
	at net.minecraftforge.fml.loading.ImmediateWindowHandler$DummyProvider.updateModuleReads(ImmediateWindowHandler.java:145) ~[fmlloader-1.20.1-47.3.7.jar%2369!/:1.0]
	at net.minecraftforge.fml.loading.ImmediateWindowHandler.acceptGameLayer(ImmediateWindowHandler.java:71) ~[fmlloader-1.20.1-47.3.7.jar%2369!/:1.0]
	at net.minecraftforge.fml.loading.FMLLoader.beforeStart(FMLLoader.java:207) ~[fmlloader-1.20.1-47.3.7.jar%2369!/:1.0]
	at net.minecraftforge.fml.loading.targets.CommonLaunchHandler.launchService(CommonLaunchHandler.java:92) ~[fmlloader-1.20.1-47.3.7.jar%2369!/:?]
	at cpw.mods.modlauncher.LaunchServiceHandlerDecorator.launch(LaunchServiceHandlerDecorator.java:30) ~[modlauncher-10.0.9.jar%2355!/:?]
	at cpw.mods.modlauncher.LaunchServiceHandler.launch(LaunchServiceHandler.java:53) ~[modlauncher-10.0.9.jar%2355!/:?]
	at cpw.mods.modlauncher.LaunchServiceHandler.launch(LaunchServiceHandler.java:71) ~[modlauncher-10.0.9.jar%2355!/:?]
	at cpw.mods.modlauncher.Launcher.run(Launcher.java:108) ~[modlauncher-10.0.9.jar%2355!/:?]
	at cpw.mods.modlauncher.Launcher.main(Launcher.java:78) ~[modlauncher-10.0.9.jar%2355!/:?]
	at cpw.mods.modlauncher.BootstrapLaunchConsumer.accept(BootstrapLaunchConsumer.java:26) ~[modlauncher-10.0.9.jar%2355!/:?]
	at cpw.mods.modlauncher.BootstrapLaunchConsumer.accept(BootstrapLaunchConsumer.java:23) ~[modlauncher-10.0.9.jar%2355!/:?]
	at cpw.mods.bootstraplauncher.BootstrapLauncher.main(BootstrapLauncher.java:141) ~[bootstraplauncher-1.1.2.jar:?]
[16Apr2026 02:26:13.558] [main/DEBUG] [Ksyxis/KPlugin/MOD_KSYXIS]: Ksyxis: Bytecode provider threw an exception, mixin WON'T be applied. (provider: org.spongepowered.asm.launch.MixinLaunchPlugin@53ea380b, plugin: Ksyxis/KPlugin{provider=org.spongepowered.asm.launch.MixinLaunchPlugin@53ea380b}, targetClassName: net.minecraft.world.server.ServerWorld, mixinClassName: ru.vidtu.ksyxis.mixins.ServerLevelMixin)
java.lang.ClassNotFoundException: net.minecraft.world.server.ServerWorld
	at cpw.mods.cl.ModuleClassLoader.getMaybeTransformedClassBytes(ModuleClassLoader.java:252) ~[securejarhandler-2.1.10.jar:?]
	at cpw.mods.modlauncher.TransformingClassLoader.buildTransformedClassNodeFor(TransformingClassLoader.java:58) ~[modlauncher-10.0.9.jar%2355!/:?]
	at cpw.mods.modlauncher.LaunchPluginHandler.lambda$announceLaunch$10(LaunchPluginHandler.java:100) ~[modlauncher-10.0.9.jar%2355!/:?]
	at org.spongepowered.asm.launch.MixinLaunchPluginLegacy.getClassNode(MixinLaunchPluginLegacy.java:222) ~[mixin-0.8.5.jar%2365!/:0.8.5+Jenkins-b310.git-155314e6e91465dad727e621a569906a410cd6f4]
	at org.spongepowered.asm.launch.MixinLaunchPluginLegacy.getClassNode(MixinLaunchPluginLegacy.java:207) ~[mixin-0.8.5.jar%2365!/:0.8.5+Jenkins-b310.git-155314e6e91465dad727e621a569906a410cd6f4]
	at ru.vidtu.ksyxis.KPlugin.shouldApplyMixin(KPlugin.java:112) ~[Ksyxis-1.3.4.jar%23210!/:1.3.4]
	at org.spongepowered.asm.mixin.transformer.PluginHandle.shouldApplyMixin(PluginHandle.java:132) ~[mixin-0.8.5.jar%2365!/:0.8.5+Jenkins-b310.git-155314e6e91465dad727e621a569906a410cd6f4]
	at org.spongepowered.asm.mixin.transformer.MixinInfo.shouldApplyMixin(MixinInfo.java:987) ~[mixin-0.8.5.jar%2365!/:0.8.5+Jenkins-b310.git-155314e6e91465dad727e621a569906a410cd6f4]
	at org.spongepowered.asm.mixin.transformer.MixinInfo.readDeclaredTargets(MixinInfo.java:952) ~[mixin-0.8.5.jar%2365!/:0.8.5+Jenkins-b310.git-155314e6e91465dad727e621a569906a410cd6f4]
	at org.spongepowered.asm.mixin.transformer.MixinInfo.<init>(MixinInfo.java:881) ~[mixin-0.8.5.jar%2365!/:0.8.5+Jenkins-b310.git-155314e6e91465dad727e621a569906a410cd6f4]
	at org.spongepowered.asm.mixin.transformer.MixinConfig.prepareMixins(MixinConfig.java:850) ~[mixin-0.8.5.jar%2365!/:0.8.5+Jenkins-b310.git-155314e6e91465dad727e621a569906a410cd6f4]
	at org.spongepowered.asm.mixin.transformer.MixinConfig.prepare(MixinConfig.java:775) ~[mixin-0.8.5.jar%2365!/:0.8.5+Jenkins-b310.git-155314e6e91465dad727e621a569906a410cd6f4]
	at org.spongepowered.asm.mixin.transformer.MixinProcessor.prepareConfigs(MixinProcessor.java:539) ~[mixin-0.8.5.jar%2365!/:0.8.5+Jenkins-b310.git-155314e6e91465dad727e621a569906a410cd6f4]
	at org.spongepowered.asm.mixin.transformer.MixinProcessor.select(MixinProcessor.java:462) ~[mixin-0.8.5.jar%2365!/:0.8.5+Jenkins-b310.git-155314e6e91465dad727e621a569906a410cd6f4]
	at org.spongepowered.asm.mixin.transformer.MixinProcessor.checkSelect(MixinProcessor.java:438) ~[mixin-0.8.5.jar%2365!/:0.8.5+Jenkins-b310.git-155314e6e91465dad727e621a569906a410cd6f4]
	at org.spongepowered.asm.mixin.transformer.MixinProcessor.applyMixins(MixinProcessor.java:290) ~[mixin-0.8.5.jar%2365!/:0.8.5+Jenkins-b310.git-155314e6e91465dad727e621a569906a410cd6f4]
	at org.spongepowered.asm.mixin.transformer.MixinTransformer.transformClass(MixinTransformer.java:250) ~[mixin-0.8.5.jar%2365!/:0.8.5+Jenkins-b310.git-155314e6e91465dad727e621a569906a410cd6f4]
	at org.spongepowered.asm.service.modlauncher.MixinTransformationHandler.processClass(MixinTransformationHandler.java:131) ~[mixin-0.8.5.jar%2365!/:0.8.5+Jenkins-b310.git-155314e6e91465dad727e621a569906a410cd6f4]
	at org.spongepowered.asm.launch.MixinLaunchPluginLegacy.processClass(MixinLaunchPluginLegacy.java:131) ~[mixin-0.8.5.jar%2365!/:0.8.5+Jenkins-b310.git-155314e6e91465dad727e621a569906a410cd6f4]
	at cpw.mods.modlauncher.serviceapi.ILaunchPluginService.processClassWithFlags(ILaunchPluginService.java:156) ~[modlauncher-10.0.9.jar%2355!/:10.0.9+10.0.9+main.dcd20f30]
	at cpw.mods.modlauncher.LaunchPluginHandler.offerClassNodeToPlugins(LaunchPluginHandler.java:88) ~[modlauncher-10.0.9.jar%2355!/:?]
	at cpw.mods.modlauncher.ClassTransformer.transform(ClassTransformer.java:120) ~[modlauncher-10.0.9.jar%2355!/:?]
	at cpw.mods.modlauncher.TransformingClassLoader.maybeTransformClassBytes(TransformingClassLoader.java:50) ~[modlauncher-10.0.9.jar%2355!/:?]
	at cpw.mods.cl.ModuleClassLoader.readerToClass(ModuleClassLoader.java:113) ~[securejarhandler-2.1.10.jar:?]
	at cpw.mods.cl.ModuleClassLoader.lambda$findClass$15(ModuleClassLoader.java:219) ~[securejarhandler-2.1.10.jar:?]
	at cpw.mods.cl.ModuleClassLoader.loadFromModule(ModuleClassLoader.java:229) ~[securejarhandler-2.1.10.jar:?]
	at cpw.mods.cl.ModuleClassLoader.findClass(ModuleClassLoader.java:219) ~[securejarhandler-2.1.10.jar:?]
	at java.lang.ClassLoader.loadClass(ClassLoader.java:637) ~[?:?]
	at java.lang.Class.forName(Class.java:547) ~[?:?]
	at net.minecraftforge.fml.loading.ImmediateWindowHandler$DummyProvider.lambda$updateModuleReads$1(ImmediateWindowHandler.java:145) ~[fmlloader-1.20.1-47.3.7.jar%2369!/:1.0]
	at java.util.Optional.map(Optional.java:260) ~[?:?]
	at net.minecraftforge.fml.loading.ImmediateWindowHandler$DummyProvider.updateModuleReads(ImmediateWindowHandler.java:145) ~[fmlloader-1.20.1-47.3.7.jar%2369!/:1.0]
	at net.minecraftforge.fml.loading.ImmediateWindowHandler.acceptGameLayer(ImmediateWindowHandler.java:71) ~[fmlloader-1.20.1-47.3.7.jar%2369!/:1.0]
	at net.minecraftforge.fml.loading.FMLLoader.beforeStart(FMLLoader.java:207) ~[fmlloader-1.20.1-47.3.7.jar%2369!/:1.0]
	at net.minecraftforge.fml.loading.targets.CommonLaunchHandler.launchService(CommonLaunchHandler.java:92) ~[fmlloader-1.20.1-47.3.7.jar%2369!/:?]
	at cpw.mods.modlauncher.LaunchServiceHandlerDecorator.launch(LaunchServiceHandlerDecorator.java:30) ~[modlauncher-10.0.9.jar%2355!/:?]
	at cpw.mods.modlauncher.LaunchServiceHandler.launch(LaunchServiceHandler.java:53) ~[modlauncher-10.0.9.jar%2355!/:?]
	at cpw.mods.modlauncher.LaunchServiceHandler.launch(LaunchServiceHandler.java:71) ~[modlauncher-10.0.9.jar%2355!/:?]
	at cpw.mods.modlauncher.Launcher.run(Launcher.java:108) ~[modlauncher-10.0.9.jar%2355!/:?]
	at cpw.mods.modlauncher.Launcher.main(Launcher.java:78) ~[modlauncher-10.0.9.jar%2355!/:?]
	at cpw.mods.modlauncher.BootstrapLaunchConsumer.accept(BootstrapLaunchConsumer.java:26) ~[modlauncher-10.0.9.jar%2355!/:?]
	at cpw.mods.modlauncher.BootstrapLaunchConsumer.accept(BootstrapLaunchConsumer.java:23) ~[modlauncher-10.0.9.jar%2355!/:?]
	at cpw.mods.bootstraplauncher.BootstrapLauncher.main(BootstrapLauncher.java:141) ~[bootstraplauncher-1.1.2.jar:?]
[16Apr2026 02:26:13.560] [main/DEBUG] [Ksyxis/KPlugin/MOD_KSYXIS]: Ksyxis: Bytecode provider threw an exception, mixin WON'T be applied. (provider: org.spongepowered.asm.launch.MixinLaunchPlugin@53ea380b, plugin: Ksyxis/KPlugin{provider=org.spongepowered.asm.launch.MixinLaunchPlugin@53ea380b}, targetClassName: net.minecraft.class_3218, mixinClassName: ru.vidtu.ksyxis.mixins.ServerLevelMixin)
java.lang.ClassNotFoundException: net.minecraft.class_3218
	at cpw.mods.cl.ModuleClassLoader.getMaybeTransformedClassBytes(ModuleClassLoader.java:252) ~[securejarhandler-2.1.10.jar:?]
	at cpw.mods.modlauncher.TransformingClassLoader.buildTransformedClassNodeFor(TransformingClassLoader.java:58) ~[modlauncher-10.0.9.jar%2355!/:?]
	at cpw.mods.modlauncher.LaunchPluginHandler.lambda$announceLaunch$10(LaunchPluginHandler.java:100) ~[modlauncher-10.0.9.jar%2355!/:?]
	at org.spongepowered.asm.launch.MixinLaunchPluginLegacy.getClassNode(MixinLaunchPluginLegacy.java:222) ~[mixin-0.8.5.jar%2365!/:0.8.5+Jenkins-b310.git-155314e6e91465dad727e621a569906a410cd6f4]
	at org.spongepowered.asm.launch.MixinLaunchPluginLegacy.getClassNode(MixinLaunchPluginLegacy.java:207) ~[mixin-0.8.5.jar%2365!/:0.8.5+Jenkins-b310.git-155314e6e91465dad727e621a569906a410cd6f4]
	at ru.vidtu.ksyxis.KPlugin.shouldApplyMixin(KPlugin.java:112) ~[Ksyxis-1.3.4.jar%23210!/:1.3.4]
	at org.spongepowered.asm.mixin.transformer.PluginHandle.shouldApplyMixin(PluginHandle.java:132) ~[mixin-0.8.5.jar%2365!/:0.8.5+Jenkins-b310.git-155314e6e91465dad727e621a569906a410cd6f4]
	at org.spongepowered.asm.mixin.transformer.MixinInfo.shouldApplyMixin(MixinInfo.java:987) ~[mixin-0.8.5.jar%2365!/:0.8.5+Jenkins-b310.git-155314e6e91465dad727e621a569906a410cd6f4]
	at org.spongepowered.asm.mixin.transformer.MixinInfo.readDeclaredTargets(MixinInfo.java:952) ~[mixin-0.8.5.jar%2365!/:0.8.5+Jenkins-b310.git-155314e6e91465dad727e621a569906a410cd6f4]
	at org.spongepowered.asm.mixin.transformer.MixinInfo.<init>(MixinInfo.java:881) ~[mixin-0.8.5.jar%2365!/:0.8.5+Jenkins-b310.git-155314e6e91465dad727e621a569906a410cd6f4]
	at org.spongepowered.asm.mixin.transformer.MixinConfig.prepareMixins(MixinConfig.java:850) ~[mixin-0.8.5.jar%2365!/:0.8.5+Jenkins-b310.git-155314e6e91465dad727e621a569906a410cd6f4]
	at org.spongepowered.asm.mixin.transformer.MixinConfig.prepare(MixinConfig.java:775) ~[mixin-0.8.5.jar%2365!/:0.8.5+Jenkins-b310.git-155314e6e91465dad727e621a569906a410cd6f4]
	at org.spongepowered.asm.mixin.transformer.MixinProcessor.prepareConfigs(MixinProcessor.java:539) ~[mixin-0.8.5.jar%2365!/:0.8.5+Jenkins-b310.git-155314e6e91465dad727e621a569906a410cd6f4]
	at org.spongepowered.asm.mixin.transformer.MixinProcessor.select(MixinProcessor.java:462) ~[mixin-0.8.5.jar%2365!/:0.8.5+Jenkins-b310.git-155314e6e91465dad727e621a569906a410cd6f4]
	at org.spongepowered.asm.mixin.transformer.MixinProcessor.checkSelect(MixinProcessor.java:438) ~[mixin-0.8.5.jar%2365!/:0.8.5+Jenkins-b310.git-155314e6e91465dad727e621a569906a410cd6f4]
	at org.spongepowered.asm.mixin.transformer.MixinProcessor.applyMixins(MixinProcessor.java:290) ~[mixin-0.8.5.jar%2365!/:0.8.5+Jenkins-b310.git-155314e6e91465dad727e621a569906a410cd6f4]
	at org.spongepowered.asm.mixin.transformer.MixinTransformer.transformClass(MixinTransformer.java:250) ~[mixin-0.8.5.jar%2365!/:0.8.5+Jenkins-b310.git-155314e6e91465dad727e621a569906a410cd6f4]
	at org.spongepowered.asm.service.modlauncher.MixinTransformationHandler.processClass(MixinTransformationHandler.java:131) ~[mixin-0.8.5.jar%2365!/:0.8.5+Jenkins-b310.git-155314e6e91465dad727e621a569906a410cd6f4]
	at org.spongepowered.asm.launch.MixinLaunchPluginLegacy.processClass(MixinLaunchPluginLegacy.java:131) ~[mixin-0.8.5.jar%2365!/:0.8.5+Jenkins-b310.git-155314e6e91465dad727e621a569906a410cd6f4]
	at cpw.mods.modlauncher.serviceapi.ILaunchPluginService.processClassWithFlags(ILaunchPluginService.java:156) ~[modlauncher-10.0.9.jar%2355!/:10.0.9+10.0.9+main.dcd20f30]
	at cpw.mods.modlauncher.LaunchPluginHandler.offerClassNodeToPlugins(LaunchPluginHandler.java:88) ~[modlauncher-10.0.9.jar%2355!/:?]
	at cpw.mods.modlauncher.ClassTransformer.transform(ClassTransformer.java:120) ~[modlauncher-10.0.9.jar%2355!/:?]
	at cpw.mods.modlauncher.TransformingClassLoader.maybeTransformClassBytes(TransformingClassLoader.java:50) ~[modlauncher-10.0.9.jar%2355!/:?]
	at cpw.mods.cl.ModuleClassLoader.readerToClass(ModuleClassLoader.java:113) ~[securejarhandler-2.1.10.jar:?]
	at cpw.mods.cl.ModuleClassLoader.lambda$findClass$15(ModuleClassLoader.java:219) ~[securejarhandler-2.1.10.jar:?]
	at cpw.mods.cl.ModuleClassLoader.loadFromModule(ModuleClassLoader.java:229) ~[securejarhandler-2.1.10.jar:?]
	at cpw.mods.cl.ModuleClassLoader.findClass(ModuleClassLoader.java:219) ~[securejarhandler-2.1.10.jar:?]
	at java.lang.ClassLoader.loadClass(ClassLoader.java:637) ~[?:?]
	at java.lang.Class.forName(Class.java:547) ~[?:?]
	at net.minecraftforge.fml.loading.ImmediateWindowHandler$DummyProvider.lambda$updateModuleReads$1(ImmediateWindowHandler.java:145) ~[fmlloader-1.20.1-47.3.7.jar%2369!/:1.0]
	at java.util.Optional.map(Optional.java:260) ~[?:?]
	at net.minecraftforge.fml.loading.ImmediateWindowHandler$DummyProvider.updateModuleReads(ImmediateWindowHandler.java:145) ~[fmlloader-1.20.1-47.3.7.jar%2369!/:1.0]
	at net.minecraftforge.fml.loading.ImmediateWindowHandler.acceptGameLayer(ImmediateWindowHandler.java:71) ~[fmlloader-1.20.1-47.3.7.jar%2369!/:1.0]
	at net.minecraftforge.fml.loading.FMLLoader.beforeStart(FMLLoader.java:207) ~[fmlloader-1.20.1-47.3.7.jar%2369!/:1.0]
	at net.minecraftforge.fml.loading.targets.CommonLaunchHandler.launchService(CommonLaunchHandler.java:92) ~[fmlloader-1.20.1-47.3.7.jar%2369!/:?]
	at cpw.mods.modlauncher.LaunchServiceHandlerDecorator.launch(LaunchServiceHandlerDecorator.java:30) ~[modlauncher-10.0.9.jar%2355!/:?]
	at cpw.mods.modlauncher.LaunchServiceHandler.launch(LaunchServiceHandler.java:53) ~[modlauncher-10.0.9.jar%2355!/:?]
	at cpw.mods.modlauncher.LaunchServiceHandler.launch(LaunchServiceHandler.java:71) ~[modlauncher-10.0.9.jar%2355!/:?]
	at cpw.mods.modlauncher.Launcher.run(Launcher.java:108) ~[modlauncher-10.0.9.jar%2355!/:?]
	at cpw.mods.modlauncher.Launcher.main(Launcher.java:78) ~[modlauncher-10.0.9.jar%2355!/:?]
	at cpw.mods.modlauncher.BootstrapLaunchConsumer.accept(BootstrapLaunchConsumer.java:26) ~[modlauncher-10.0.9.jar%2355!/:?]
	at cpw.mods.modlauncher.BootstrapLaunchConsumer.accept(BootstrapLaunchConsumer.java:23) ~[modlauncher-10.0.9.jar%2355!/:?]
	at cpw.mods.bootstraplauncher.BootstrapLauncher.main(BootstrapLauncher.java:141) ~[bootstraplauncher-1.1.2.jar:?]
[16Apr2026 02:26:13.564] [main/DEBUG] [Ksyxis/KPlugin/MOD_KSYXIS]: Ksyxis: Bytecode provider threw an exception, mixin WON'T be applied. (provider: org.spongepowered.asm.launch.MixinLaunchPlugin@53ea380b, plugin: Ksyxis/KPlugin{provider=org.spongepowered.asm.launch.MixinLaunchPlugin@53ea380b}, targetClassName: net.minecraft.src.C_12_, mixinClassName: ru.vidtu.ksyxis.mixins.ServerLevelMixin)
java.lang.ClassNotFoundException: net.minecraft.src.C_12_
	at cpw.mods.cl.ModuleClassLoader.getMaybeTransformedClassBytes(ModuleClassLoader.java:252) ~[securejarhandler-2.1.10.jar:?]
	at cpw.mods.modlauncher.TransformingClassLoader.buildTransformedClassNodeFor(TransformingClassLoader.java:58) ~[modlauncher-10.0.9.jar%2355!/:?]
	at cpw.mods.modlauncher.LaunchPluginHandler.lambda$announceLaunch$10(LaunchPluginHandler.java:100) ~[modlauncher-10.0.9.jar%2355!/:?]
	at org.spongepowered.asm.launch.MixinLaunchPluginLegacy.getClassNode(MixinLaunchPluginLegacy.java:222) ~[mixin-0.8.5.jar%2365!/:0.8.5+Jenkins-b310.git-155314e6e91465dad727e621a569906a410cd6f4]
	at org.spongepowered.asm.launch.MixinLaunchPluginLegacy.getClassNode(MixinLaunchPluginLegacy.java:207) ~[mixin-0.8.5.jar%2365!/:0.8.5+Jenkins-b310.git-155314e6e91465dad727e621a569906a410cd6f4]
	at ru.vidtu.ksyxis.KPlugin.shouldApplyMixin(KPlugin.java:112) ~[Ksyxis-1.3.4.jar%23210!/:1.3.4]
	at org.spongepowered.asm.mixin.transformer.PluginHandle.shouldApplyMixin(PluginHandle.java:132) ~[mixin-0.8.5.jar%2365!/:0.8.5+Jenkins-b310.git-155314e6e91465dad727e621a569906a410cd6f4]
	at org.spongepowered.asm.mixin.transformer.MixinInfo.shouldApplyMixin(MixinInfo.java:987) ~[mixin-0.8.5.jar%2365!/:0.8.5+Jenkins-b310.git-155314e6e91465dad727e621a569906a410cd6f4]
	at org.spongepowered.asm.mixin.transformer.MixinInfo.readDeclaredTargets(MixinInfo.java:952) ~[mixin-0.8.5.jar%2365!/:0.8.5+Jenkins-b310.git-155314e6e91465dad727e621a569906a410cd6f4]
	at org.spongepowered.asm.mixin.transformer.MixinInfo.<init>(MixinInfo.java:881) ~[mixin-0.8.5.jar%2365!/:0.8.5+Jenkins-b310.git-155314e6e91465dad727e621a569906a410cd6f4]
	at org.spongepowered.asm.mixin.transformer.MixinConfig.prepareMixins(MixinConfig.java:850) ~[mixin-0.8.5.jar%2365!/:0.8.5+Jenkins-b310.git-155314e6e91465dad727e621a569906a410cd6f4]
	at org.spongepowered.asm.mixin.transformer.MixinConfig.prepare(MixinConfig.java:775) ~[mixin-0.8.5.jar%2365!/:0.8.5+Jenkins-b310.git-155314e6e91465dad727e621a569906a410cd6f4]
	at org.spongepowered.asm.mixin.transformer.MixinProcessor.prepareConfigs(MixinProcessor.java:539) ~[mixin-0.8.5.jar%2365!/:0.8.5+Jenkins-b310.git-155314e6e91465dad727e621a569906a410cd6f4]
	at org.spongepowered.asm.mixin.transformer.MixinProcessor.select(MixinProcessor.java:462) ~[mixin-0.8.5.jar%2365!/:0.8.5+Jenkins-b310.git-155314e6e91465dad727e621a569906a410cd6f4]
	at org.spongepowered.asm.mixin.transformer.MixinProcessor.checkSelect(MixinProcessor.java:438) ~[mixin-0.8.5.jar%2365!/:0.8.5+Jenkins-b310.git-155314e6e91465dad727e621a569906a410cd6f4]
	at org.spongepowered.asm.mixin.transformer.MixinProcessor.applyMixins(MixinProcessor.java:290) ~[mixin-0.8.5.jar%2365!/:0.8.5+Jenkins-b310.git-155314e6e91465dad727e621a569906a410cd6f4]
	at org.spongepowered.asm.mixin.transformer.MixinTransformer.transformClass(MixinTransformer.java:250) ~[mixin-0.8.5.jar%2365!/:0.8.5+Jenkins-b310.git-155314e6e91465dad727e621a569906a410cd6f4]
	at org.spongepowered.asm.service.modlauncher.MixinTransformationHandler.processClass(MixinTransformationHandler.java:131) ~[mixin-0.8.5.jar%2365!/:0.8.5+Jenkins-b310.git-155314e6e91465dad727e621a569906a410cd6f4]
	at org.spongepowered.asm.launch.MixinLaunchPluginLegacy.processClass(MixinLaunchPluginLegacy.java:131) ~[mixin-0.8.5.jar%2365!/:0.8.5+Jenkins-b310.git-155314e6e91465dad727e621a569906a410cd6f4]
	at cpw.mods.modlauncher.serviceapi.ILaunchPluginService.processClassWithFlags(ILaunchPluginService.java:156) ~[modlauncher-10.0.9.jar%2355!/:10.0.9+10.0.9+main.dcd20f30]
	at cpw.mods.modlauncher.LaunchPluginHandler.offerClassNodeToPlugins(LaunchPluginHandler.java:88) ~[modlauncher-10.0.9.jar%2355!/:?]
	at cpw.mods.modlauncher.ClassTransformer.transform(ClassTransformer.java:120) ~[modlauncher-10.0.9.jar%2355!/:?]
	at cpw.mods.modlauncher.TransformingClassLoader.maybeTransformClassBytes(TransformingClassLoader.java:50) ~[modlauncher-10.0.9.jar%2355!/:?]
	at cpw.mods.cl.ModuleClassLoader.readerToClass(ModuleClassLoader.java:113) ~[securejarhandler-2.1.10.jar:?]
	at cpw.mods.cl.ModuleClassLoader.lambda$findClass$15(ModuleClassLoader.java:219) ~[securejarhandler-2.1.10.jar:?]
	at cpw.mods.cl.ModuleClassLoader.loadFromModule(ModuleClassLoader.java:229) ~[securejarhandler-2.1.10.jar:?]
	at cpw.mods.cl.ModuleClassLoader.findClass(ModuleClassLoader.java:219) ~[securejarhandler-2.1.10.jar:?]
	at java.lang.ClassLoader.loadClass(ClassLoader.java:637) ~[?:?]
	at java.lang.Class.forName(Class.java:547) ~[?:?]
	at net.minecraftforge.fml.loading.ImmediateWindowHandler$DummyProvider.lambda$updateModuleReads$1(ImmediateWindowHandler.java:145) ~[fmlloader-1.20.1-47.3.7.jar%2369!/:1.0]
	at java.util.Optional.map(Optional.java:260) ~[?:?]
	at net.minecraftforge.fml.loading.ImmediateWindowHandler$DummyProvider.updateModuleReads(ImmediateWindowHandler.java:145) ~[fmlloader-1.20.1-47.3.7.jar%2369!/:1.0]
	at net.minecraftforge.fml.loading.ImmediateWindowHandler.acceptGameLayer(ImmediateWindowHandler.java:71) ~[fmlloader-1.20.1-47.3.7.jar%2369!/:1.0]
	at net.minecraftforge.fml.loading.FMLLoader.beforeStart(FMLLoader.java:207) ~[fmlloader-1.20.1-47.3.7.jar%2369!/:1.0]
	at net.minecraftforge.fml.loading.targets.CommonLaunchHandler.launchService(CommonLaunchHandler.java:92) ~[fmlloader-1.20.1-47.3.7.jar%2369!/:?]
	at cpw.mods.modlauncher.LaunchServiceHandlerDecorator.launch(LaunchServiceHandlerDecorator.java:30) ~[modlauncher-10.0.9.jar%2355!/:?]
	at cpw.mods.modlauncher.LaunchServiceHandler.launch(LaunchServiceHandler.java:53) ~[modlauncher-10.0.9.jar%2355!/:?]
	at cpw.mods.modlauncher.LaunchServiceHandler.launch(LaunchServiceHandler.java:71) ~[modlauncher-10.0.9.jar%2355!/:?]
	at cpw.mods.modlauncher.Launcher.run(Launcher.java:108) ~[modlauncher-10.0.9.jar%2355!/:?]
	at cpw.mods.modlauncher.Launcher.main(Launcher.java:78) ~[modlauncher-10.0.9.jar%2355!/:?]
	at cpw.mods.modlauncher.BootstrapLaunchConsumer.accept(BootstrapLaunchConsumer.java:26) ~[modlauncher-10.0.9.jar%2355!/:?]
	at cpw.mods.modlauncher.BootstrapLaunchConsumer.accept(BootstrapLaunchConsumer.java:23) ~[modlauncher-10.0.9.jar%2355!/:?]
	at cpw.mods.bootstraplauncher.BootstrapLauncher.main(BootstrapLauncher.java:141) ~[bootstraplauncher-1.1.2.jar:?]
[16Apr2026 02:26:13.568] [main/DEBUG] [Ksyxis/KPlugin/MOD_KSYXIS]: Ksyxis: Bytecode provider threw an exception, mixin WON'T be applied. (provider: org.spongepowered.asm.launch.MixinLaunchPlugin@53ea380b, plugin: Ksyxis/KPlugin{provider=org.spongepowered.asm.launch.MixinLaunchPlugin@53ea380b}, targetClassName: net.minecraft.unmapped.C_bdwnwhiu, mixinClassName: ru.vidtu.ksyxis.mixins.ServerLevelMixin)
java.lang.ClassNotFoundException: net.minecraft.unmapped.C_bdwnwhiu
	at cpw.mods.cl.ModuleClassLoader.getMaybeTransformedClassBytes(ModuleClassLoader.java:252) ~[securejarhandler-2.1.10.jar:?]
	at cpw.mods.modlauncher.TransformingClassLoader.buildTransformedClassNodeFor(TransformingClassLoader.java:58) ~[modlauncher-10.0.9.jar%2355!/:?]
	at cpw.mods.modlauncher.LaunchPluginHandler.lambda$announceLaunch$10(LaunchPluginHandler.java:100) ~[modlauncher-10.0.9.jar%2355!/:?]
	at org.spongepowered.asm.launch.MixinLaunchPluginLegacy.getClassNode(MixinLaunchPluginLegacy.java:222) ~[mixin-0.8.5.jar%2365!/:0.8.5+Jenkins-b310.git-155314e6e91465dad727e621a569906a410cd6f4]
	at org.spongepowered.asm.launch.MixinLaunchPluginLegacy.getClassNode(MixinLaunchPluginLegacy.java:207) ~[mixin-0.8.5.jar%2365!/:0.8.5+Jenkins-b310.git-155314e6e91465dad727e621a569906a410cd6f4]
	at ru.vidtu.ksyxis.KPlugin.shouldApplyMixin(KPlugin.java:112) ~[Ksyxis-1.3.4.jar%23210!/:1.3.4]
	at org.spongepowered.asm.mixin.transformer.PluginHandle.shouldApplyMixin(PluginHandle.java:132) ~[mixin-0.8.5.jar%2365!/:0.8.5+Jenkins-b310.git-155314e6e91465dad727e621a569906a410cd6f4]
	at org.spongepowered.asm.mixin.transformer.MixinInfo.shouldApplyMixin(MixinInfo.java:987) ~[mixin-0.8.5.jar%2365!/:0.8.5+Jenkins-b310.git-155314e6e91465dad727e621a569906a410cd6f4]
	at org.spongepowered.asm.mixin.transformer.MixinInfo.readDeclaredTargets(MixinInfo.java:952) ~[mixin-0.8.5.jar%2365!/:0.8.5+Jenkins-b310.git-155314e6e91465dad727e621a569906a410cd6f4]
	at org.spongepowered.asm.mixin.transformer.MixinInfo.<init>(MixinInfo.java:881) ~[mixin-0.8.5.jar%2365!/:0.8.5+Jenkins-b310.git-155314e6e91465dad727e621a569906a410cd6f4]
	at org.spongepowered.asm.mixin.transformer.MixinConfig.prepareMixins(MixinConfig.java:850) ~[mixin-0.8.5.jar%2365!/:0.8.5+Jenkins-b310.git-155314e6e91465dad727e621a569906a410cd6f4]
	at org.spongepowered.asm.mixin.transformer.MixinConfig.prepare(MixinConfig.java:775) ~[mixin-0.8.5.jar%2365!/:0.8.5+Jenkins-b310.git-155314e6e91465dad727e621a569906a410cd6f4]
	at org.spongepowered.asm.mixin.transformer.MixinProcessor.prepareConfigs(MixinProcessor.java:539) ~[mixin-0.8.5.jar%2365!/:0.8.5+Jenkins-b310.git-155314e6e91465dad727e621a569906a410cd6f4]
	at org.spongepowered.asm.mixin.transformer.MixinProcessor.select(MixinProcessor.java:462) ~[mixin-0.8.5.jar%2365!/:0.8.5+Jenkins-b310.git-155314e6e91465dad727e621a569906a410cd6f4]
	at org.spongepowered.asm.mixin.transformer.MixinProcessor.checkSelect(MixinProcessor.java:438) ~[mixin-0.8.5.jar%2365!/:0.8.5+Jenkins-b310.git-155314e6e91465dad727e621a569906a410cd6f4]
	at org.spongepowered.asm.mixin.transformer.MixinProcessor.applyMixins(MixinProcessor.java:290) ~[mixin-0.8.5.jar%2365!/:0.8.5+Jenkins-b310.git-155314e6e91465dad727e621a569906a410cd6f4]
	at org.spongepowered.asm.mixin.transformer.MixinTransformer.transformClass(MixinTransformer.java:250) ~[mixin-0.8.5.jar%2365!/:0.8.5+Jenkins-b310.git-155314e6e91465dad727e621a569906a410cd6f4]
	at org.spongepowered.asm.service.modlauncher.MixinTransformationHandler.processClass(MixinTransformationHandler.java:131) ~[mixin-0.8.5.jar%2365!/:0.8.5+Jenkins-b310.git-155314e6e91465dad727e621a569906a410cd6f4]
	at org.spongepowered.asm.launch.MixinLaunchPluginLegacy.processClass(MixinLaunchPluginLegacy.java:131) ~[mixin-0.8.5.jar%2365!/:0.8.5+Jenkins-b310.git-155314e6e91465dad727e621a569906a410cd6f4]
	at cpw.mods.modlauncher.serviceapi.ILaunchPluginService.processClassWithFlags(ILaunchPluginService.java:156) ~[modlauncher-10.0.9.jar%2355!/:10.0.9+10.0.9+main.dcd20f30]
	at cpw.mods.modlauncher.LaunchPluginHandler.offerClassNodeToPlugins(LaunchPluginHandler.java:88) ~[modlauncher-10.0.9.jar%2355!/:?]
	at cpw.mods.modlauncher.ClassTransformer.transform(ClassTransformer.java:120) ~[modlauncher-10.0.9.jar%2355!/:?]
	at cpw.mods.modlauncher.TransformingClassLoader.maybeTransformClassBytes(TransformingClassLoader.java:50) ~[modlauncher-10.0.9.jar%2355!/:?]
	at cpw.mods.cl.ModuleClassLoader.readerToClass(ModuleClassLoader.java:113) ~[securejarhandler-2.1.10.jar:?]
	at cpw.mods.cl.ModuleClassLoader.lambda$findClass$15(ModuleClassLoader.java:219) ~[securejarhandler-2.1.10.jar:?]
	at cpw.mods.cl.ModuleClassLoader.loadFromModule(ModuleClassLoader.java:229) ~[securejarhandler-2.1.10.jar:?]
	at cpw.mods.cl.ModuleClassLoader.findClass(ModuleClassLoader.java:219) ~[securejarhandler-2.1.10.jar:?]
	at java.lang.ClassLoader.loadClass(ClassLoader.java:637) ~[?:?]
	at java.lang.Class.forName(Class.java:547) ~[?:?]
	at net.minecraftforge.fml.loading.ImmediateWindowHandler$DummyProvider.lambda$updateModuleReads$1(ImmediateWindowHandler.java:145) ~[fmlloader-1.20.1-47.3.7.jar%2369!/:1.0]
	at java.util.Optional.map(Optional.java:260) ~[?:?]
	at net.minecraftforge.fml.loading.ImmediateWindowHandler$DummyProvider.updateModuleReads(ImmediateWindowHandler.java:145) ~[fmlloader-1.20.1-47.3.7.jar%2369!/:1.0]
	at net.minecraftforge.fml.loading.ImmediateWindowHandler.acceptGameLayer(ImmediateWindowHandler.java:71) ~[fmlloader-1.20.1-47.3.7.jar%2369!/:1.0]
	at net.minecraftforge.fml.loading.FMLLoader.beforeStart(FMLLoader.java:207) ~[fmlloader-1.20.1-47.3.7.jar%2369!/:1.0]
	at net.minecraftforge.fml.loading.targets.CommonLaunchHandler.launchService(CommonLaunchHandler.java:92) ~[fmlloader-1.20.1-47.3.7.jar%2369!/:?]
	at cpw.mods.modlauncher.LaunchServiceHandlerDecorator.launch(LaunchServiceHandlerDecorator.java:30) ~[modlauncher-10.0.9.jar%2355!/:?]
	at cpw.mods.modlauncher.LaunchServiceHandler.launch(LaunchServiceHandler.java:53) ~[modlauncher-10.0.9.jar%2355!/:?]
	at cpw.mods.modlauncher.LaunchServiceHandler.launch(LaunchServiceHandler.java:71) ~[modlauncher-10.0.9.jar%2355!/:?]
	at cpw.mods.modlauncher.Launcher.run(Launcher.java:108) ~[modlauncher-10.0.9.jar%2355!/:?]
	at cpw.mods.modlauncher.Launcher.main(Launcher.java:78) ~[modlauncher-10.0.9.jar%2355!/:?]
	at cpw.mods.modlauncher.BootstrapLaunchConsumer.accept(BootstrapLaunchConsumer.java:26) ~[modlauncher-10.0.9.jar%2355!/:?]
	at cpw.mods.modlauncher.BootstrapLaunchConsumer.accept(BootstrapLaunchConsumer.java:23) ~[modlauncher-10.0.9.jar%2355!/:?]
	at cpw.mods.bootstraplauncher.BootstrapLauncher.main(BootstrapLauncher.java:141) ~[bootstraplauncher-1.1.2.jar:?]
[16Apr2026 02:26:13.571] [main/DEBUG] [Ksyxis/KPlugin/MOD_KSYXIS]: Ksyxis: Bytecode provider threw an exception, mixin WON'T be applied. (provider: org.spongepowered.asm.launch.MixinLaunchPlugin@53ea380b, plugin: Ksyxis/KPlugin{provider=org.spongepowered.asm.launch.MixinLaunchPlugin@53ea380b}, targetClassName: net.minecraft.unmapped.C_3865296, mixinClassName: ru.vidtu.ksyxis.mixins.ServerLevelMixin)
java.lang.ClassNotFoundException: net.minecraft.unmapped.C_3865296
	at cpw.mods.cl.ModuleClassLoader.getMaybeTransformedClassBytes(ModuleClassLoader.java:252) ~[securejarhandler-2.1.10.jar:?]
	at cpw.mods.modlauncher.TransformingClassLoader.buildTransformedClassNodeFor(TransformingClassLoader.java:58) ~[modlauncher-10.0.9.jar%2355!/:?]
	at cpw.mods.modlauncher.LaunchPluginHandler.lambda$announceLaunch$10(LaunchPluginHandler.java:100) ~[modlauncher-10.0.9.jar%2355!/:?]
	at org.spongepowered.asm.launch.MixinLaunchPluginLegacy.getClassNode(MixinLaunchPluginLegacy.java:222) ~[mixin-0.8.5.jar%2365!/:0.8.5+Jenkins-b310.git-155314e6e91465dad727e621a569906a410cd6f4]
	at org.spongepowered.asm.launch.MixinLaunchPluginLegacy.getClassNode(MixinLaunchPluginLegacy.java:207) ~[mixin-0.8.5.jar%2365!/:0.8.5+Jenkins-b310.git-155314e6e91465dad727e621a569906a410cd6f4]
	at ru.vidtu.ksyxis.KPlugin.shouldApplyMixin(KPlugin.java:112) ~[Ksyxis-1.3.4.jar%23210!/:1.3.4]
	at org.spongepowered.asm.mixin.transformer.PluginHandle.shouldApplyMixin(PluginHandle.java:132) ~[mixin-0.8.5.jar%2365!/:0.8.5+Jenkins-b310.git-155314e6e91465dad727e621a569906a410cd6f4]
	at org.spongepowered.asm.mixin.transformer.MixinInfo.shouldApplyMixin(MixinInfo.java:987) ~[mixin-0.8.5.jar%2365!/:0.8.5+Jenkins-b310.git-155314e6e91465dad727e621a569906a410cd6f4]
	at org.spongepowered.asm.mixin.transformer.MixinInfo.readDeclaredTargets(MixinInfo.java:952) ~[mixin-0.8.5.jar%2365!/:0.8.5+Jenkins-b310.git-155314e6e91465dad727e621a569906a410cd6f4]
	at org.spongepowered.asm.mixin.transformer.MixinInfo.<init>(MixinInfo.java:881) ~[mixin-0.8.5.jar%2365!/:0.8.5+Jenkins-b310.git-155314e6e91465dad727e621a569906a410cd6f4]
	at org.spongepowered.asm.mixin.transformer.MixinConfig.prepareMixins(MixinConfig.java:850) ~[mixin-0.8.5.jar%2365!/:0.8.5+Jenkins-b310.git-155314e6e91465dad727e621a569906a410cd6f4]
	at org.spongepowered.asm.mixin.transformer.MixinConfig.prepare(MixinConfig.java:775) ~[mixin-0.8.5.jar%2365!/:0.8.5+Jenkins-b310.git-155314e6e91465dad727e621a569906a410cd6f4]
	at org.spongepowered.asm.mixin.transformer.MixinProcessor.prepareConfigs(MixinProcessor.java:539) ~[mixin-0.8.5.jar%2365!/:0.8.5+Jenkins-b310.git-155314e6e91465dad727e621a569906a410cd6f4]
	at org.spongepowered.asm.mixin.transformer.MixinProcessor.select(MixinProcessor.java:462) ~[mixin-0.8.5.jar%2365!/:0.8.5+Jenkins-b310.git-155314e6e91465dad727e621a569906a410cd6f4]
	at org.spongepowered.asm.mixin.transformer.MixinProcessor.checkSelect(MixinProcessor.java:438) ~[mixin-0.8.5.jar%2365!/:0.8.5+Jenkins-b310.git-155314e6e91465dad727e621a569906a410cd6f4]
	at org.spongepowered.asm.mixin.transformer.MixinProcessor.applyMixins(MixinProcessor.java:290) ~[mixin-0.8.5.jar%2365!/:0.8.5+Jenkins-b310.git-155314e6e91465dad727e621a569906a410cd6f4]
	at org.spongepowered.asm.mixin.transformer.MixinTransformer.transformClass(MixinTransformer.java:250) ~[mixin-0.8.5.jar%2365!/:0.8.5+Jenkins-b310.git-155314e6e91465dad727e621a569906a410cd6f4]
	at org.spongepowered.asm.service.modlauncher.MixinTransformationHandler.processClass(MixinTransformationHandler.java:131) ~[mixin-0.8.5.jar%2365!/:0.8.5+Jenkins-b310.git-155314e6e91465dad727e621a569906a410cd6f4]
	at org.spongepowered.asm.launch.MixinLaunchPluginLegacy.processClass(MixinLaunchPluginLegacy.java:131) ~[mixin-0.8.5.jar%2365!/:0.8.5+Jenkins-b310.git-155314e6e91465dad727e621a569906a410cd6f4]
	at cpw.mods.modlauncher.serviceapi.ILaunchPluginService.processClassWithFlags(ILaunchPluginService.java:156) ~[modlauncher-10.0.9.jar%2355!/:10.0.9+10.0.9+main.dcd20f30]
	at cpw.mods.modlauncher.LaunchPluginHandler.offerClassNodeToPlugins(LaunchPluginHandler.java:88) ~[modlauncher-10.0.9.jar%2355!/:?]
	at cpw.mods.modlauncher.ClassTransformer.transform(ClassTransformer.java:120) ~[modlauncher-10.0.9.jar%2355!/:?]
	at cpw.mods.modlauncher.TransformingClassLoader.maybeTransformClassBytes(TransformingClassLoader.java:50) ~[modlauncher-10.0.9.jar%2355!/:?]
	at cpw.mods.cl.ModuleClassLoader.readerToClass(ModuleClassLoader.java:113) ~[securejarhandler-2.1.10.jar:?]
	at cpw.mods.cl.ModuleClassLoader.lambda$findClass$15(ModuleClassLoader.java:219) ~[securejarhandler-2.1.10.jar:?]
	at cpw.mods.cl.ModuleClassLoader.loadFromModule(ModuleClassLoader.java:229) ~[securejarhandler-2.1.10.jar:?]
	at cpw.mods.cl.ModuleClassLoader.findClass(ModuleClassLoader.java:219) ~[securejarhandler-2.1.10.jar:?]
	at java.lang.ClassLoader.loadClass(ClassLoader.java:637) ~[?:?]
	at java.lang.Class.forName(Class.java:547) ~[?:?]
	at net.minecraftforge.fml.loading.ImmediateWindowHandler$DummyProvider.lambda$updateModuleReads$1(ImmediateWindowHandler.java:145) ~[fmlloader-1.20.1-47.3.7.jar%2369!/:1.0]
	at java.util.Optional.map(Optional.java:260) ~[?:?]
	at net.minecraftforge.fml.loading.ImmediateWindowHandler$DummyProvider.updateModuleReads(ImmediateWindowHandler.java:145) ~[fmlloader-1.20.1-47.3.7.jar%2369!/:1.0]
	at net.minecraftforge.fml.loading.ImmediateWindowHandler.acceptGameLayer(ImmediateWindowHandler.java:71) ~[fmlloader-1.20.1-47.3.7.jar%2369!/:1.0]
	at net.minecraftforge.fml.loading.FMLLoader.beforeStart(FMLLoader.java:207) ~[fmlloader-1.20.1-47.3.7.jar%2369!/:1.0]
	at net.minecraftforge.fml.loading.targets.CommonLaunchHandler.launchService(CommonLaunchHandler.java:92) ~[fmlloader-1.20.1-47.3.7.jar%2369!/:?]
	at cpw.mods.modlauncher.LaunchServiceHandlerDecorator.launch(LaunchServiceHandlerDecorator.java:30) ~[modlauncher-10.0.9.jar%2355!/:?]
	at cpw.mods.modlauncher.LaunchServiceHandler.launch(LaunchServiceHandler.java:53) ~[modlauncher-10.0.9.jar%2355!/:?]
	at cpw.mods.modlauncher.LaunchServiceHandler.launch(LaunchServiceHandler.java:71) ~[modlauncher-10.0.9.jar%2355!/:?]
	at cpw.mods.modlauncher.Launcher.run(Launcher.java:108) ~[modlauncher-10.0.9.jar%2355!/:?]
	at cpw.mods.modlauncher.Launcher.main(Launcher.java:78) ~[modlauncher-10.0.9.jar%2355!/:?]
	at cpw.mods.modlauncher.BootstrapLaunchConsumer.accept(BootstrapLaunchConsumer.java:26) ~[modlauncher-10.0.9.jar%2355!/:?]
	at cpw.mods.modlauncher.BootstrapLaunchConsumer.accept(BootstrapLaunchConsumer.java:23) ~[modlauncher-10.0.9.jar%2355!/:?]
	at cpw.mods.bootstraplauncher.BootstrapLauncher.main(BootstrapLauncher.java:141) ~[bootstraplauncher-1.1.2.jar:?]
[16Apr2026 02:26:13.572] [main/DEBUG] [mixin/]: Preparing lionfishapi.mixins.json (5)
[16Apr2026 02:26:13.574] [main/DEBUG] [mixin/]: Preparing mysticaloaktree-common.mixins.json (0)
[16Apr2026 02:26:13.574] [main/DEBUG] [mixin/]: Preparing mysticaloaktree.mixins.json (0)
[16Apr2026 02:26:13.574] [main/DEBUG] [mixin/]: Preparing cataclysm.mixins.json (25)
[16Apr2026 02:26:13.596] [main/DEBUG] [mixin/]: Preparing curios.mixins.json (13)
[16Apr2026 02:26:13.608] [main/DEBUG] [mixin/]: Preparing xaerohud.mixins.json (21)
[16Apr2026 02:26:13.609] [main/DEBUG] [mixin/]: Preparing xaerohud.forge.mixins.json (0)
[16Apr2026 02:26:13.609] [main/DEBUG] [mixin/]: Preparing xaerominimap.mixins.json (0)
[16Apr2026 02:26:13.609] [main/DEBUG] [mixin/]: Preparing xaerominimap.forge.mixins.json (0)
[16Apr2026 02:26:13.609] [main/DEBUG] [mixin/]: Preparing immersive_paintings.mixin.json (0)
[16Apr2026 02:26:13.609] [main/DEBUG] [mixin/]: Preparing attributeslib.mixins.json (17)
[16Apr2026 02:26:13.625] [main/DEBUG] [mixin/]: Preparing immediatelyfast-forge.mixins.json (6)
[16Apr2026 02:26:13.625] [main/DEBUG] [mixin/]: Preparing immediatelyfast-common.mixins.json (33)
[16Apr2026 02:26:13.625] [main/DEBUG] [mixin/]: Preparing coroutil.mixins.json (0)
[16Apr2026 02:26:13.625] [main/DEBUG] [mixin/]: Preparing cumulus_menus.mixins.json (7)
[16Apr2026 02:26:13.625] [main/DEBUG] [mixin/]: Preparing creeperoverhaul-common.mixins.json (1)
[16Apr2026 02:26:13.627] [main/DEBUG] [mixin/]: Preparing architectury.mixins.json (9)
[16Apr2026 02:26:13.632] [main/DEBUG] [mixin/]: Preparing architectury-common.mixins.json (10)
[16Apr2026 02:26:13.636] [main/DEBUG] [net.minecraftforge.coremod.transformer.CoreModBaseTransformer/COREMOD]: Transforming net/minecraft/world/item/BucketItem
[16Apr2026 02:26:13.645] [main/DEBUG] [net.minecraftforge.coremod.transformer.CoreModBaseTransformer/COREMOD]: Transforming net/minecraft/world/entity/EntityType
[16Apr2026 02:26:13.726] [main/DEBUG] [net.minecraftforge.coremod.transformer.CoreModBaseTransformer/COREMOD]: Transforming net/minecraft/world/level/block/LiquidBlock
[16Apr2026 02:26:13.731] [main/DEBUG] [mixin/]: Preparing lootr.mixins.json (8)
[16Apr2026 02:26:13.741] [main/DEBUG] [mixin/]: Preparing ferritecore.predicates.mixin.json (3)
[16Apr2026 02:26:13.741] [main/DEBUG] [mixin/]: Preparing ferritecore.fastmap.mixin.json (1)
[16Apr2026 02:26:13.745] [main/DEBUG] [mixin/]: Preparing ferritecore.mrl.mixin.json (2)
[16Apr2026 02:26:13.745] [main/DEBUG] [mixin/]: Preparing ferritecore.dedupmultipart.mixin.json (2)
[16Apr2026 02:26:13.745] [main/DEBUG] [mixin/]: Preparing ferritecore.blockstatecache.mixin.json (8)
[16Apr2026 02:26:13.756] [main/DEBUG] [mixin/]: Preparing ferritecore.dedupbakedquad.mixin.json (2)
[16Apr2026 02:26:13.756] [main/DEBUG] [mixin/]: Preparing ferritecore.threaddetec.mixin.json (1)
[16Apr2026 02:26:13.756] [main/DEBUG] [mixin/]: Preparing ferritecore.modelsides.mixin.json (1)
[16Apr2026 02:26:13.756] [main/DEBUG] [mixin/]: Preparing puzzleslib.common.mixins.json (7)
[16Apr2026 02:26:13.761] [main/DEBUG] [mixin/]: Preparing puzzleslib.forge.mixins.json (13)
[16Apr2026 02:26:13.770] [main/DEBUG] [mixin/]: Preparing nitrogen_internals.mixins.json (0)
[16Apr2026 02:26:13.771] [main/DEBUG] [mixin/]: Preparing moogs_structures-common.mixins.json (12)
[16Apr2026 02:26:13.783] [main/DEBUG] [mixin/]: Preparing moogs_structures-forge.mixins.json (0)
[16Apr2026 02:26:13.783] [main/DEBUG] [mixin/]: Preparing immersive_melodies.mixin.json (14)
[16Apr2026 02:26:13.794] [main/DEBUG] [mixin/]: Preparing expandability.mixins.json (4)
[16Apr2026 02:26:13.795] [main/DEBUG] [mixin/]: Preparing expandability-common.mixins.json (9)
[16Apr2026 02:26:13.801] [main/DEBUG] [mixin/]: Preparing bettermineshafts.mixins.json (4)
[16Apr2026 02:26:13.805] [main/DEBUG] [mixin/]: Preparing bettermineshafts_forge.mixins.json (0)
[16Apr2026 02:26:13.805] [main/DEBUG] [mixin/]: Preparing betterjungletemples.mixins.json (8)
[16Apr2026 02:26:13.810] [main/DEBUG] [mixin/]: Preparing betterjungletemples_forge.mixins.json (0)
[16Apr2026 02:26:13.810] [main/DEBUG] [mixin/]: Preparing mixinextras.init.mixins.json (0)
[16Apr2026 02:26:13.810] [main/DEBUG] [mixin/]: Preparing skinrestorer.mixins.json (6)
[16Apr2026 02:26:14.094] [main/DEBUG] [mixin/]: Inner class glitchcore/forge/mixin/impl/MixinPacketHandler$1 in glitchcore/forge/mixin/impl/MixinPacketHandler on glitchcore/network/PacketHandler gets unique name glitchcore/network/PacketHandler$Anonymous$5bcf6196727941faa9fdc7c6974174c0
[16Apr2026 02:26:14.102] [main/WARN] [mixin/]: Error loading class: com/mojang/blaze3d/platform/InputConstants$Key (java.lang.ClassNotFoundException: com.mojang.blaze3d.platform.InputConstants$Key)
[16Apr2026 02:26:14.128] [main/DEBUG] [mixin/]: Inner class immersive_armors/mixin/MobEntityMixin$1 in immersive_armors/mixin/MobEntityMixin on net/minecraft/world/entity/Mob gets unique name net/minecraft/world/entity/Mob$Anonymous$399b5842fa2d4851afc5a6cdbe1bfc5f
[16Apr2026 02:26:14.169] [main/DEBUG] [mixin/]: Inner class net/mehvahdjukaar/supplementaries/mixins/forge/self/SelfFlammableFluidBlockMixin$1 in net/mehvahdjukaar/supplementaries/mixins/forge/self/SelfFlammableFluidBlockMixin on net/mehvahdjukaar/supplementaries/common/fluids/FlammableLiquidBlock gets unique name net/mehvahdjukaar/supplementaries/common/fluids/FlammableLiquidBlock$Anonymous$991e44dedb9245808c4b8c1cf55bdd84
[16Apr2026 02:26:14.258] [main/DEBUG] [mixin/]: Inner class tech/alexnijjar/endermanoverhaul/mixins/forge/common/CorruptedShieldItemMixin$1 in tech/alexnijjar/endermanoverhaul/mixins/forge/common/CorruptedShieldItemMixin on tech/alexnijjar/endermanoverhaul/common/items/tools/CorruptedShieldItem gets unique name tech/alexnijjar/endermanoverhaul/common/items/tools/CorruptedShieldItem$Anonymous$085f7743183141e8946c92fe61c48949
[16Apr2026 02:26:14.261] [main/DEBUG] [mixin/]: Inner class tech/alexnijjar/endermanoverhaul/mixins/forge/common/CustomGeoArmorItemMixin$1 in tech/alexnijjar/endermanoverhaul/mixins/forge/common/CustomGeoArmorItemMixin on tech/alexnijjar/endermanoverhaul/common/items/base/CustomGeoArmorItem gets unique name tech/alexnijjar/endermanoverhaul/common/items/base/CustomGeoArmorItem$Anonymous$3100b0e4de4740e293e17c52c9c639ef
[16Apr2026 02:26:14.332] [main/DEBUG] [mixin/]: Prepared 517 mixins in 3.143 sec (6.1ms avg) (0ms load, 0ms transform, 0ms plugin)
[16Apr2026 02:26:14.351] [main/INFO] [MixinExtras|Service/]: Initializing MixinExtras via com.llamalad7.mixinextras.service.MixinExtrasServiceImpl(version=0.5.3).
[16Apr2026 02:26:14.353] [main/DEBUG] [mixin/]: Registering new injector for @SugarWrapper with com.llamalad7.mixinextras.sugar.impl.SugarWrapperInjectionInfo
[16Apr2026 02:26:14.353] [main/DEBUG] [mixin/]: Registering new injector for @FactoryRedirectWrapper with com.llamalad7.mixinextras.wrapper.factory.FactoryRedirectWrapperInjectionInfo
[16Apr2026 02:26:14.354] [main/DEBUG] [mixin/]: Registering new injector for @ExpressionInjectorWrapper with com.llamalad7.mixinextras.expression.impl.wrapper.ExpressionInjectorWrapperInjectionInfo
[16Apr2026 02:26:14.377] [main/DEBUG] [mixin/]: Mixing MixinMinecraftServer from xaeroworldmap.mixins.json into net.minecraft.server.MinecraftServer
[16Apr2026 02:26:14.387] [main/DEBUG] [mixin/]: Mixing MinecraftServerMixin from citadel.mixins.json into net.minecraft.server.MinecraftServer
[16Apr2026 02:26:14.397] [main/DEBUG] [mixin/]: Mixing MinecraftServerMixin from balm.mixins.json into net.minecraft.server.MinecraftServer
[16Apr2026 02:26:14.399] [main/DEBUG] [mixin/]: Renaming synthetic method lambda$reloadResources$0(Ljava/lang/Void;)V to md26f194$lambda$reloadResources$0$0 in balm.mixins.json:MinecraftServerMixin
[16Apr2026 02:26:14.416] [main/DEBUG] [mixin/]: Mixing MinecraftServerMixin from moonlight.mixins.json into net.minecraft.server.MinecraftServer
[16Apr2026 02:26:14.439] [main/DEBUG] [mixin/]: Mixing MinecraftServerMixin from ksyxis.mixins.json into net.minecraft.server.MinecraftServer
[16Apr2026 02:26:14.472] [main/DEBUG] [mixin/]: Mixing MixinMinecraftServer from xaerohud.mixins.json into net.minecraft.server.MinecraftServer
[16Apr2026 02:26:14.787] [main/DEBUG] [mixin/]: Mixing common.GameTestServerMixin from lithostitched.mixins.json into net.minecraft.gametest.framework.GameTestServer
[16Apr2026 02:26:14.791] [main/DEBUG] [mixin/]: Mixing GameTestServerMixin from lionfishapi.mixins.json into net.minecraft.gametest.framework.GameTestServer
[16Apr2026 02:26:14.805] [main/DEBUG] [mixin/]: Mixing server.DedicatedServerMixin from lithostitched.mixins.json into net.minecraft.server.dedicated.DedicatedServer
[16Apr2026 02:26:14.806] [main/DEBUG] [mixin/]: Mixing DedicatedServerMixin from lionfishapi.mixins.json into net.minecraft.server.dedicated.DedicatedServer
[16Apr2026 02:26:14.832] [main/DEBUG] [io.netty.util.internal.logging.InternalLoggerFactory/]: Using SLF4J as the default logging framework
[16Apr2026 02:26:14.836] [main/DEBUG] [io.netty.util.ResourceLeakDetector/]: -Dio.netty.leakDetection.level: simple
[16Apr2026 02:26:14.836] [main/DEBUG] [io.netty.util.ResourceLeakDetector/]: -Dio.netty.leakDetection.targetRecords: 4
[16Apr2026 02:26:15.013] [main/DEBUG] [mixin/]: Mixing common.ResourceLocationMixin from platform-common.mixins.json into net.minecraft.resources.ResourceLocation
[16Apr2026 02:26:15.104] [main/DEBUG] [oshi.util.FileUtil/]: No oshi.properties file found from ClassLoader cpw.mods.modlauncher.TransformingClassLoader@22791b75
[16Apr2026 02:26:15.104] [main/DEBUG] [oshi.util.FileUtil/]: No oshi.properties file found from ClassLoader jdk.internal.loader.ClassLoaders$AppClassLoader@76ed5528
[16Apr2026 02:26:15.206] [main/DEBUG] [oshi.util.FileUtil/]: Reading file /proc/self/auxv
[16Apr2026 02:26:15.207] [main/DEBUG] [oshi.util.FileUtil/]: Reading file /proc/self/auxv
[16Apr2026 02:26:15.224] [main/DEBUG] [oshi.util.FileUtil/]: Reading file /proc/stat
[16Apr2026 02:26:15.271] [main/DEBUG] [oshi.util.FileUtil/]: Reading file /sys/devices/system/cpu/cpu0/topology/core_id
[16Apr2026 02:26:15.271] [main/DEBUG] [oshi.util.FileUtil/]: Reading file /sys/devices/system/cpu/cpu0/topology/core_id
[16Apr2026 02:26:15.272] [main/DEBUG] [oshi.util.FileUtil/]: Reading file /sys/devices/system/cpu/cpu0/topology/physical_package_id
[16Apr2026 02:26:15.272] [main/DEBUG] [oshi.util.FileUtil/]: Reading file /sys/devices/system/cpu/cpu0/topology/physical_package_id
[16Apr2026 02:26:15.272] [main/DEBUG] [oshi.util.FileUtil/]: Reading file /sys/devices/system/cpu/cpu0/cpu_capacity
[16Apr2026 02:26:15.274] [main/DEBUG] [oshi.util.FileUtil/]: Reading file /sys/devices/system/cpu/cpu1/topology/core_id
[16Apr2026 02:26:15.280] [main/DEBUG] [oshi.util.FileUtil/]: Reading file /sys/devices/system/cpu/cpu1/topology/core_id
[16Apr2026 02:26:15.283] [main/DEBUG] [oshi.util.FileUtil/]: Reading file /sys/devices/system/cpu/cpu1/topology/physical_package_id
[16Apr2026 02:26:15.283] [main/DEBUG] [oshi.util.FileUtil/]: Reading file /sys/devices/system/cpu/cpu1/topology/physical_package_id
[16Apr2026 02:26:15.283] [main/DEBUG] [oshi.util.FileUtil/]: Reading file /sys/devices/system/cpu/cpu1/cpu_capacity
[16Apr2026 02:26:15.284] [main/DEBUG] [oshi.util.FileUtil/]: Reading file /sys/devices/system/cpu/cpu2/topology/core_id
[16Apr2026 02:26:15.284] [main/DEBUG] [oshi.util.FileUtil/]: Reading file /sys/devices/system/cpu/cpu2/topology/core_id
[16Apr2026 02:26:15.284] [main/DEBUG] [oshi.util.FileUtil/]: Reading file /sys/devices/system/cpu/cpu2/topology/physical_package_id
[16Apr2026 02:26:15.284] [main/DEBUG] [oshi.util.FileUtil/]: Reading file /sys/devices/system/cpu/cpu2/topology/physical_package_id
[16Apr2026 02:26:15.284] [main/DEBUG] [oshi.util.FileUtil/]: Reading file /sys/devices/system/cpu/cpu2/cpu_capacity
[16Apr2026 02:26:15.285] [main/DEBUG] [oshi.util.FileUtil/]: Reading file /sys/devices/system/cpu/cpu3/topology/core_id
[16Apr2026 02:26:15.286] [main/DEBUG] [oshi.util.FileUtil/]: Reading file /sys/devices/system/cpu/cpu3/topology/core_id
[16Apr2026 02:26:15.286] [main/DEBUG] [oshi.util.FileUtil/]: Reading file /sys/devices/system/cpu/cpu3/topology/physical_package_id
[16Apr2026 02:26:15.286] [main/DEBUG] [oshi.util.FileUtil/]: Reading file /sys/devices/system/cpu/cpu3/topology/physical_package_id
[16Apr2026 02:26:15.286] [main/DEBUG] [oshi.util.FileUtil/]: Reading file /sys/devices/system/cpu/cpu3/cpu_capacity
[16Apr2026 02:26:15.294] [main/DEBUG] [oshi.util.FileUtil/]: Reading file /proc/cpuinfo
[16Apr2026 02:26:15.328] [main/DEBUG] [oshi.util.FileUtil/]: Reading file /proc/self/auxv
[16Apr2026 02:26:15.336] [main/DEBUG] [oshi.util.FileUtil/]: No oshi.architecture.properties file found from ClassLoader cpw.mods.modlauncher.TransformingClassLoader@22791b75
[16Apr2026 02:26:15.339] [main/DEBUG] [oshi.util.FileUtil/]: No oshi.architecture.properties file found from ClassLoader jdk.internal.loader.ClassLoaders$AppClassLoader@76ed5528
[16Apr2026 02:26:15.391] [main/DEBUG] [oshi.util.FileUtil/]: Reading file /proc/meminfo
[16Apr2026 02:26:15.394] [main/DEBUG] [oshi.util.FileUtil/]: Reading file /proc/meminfo
[16Apr2026 02:26:15.403] [main/DEBUG] [mixin/]: Mixing SuppressLogMixin from bettermineshafts.mixins.json into net.minecraft.Util
[16Apr2026 02:26:15.509] [main/DEBUG] [mixin/]: Mixing MixinBuiltInRegistries from terrablender.mixins.json into net.minecraft.core.registries.BuiltInRegistries
[16Apr2026 02:26:15.509] [main/DEBUG] [mixin/]: Renaming synthetic method lambda$registerSimple$0(Lnet/minecraft/core/registries/BuiltInRegistries$RegistryBootstrap;Lnet/minecraft/core/Registry;)Ljava/lang/Object; to md26f194$lambda$registerSimple$0$0 in terrablender.mixins.json:MixinBuiltInRegistries
[16Apr2026 02:26:15.534] [main/DEBUG] [mixin/]: Mixing common.MappedRegistryAccessor from lithostitched.mixins.json into net.minecraft.core.MappedRegistry
[16Apr2026 02:26:15.631] [main/DEBUG] [mixin/]: Mixing inject.MixinGameEvent from architectury-common.mixins.json into net.minecraft.world.level.gameevent.GameEvent
[16Apr2026 02:26:15.640] [main/DEBUG] [mixin/]: Mixing common.HolderReferenceAccessor from lithostitched.mixins.json into net.minecraft.core.Holder$Reference
[16Apr2026 02:26:15.656] [main/DEBUG] [mixin/]: Mixing accessor.ForgeRegistryForgeAccessor from puzzleslib.forge.mixins.json into net.minecraftforge.registries.ForgeRegistry
[16Apr2026 02:26:15.674] [main/DEBUG] [mixin/]: Mixing BlockMixin from apotheosis.mixins.json into net.minecraft.world.level.block.Block
[16Apr2026 02:26:15.687] [main/DEBUG] [mixin/]: Mixing BlockMixin from another_furniture-common.mixins.json into net.minecraft.world.level.block.Block
[16Apr2026 02:26:15.690] [main/DEBUG] [mixin/]: Mixing common.blocks.BlockMixin from vanillabackport.mixins.json into net.minecraft.world.level.block.Block
[16Apr2026 02:26:15.691] [main/DEBUG] [mixin/]: Mixing inject.MixinBlock from architectury-common.mixins.json into net.minecraft.world.level.block.Block
[16Apr2026 02:26:15.691] [main/DEBUG] [mixin/]: Mixing accessor.BlockAccessor from puzzleslib.common.mixins.json into net.minecraft.world.level.block.Block
[16Apr2026 02:26:15.747] [main/DEBUG] [mixin/]: Mixing BlockStateBaseMixin from ferritecore.blockstatecache.mixin.json into net.minecraft.world.level.block.state.BlockBehaviour$BlockStateBase
[16Apr2026 02:26:15.761] [main/DEBUG] [mixin/]: Mixing fluidcollision.BlockStateBaseMixin from expandability-common.mixins.json into net.minecraft.world.level.block.state.BlockBehaviour$BlockStateBase
[16Apr2026 02:26:15.801] [main/DEBUG] [mixin/]: Mixing FastMapStateHolderMixin from ferritecore.fastmap.mixin.json into net.minecraft.world.level.block.state.StateHolder
[16Apr2026 02:26:15.844] [main/DEBUG] [mixin/]: Mixing common.EntityMixin from aether.mixins.json into net.minecraft.world.entity.Entity
[16Apr2026 02:26:15.893] [main/DEBUG] [mixin/]: Mixing common.accessor.EntityAccessor from aether.mixins.json into net.minecraft.world.entity.Entity
[16Apr2026 02:26:15.895] [main/DEBUG] [mixin/]: Mixing item.umbrella.EntityMixin from mixins.artifacts.common.json into net.minecraft.world.entity.Entity
[16Apr2026 02:26:15.899] [main/DEBUG] [mixin/]: Mixing item.wearable.aquadashers.EntityMixin from mixins.artifacts.common.json into net.minecraft.world.entity.Entity
[16Apr2026 02:26:15.941] [main/DEBUG] [mixin/]: Mixing EntityMixin from relics.mixins.json into net.minecraft.world.entity.Entity
[16Apr2026 02:26:15.942] [main/DEBUG] [mixin/]: relics.mixins.json:EntityMixin: Class version 61 required is higher than the class version supported by the current version of Mixin (JAVA_8 supports class version 52)
[16Apr2026 02:26:16.000] [main/DEBUG] [mixin/]: Mixing EntityMixin from balm.mixins.json into net.minecraft.world.entity.Entity
[16Apr2026 02:26:16.010] [main/DEBUG] [mixin/]: Mixing EntityMixin from carryon.mixins.json into net.minecraft.world.entity.Entity
[16Apr2026 02:26:16.034] [main/DEBUG] [mixin/]: Mixing EntityMixin from supplementaries-common.mixins.json into net.minecraft.world.entity.Entity
[16Apr2026 02:26:16.038] [main/DEBUG] [mixin/]: Mixing access.EntityAccessor from vanillabackport.mixins.json into net.minecraft.world.entity.Entity
[16Apr2026 02:26:16.039] [main/DEBUG] [mixin/]: Mixing EntityMixin from lionfishapi.mixins.json into net.minecraft.world.entity.Entity
[16Apr2026 02:26:16.074] [main/DEBUG] [mixin/]: Mixing AccessorEntity from curios.mixins.json into net.minecraft.world.entity.Entity
[16Apr2026 02:26:16.076] [main/DEBUG] [mixin/]: Mixing EntityMixin from attributeslib.mixins.json into net.minecraft.world.entity.Entity
[16Apr2026 02:26:16.084] [main/DEBUG] [mixin/]: Mixing swimming.EntityMixin from expandability.mixins.json into net.minecraft.world.entity.Entity
[16Apr2026 02:26:16.094] [main/DEBUG] [mixin/]: Mixing swimming.EntityMixin from expandability-common.mixins.json into net.minecraft.world.entity.Entity
[16Apr2026 02:26:16.422] [main/DEBUG] [mixin/]: Mixing IForgeEntityMixin from attributeslib.mixins.json into net.minecraftforge.common.extensions.IForgeEntity
[16Apr2026 02:26:16.443] [main/DEBUG] [mixin/]: Mixing common.LivingEntityMixin from aether.mixins.json into net.minecraft.world.entity.LivingEntity
[16Apr2026 02:26:16.445] [main/DEBUG] [mixin/]: Mixing common.accessor.LivingEntityAccessor from aether.mixins.json into net.minecraft.world.entity.LivingEntity
[16Apr2026 02:26:16.445] [main/DEBUG] [mixin/]: Mixing LivingEntityMixin from citadel.mixins.json into net.minecraft.world.entity.LivingEntity
[16Apr2026 02:26:16.451] [main/DEBUG] [mixin/]: Mixing accessors.LivingEntityAccessor from mixins.artifacts.common.json into net.minecraft.world.entity.LivingEntity
[16Apr2026 02:26:16.452] [main/DEBUG] [mixin/]: Mixing item.hurtsound.LivingEntityMixin from mixins.artifacts.common.json into net.minecraft.world.entity.LivingEntity
[16Apr2026 02:26:16.455] [main/DEBUG] [mixin/]: Mixing item.wearable.chorustotem.LivingEntityMixin from mixins.artifacts.common.json into net.minecraft.world.entity.LivingEntity
[16Apr2026 02:26:16.478] [main/DEBUG] [mixin/]: Mixing item.wearable.snowshoes.LivingEntityMixin from mixins.artifacts.forge.json into net.minecraft.world.entity.LivingEntity
[16Apr2026 02:26:16.481] [main/DEBUG] [mixin/]: Mixing LivingEntityMixin from relics.mixins.json into net.minecraft.world.entity.LivingEntity
[16Apr2026 02:26:16.482] [main/DEBUG] [mixin/]: relics.mixins.json:LivingEntityMixin: Class version 61 required is higher than the class version supported by the current version of Mixin (JAVA_8 supports class version 52)
[16Apr2026 02:26:16.482] [main/DEBUG] [mixin/]: Renaming synthetic method lambda$onEffectRemoved$2(Lnet/minecraft/world/entity/LivingEntity;)Lnet/minecraft/world/entity/Entity; to md26f194$lambda$onEffectRemoved$2$0 in relics.mixins.json:LivingEntityMixin
[16Apr2026 02:26:16.483] [main/DEBUG] [mixin/]: Renaming synthetic method lambda$onEffectUpdated$1(Lnet/minecraft/world/entity/LivingEntity;)Lnet/minecraft/world/entity/Entity; to md26f194$lambda$onEffectUpdated$1$1 in relics.mixins.json:LivingEntityMixin
[16Apr2026 02:26:16.483] [main/DEBUG] [mixin/]: Renaming synthetic method lambda$onEffectAdded$0(Lnet/minecraft/world/entity/LivingEntity;)Lnet/minecraft/world/entity/Entity; to md26f194$lambda$onEffectAdded$0$2 in relics.mixins.json:LivingEntityMixin
[16Apr2026 02:26:16.489] [main/DEBUG] [net.minecraftforge.coremod.transformer.CoreModBaseTransformer/COREMOD]: Transforming net/minecraft/world/effect/MobEffectInstance
[16Apr2026 02:26:16.504] [main/DEBUG] [mixin/]: Mixing LivingEntityInvoker from apotheosis.mixins.json into net.minecraft.world.entity.LivingEntity
[16Apr2026 02:26:16.505] [main/DEBUG] [mixin/]: Mixing LivingEntityMixin from apotheosis.mixins.json into net.minecraft.world.entity.LivingEntity
[16Apr2026 02:26:16.526] [main/DEBUG] [mixin/]: Mixing MHFMixinLivingEntity from apotheosis.mixins.json into net.minecraft.world.entity.LivingEntity
[16Apr2026 02:26:16.537] [main/DEBUG] [mixin/]: Mixing PharaohKilledMixin from betterdeserttemples.mixins.json into net.minecraft.world.entity.LivingEntity
[16Apr2026 02:26:16.538] [main/DEBUG] [mixin/]: Renaming synthetic method lambda$betterdeserttemples_pharaohDie$0(Lnet/minecraft/server/level/ServerLevel;Lnet/minecraft/server/level/ServerPlayer;)V to md26f194$lambda$betterdeserttemples_pharaohDie$0$3 in betterdeserttemples.mixins.json:PharaohKilledMixin
[16Apr2026 02:26:16.574] [main/DEBUG] [mixin/]: Mixing MixinLivingEntity from immersive_armors.mixins.json into net.minecraft.world.entity.LivingEntity
[16Apr2026 02:26:16.587] [main/DEBUG] [mixin/]: Mixing LivingEntityAccessor from supplementaries-common.mixins.json into net.minecraft.world.entity.LivingEntity
[16Apr2026 02:26:16.588] [main/DEBUG] [mixin/]: Mixing LivingEntityMixin from supplementaries-common.mixins.json into net.minecraft.world.entity.LivingEntity
[16Apr2026 02:26:16.610] [main/DEBUG] [mixin/]: Mixing LivingEntityMixin from supplementaries.mixins.json into net.minecraft.world.entity.LivingEntity
[16Apr2026 02:26:16.613] [main/DEBUG] [mixin/]: Mixing common.LivingEntityMixin from endermanoverhaul-common.mixins.json into net.minecraft.world.entity.LivingEntity
[16Apr2026 02:26:16.614] [main/DEBUG] [mixin/]: Renaming synthetic method lambda$endermanoverhaul$hurt$0(Lnet/minecraft/world/InteractionHand;Lnet/minecraft/world/entity/player/Player;)V to md26f194$lambda$endermanoverhaul$hurt$0$4 in endermanoverhaul-common.mixins.json:common.LivingEntityMixin
[16Apr2026 02:26:16.635] [main/DEBUG] [mixin/]: Mixing access.LivingEntityAccessor from vanillabackport.mixins.json into net.minecraft.world.entity.LivingEntity
[16Apr2026 02:26:16.635] [main/DEBUG] [mixin/]: Mixing LivingEntityMixin from cataclysm.mixins.json into net.minecraft.world.entity.LivingEntity
[16Apr2026 02:26:16.651] [main/DEBUG] [mixin/]: Mixing MixinLivingEntity from curios.mixins.json into net.minecraft.world.entity.LivingEntity
[16Apr2026 02:26:16.653] [main/DEBUG] [mixin/]: Mixing LivingEntityMixin from attributeslib.mixins.json into net.minecraft.world.entity.LivingEntity
[16Apr2026 02:26:16.661] [main/DEBUG] [mixin/]: Mixing swimming.LivingEntityMixin from expandability.mixins.json into net.minecraft.world.entity.LivingEntity
[16Apr2026 02:26:16.664] [main/DEBUG] [mixin/]: Mixing swimming.LivingEntityMixin from expandability-common.mixins.json into net.minecraft.world.entity.LivingEntity
[16Apr2026 02:26:16.934] [main/DEBUG] [mixin/]: Mixing common.accessor.LevelAccessor from aether.mixins.json into net.minecraft.world.level.Level
[16Apr2026 02:26:16.935] [main/DEBUG] [mixin/]: Mixing LevelMixin from citadel.mixins.json into net.minecraft.world.level.Level
[16Apr2026 02:26:16.964] [main/DEBUG] [mixin/]: Mixing ServerWorldMixin from immersive_melodies.mixin.json into net.minecraft.server.level.ServerLevel
[16Apr2026 02:26:16.965] [main/DEBUG] [mixin/]: Renaming synthetic method lambda$immersiveMelodies$tick$0(Lnet/minecraft/world/entity/Entity;Lnet/minecraft/world/item/ItemStack;)V to md26f194$lambda$immersiveMelodies$tick$0$0 in immersive_melodies.mixin.json:ServerWorldMixin
[16Apr2026 02:26:16.971] [main/DEBUG] [mixin/]: Mixing common.accessor.ServerLevelAccessor from aether.mixins.json into net.minecraft.server.level.ServerLevel
[16Apr2026 02:26:16.972] [main/DEBUG] [mixin/]: Mixing ServerLevelMixin from citadel.mixins.json into net.minecraft.server.level.ServerLevel
[16Apr2026 02:26:16.974] [main/DEBUG] [mixin/]: Mixing MixinServerLevel from glitchcore.mixins.json into net.minecraft.server.level.ServerLevel
[16Apr2026 02:26:16.976] [main/DEBUG] [mixin/]: Mixing ServerLevelMixin from betterdeserttemples.mixins.json into net.minecraft.server.level.ServerLevel
[16Apr2026 02:26:16.977] [main/DEBUG] [mixin/]: Mixing ServerLevelMixin from supplementaries-common.mixins.json into net.minecraft.server.level.ServerLevel
[16Apr2026 02:26:16.979] [main/DEBUG] [mixin/]: Renaming synthetic method lambda$unluckyLightning$0(Lnet/minecraft/world/entity/LivingEntity;)Z to md26f194$lambda$unluckyLightning$0$1 in supplementaries-common.mixins.json:ServerLevelMixin
[16Apr2026 02:26:16.986] [main/DEBUG] [mixin/]: Mixing ServerLevelMixin from moonlight-common.mixins.json into net.minecraft.server.level.ServerLevel
[16Apr2026 02:26:16.987] [main/DEBUG] [mixin/]: Discarding sythetic bridge method synthetic in m_6325_ because existing method in moonlight-common.mixins.json:ServerLevelMixin is compatible
[16Apr2026 02:26:16.992] [main/DEBUG] [mixin/]: Mixing ServerLevelMixin from ksyxis.mixins.json into net.minecraft.server.level.ServerLevel
[16Apr2026 02:26:17.065] [main/DEBUG] [mixin/]: Mixing ItemMixin from cataclysm.mixins.json into net.minecraft.world.entity.item.ItemEntity
[16Apr2026 02:26:17.078] [main/DEBUG] [mixin/]: Mixing common.PlayerMixin from aether.mixins.json into net.minecraft.world.entity.player.Player
[16Apr2026 02:26:17.082] [main/DEBUG] [mixin/]: Mixing common.accessor.PlayerAccessor from aether.mixins.json into net.minecraft.world.entity.player.Player
[16Apr2026 02:26:17.083] [main/DEBUG] [mixin/]: Mixing PlayerMixin from mixins.travelersbackpack.json into net.minecraft.world.entity.player.Player
[16Apr2026 02:26:17.087] [main/DEBUG] [mixin/]: Mixing PlayerMixin from carryon.mixins.json into net.minecraft.world.entity.player.Player
[16Apr2026 02:26:17.089] [main/DEBUG] [mixin/]: Mixing PlayerMixin from supplementaries-common.mixins.json into net.minecraft.world.entity.player.Player
[16Apr2026 02:26:17.090] [main/DEBUG] [mixin/]: Mixing PlayerProjectileMixin from supplementaries.mixins.json into net.minecraft.world.entity.player.Player
[16Apr2026 02:26:17.092] [main/DEBUG] [mixin/]: Mixing PlayerMixin from attributeslib.mixins.json into net.minecraft.world.entity.player.Player
[16Apr2026 02:26:17.095] [main/DEBUG] [mixin/]: Mixing swimming.PlayerMixin from expandability-common.mixins.json into net.minecraft.world.entity.player.Player
[16Apr2026 02:26:17.174] [main/DEBUG] [mixin/]: Mixing inject.MixinFluid from architectury-common.mixins.json into net.minecraft.world.level.material.Fluid
[16Apr2026 02:26:17.184] [main/DEBUG] [mixin/]: Mixing common.ItemMixin from aether.mixins.json into net.minecraft.world.item.Item
[16Apr2026 02:26:17.196] [main/DEBUG] [mixin/]: Mixing ItemMixin from relics.mixins.json into net.minecraft.world.item.Item
[16Apr2026 02:26:17.198] [main/DEBUG] [mixin/]: relics.mixins.json:ItemMixin: Class version 61 required is higher than the class version supported by the current version of Mixin (JAVA_8 supports class version 52)
[16Apr2026 02:26:17.212] [main/DEBUG] [mixin/]: Mixing ItemMixin from apotheosis.mixins.json into net.minecraft.world.item.Item
[16Apr2026 02:26:17.214] [main/DEBUG] [mixin/]: Mixing ItemMixin from moonlight-common.mixins.json into net.minecraft.world.item.Item
[16Apr2026 02:26:17.218] [main/DEBUG] [mixin/]: Mixing access.ItemAccessor from platform.mixins.json into net.minecraft.world.item.Item
[16Apr2026 02:26:17.220] [main/DEBUG] [mixin/]: Mixing inject.MixinItem from architectury-common.mixins.json into net.minecraft.world.item.Item
[16Apr2026 02:26:17.253] [main/DEBUG] [mixin/]: Mixing IForgeItemMixin from attributeslib.mixins.json into net.minecraftforge.common.extensions.IForgeItem
[16Apr2026 02:26:17.262] [main/DEBUG] [net.minecraftforge.coremod.transformer.CoreModBaseTransformer/COREMOD]: Transforming net/minecraft/world/entity/EntityType
[16Apr2026 02:26:17.328] [main/DEBUG] [mixin/]: Mixing inject.MixinEntityType from architectury-common.mixins.json into net.minecraft.world.entity.EntityType
[16Apr2026 02:26:17.343] [main/DEBUG] [mixin/]: Mixing EnchantmentMixin from apotheosis.mixins.json into net.minecraft.world.item.enchantment.Enchantment
[16Apr2026 02:26:17.344] [main/DEBUG] [mixin/]: Renaming synthetic method lambda$apoth_modifyEnchColorForAboveMaxLevel$0(Lnet/minecraft/network/chat/Style;)Lnet/minecraft/network/chat/Style; to md26f194$lambda$apoth_modifyEnchColorForAboveMaxLevel$0$0 in apotheosis.mixins.json:EnchantmentMixin
[16Apr2026 02:26:17.355] [main/DEBUG] [mixin/]: Mixing common.BlockEntityTypeMixin from platform-common.mixins.json into net.minecraft.world.level.block.entity.BlockEntityType
[16Apr2026 02:26:17.375] [main/DEBUG] [mixin/]: Mixing AttributeMixin from attributeslib.mixins.json into net.minecraft.world.entity.ai.attributes.Attribute
[16Apr2026 02:26:17.388] [main/DEBUG] [mixin/]: Mixing MixinPoiTypes from lootr.mixins.json into net.minecraft.world.entity.ai.village.poi.PoiTypes
[16Apr2026 02:26:17.399] [main/DEBUG] [mixin/]: Mixing MixinPoiType from lootr.mixins.json into net.minecraft.world.entity.ai.village.poi.PoiType
[16Apr2026 02:26:17.400] [main/DEBUG] [mixin/]: Mixing PoiMixin from moonlight-common.mixins.json into net.minecraft.world.entity.ai.village.poi.PoiType
[16Apr2026 02:26:17.414] [main/DEBUG] [mixin/]: Mixing access.SensorTypeAccessor from platform-common.mixins.json into net.minecraft.world.entity.ai.sensing.SensorType
[16Apr2026 02:26:17.414] [main/DEBUG] [mixin/]: Renaming @Invoker method createSensorType(Ljava/util/function/Supplier;)Lnet/minecraft/world/entity/ai/sensing/SensorType; to createSensorType_$md$26f194$0 in platform-common.mixins.json:access.SensorTypeAccessor
[16Apr2026 02:26:17.421] [main/DEBUG] [mixin/]: Mixing access.ActivityAccessor from platform-common.mixins.json into net.minecraft.world.entity.schedule.Activity
[16Apr2026 02:26:17.421] [main/DEBUG] [mixin/]: Renaming @Invoker method createActivity(Ljava/lang/String;)Lnet/minecraft/world/entity/schedule/Activity; to createActivity_$md$26f194$0 in platform-common.mixins.json:access.ActivityAccessor
[16Apr2026 02:26:17.442] [main/DEBUG] [mixin/]: Mixing common.FeatureMixin from aether.mixins.json into net.minecraft.world.level.levelgen.feature.Feature
[16Apr2026 02:26:17.442] [main/DEBUG] [mixin/]: Renaming synthetic method lambda$isGrassOrDirt$0(Lnet/minecraft/world/level/block/state/BlockState;)Z to md26f194$lambda$isGrassOrDirt$0$0 in aether.mixins.json:common.FeatureMixin
[16Apr2026 02:26:17.442] [main/DEBUG] [mixin/]: Mixing KeepRichSoilGiantTreeMixin from farmersdelight.mixins.json into net.minecraft.world.level.levelgen.feature.Feature
[16Apr2026 02:26:17.443] [main/DEBUG] [mixin/]: Renaming synthetic method lambda$keepRichSoil$0(Lnet/minecraft/world/level/block/state/BlockState;)Z to md26f194$lambda$keepRichSoil$0$1 in farmersdelight.mixins.json:KeepRichSoilGiantTreeMixin
[16Apr2026 02:26:17.466] [main/DEBUG] [mixin/]: Mixing access.TreeDecoratorTypeAccessor from vanillabackport.mixins.json into net.minecraft.world.level.levelgen.feature.treedecorators.TreeDecoratorType
[16Apr2026 02:26:17.466] [main/DEBUG] [mixin/]: Renaming @Invoker method createTreeDecorator(Lcom/mojang/serialization/Codec;)Lnet/minecraft/world/level/levelgen/feature/treedecorators/TreeDecoratorType; to createTreeDecorator_$md$26f194$0 in vanillabackport.mixins.json:access.TreeDecoratorTypeAccessor
[16Apr2026 02:26:17.492] [main/DEBUG] [net.minecraftforge.coremod.transformer.CoreModBaseTransformer/COREMOD]: Transforming net/minecraft/world/item/CreativeModeTabs
[16Apr2026 02:26:17.666] [main/INFO] [net.minecraftforge.coremod.CoreMod.apotheosis/COREMODLOG]: Replaced 2 calls to Enchantment#getMaxLevel() in net/minecraft/world/item/CreativeModeTabs
[16Apr2026 02:26:17.680] [main/DEBUG] [mixin/]: Mixing common.accessor.FireBlockAccessor from aether.mixins.json into net.minecraft.world.level.block.FireBlock
[16Apr2026 02:26:17.681] [main/DEBUG] [mixin/]: Mixing FireBlockMixin from supplementaries-common.mixins.json into net.minecraft.world.level.block.FireBlock
[16Apr2026 02:26:17.685] [main/DEBUG] [mixin/]: Mixing FireBlockAccessor from supplementaries.mixins.json into net.minecraft.world.level.block.FireBlock
[16Apr2026 02:26:17.685] [main/DEBUG] [mixin/]: Mixing FireBlockMixin from moonlight.mixins.json into net.minecraft.world.level.block.FireBlock
[16Apr2026 02:26:17.690] [main/DEBUG] [mixin/]: Mixing FireBlockAccessor from another_furniture.mixins.json into net.minecraft.world.level.block.FireBlock
[16Apr2026 02:26:17.691] [main/DEBUG] [mixin/]: Mixing accessor.FireBlockForgeAccessor from puzzleslib.forge.mixins.json into net.minecraft.world.level.block.FireBlock
[16Apr2026 02:26:17.763] [main/DEBUG] [mixin/]: Mixing DiscreteVSAccess from ferritecore.blockstatecache.mixin.json into net.minecraft.world.phys.shapes.DiscreteVoxelShape
[16Apr2026 02:26:17.767] [main/DEBUG] [mixin/]: Mixing BitSetDVSAccess from ferritecore.blockstatecache.mixin.json into net.minecraft.world.phys.shapes.BitSetDiscreteVoxelShape
[16Apr2026 02:26:17.770] [main/DEBUG] [mixin/]: Mixing VoxelShapeAccess from ferritecore.blockstatecache.mixin.json into net.minecraft.world.phys.shapes.VoxelShape
[16Apr2026 02:26:17.773] [main/DEBUG] [mixin/]: Mixing ArrayVSAccess from ferritecore.blockstatecache.mixin.json into net.minecraft.world.phys.shapes.ArrayVoxelShape
[16Apr2026 02:26:17.775] [main/DEBUG] [mixin/]: Mixing SliceShapeAccess from ferritecore.blockstatecache.mixin.json into net.minecraft.world.phys.shapes.SliceShape
[16Apr2026 02:26:17.818] [main/DEBUG] [mixin/]: Mixing NoteBlockInstrumentMixin from cataclysm.mixins.json into net.minecraft.world.level.block.state.properties.NoteBlockInstrument
[16Apr2026 02:26:17.819] [main/DEBUG] [mixin/]: Renaming @Invoker method newInstrument(Ljava/lang/String;ILjava/lang/String;Lnet/minecraft/core/Holder;Lnet/minecraft/world/level/block/state/properties/NoteBlockInstrument$Type;)Lnet/minecraft/world/level/block/state/properties/NoteBlockInstrument; to newInstrument_$md$26f194$0 in cataclysm.mixins.json:NoteBlockInstrumentMixin
[16Apr2026 02:26:18.097] [main/DEBUG] [mixin/]: Mixing common.accessor.SpreadingSnowyDirtBlockAccessor from aether.mixins.json into net.minecraft.world.level.block.SpreadingSnowyDirtBlock
[16Apr2026 02:26:18.098] [main/DEBUG] [mixin/]: Renaming @Invoker method callCanBeGrass(Lnet/minecraft/world/level/block/state/BlockState;Lnet/minecraft/world/level/LevelReader;Lnet/minecraft/core/BlockPos;)Z to callCanBeGrass_$md$26f194$0 in aether.mixins.json:common.accessor.SpreadingSnowyDirtBlockAccessor
[16Apr2026 02:26:18.098] [main/DEBUG] [mixin/]: Renaming @Invoker method callCanPropagate(Lnet/minecraft/world/level/block/state/BlockState;Lnet/minecraft/world/level/LevelReader;Lnet/minecraft/core/BlockPos;)Z to callCanPropagate_$md$26f194$1 in aether.mixins.json:common.accessor.SpreadingSnowyDirtBlockAccessor
[16Apr2026 02:26:18.104] [main/DEBUG] [mixin/]: Mixing common.accessor.BushBlockAccessor from aether.mixins.json into net.minecraft.world.level.block.BushBlock
[16Apr2026 02:26:18.114] [main/DEBUG] [net.minecraftforge.coremod.transformer.CoreModBaseTransformer/COREMOD]: Transforming net/minecraft/world/level/block/LiquidBlock
[16Apr2026 02:26:18.115] [main/DEBUG] [mixin/]: Mixing inject.MixinLiquidBlock from architectury-common.mixins.json into net.minecraft.world.level.block.LiquidBlock
[16Apr2026 02:26:18.119] [main/DEBUG] [mixin/]: Mixing common.blocks.SandBlockMixin from vanillabackport.mixins.json into net.minecraft.world.level.block.SandBlock
[16Apr2026 02:26:18.141] [main/DEBUG] [mixin/]: Mixing CuttingBoardDispenserMixin from farmersdelight.mixins.json into net.minecraft.world.level.block.DispenserBlock
[16Apr2026 02:26:18.144] [main/DEBUG] [mixin/]: Mixing accessor.DispenserBlockAccessor from moonlight-common.mixins.json into net.minecraft.world.level.block.DispenserBlock
[16Apr2026 02:26:18.145] [main/DEBUG] [mixin/]: Renaming @Accessor method getDispenserRegistry()Ljava/util/Map; to getDispenserRegistry_$md$26f194$0 in moonlight-common.mixins.json:accessor.DispenserBlockAccessor
[16Apr2026 02:26:18.150] [main/DEBUG] [mixin/]: Mixing NoteBlockMixin from cataclysm.mixins.json into net.minecraft.world.level.block.NoteBlock
[16Apr2026 02:26:18.167] [main/DEBUG] [mixin/]: Mixing common.blocks.DeadBushBlockMixin from vanillabackport.mixins.json into net.minecraft.world.level.block.DeadBushBlock
[16Apr2026 02:26:18.194] [main/DEBUG] [net.minecraftforge.coremod.transformer.CoreModBaseTransformer/COREMOD]: Transforming net/minecraft/world/level/block/StairBlock
[16Apr2026 02:26:18.207] [main/DEBUG] [mixin/]: Mixing CropBlockMixin from balm.mixins.json into net.minecraft.world.level.block.CropBlock
[16Apr2026 02:26:18.211] [main/DEBUG] [mixin/]: Mixing KeepRichSoilUntrampledMixin from farmersdelight.mixins.json into net.minecraft.world.level.block.FarmBlock
[16Apr2026 02:26:18.249] [main/DEBUG] [mixin/]: Mixing common.blocks.CactusBlockMixin from vanillabackport.mixins.json into net.minecraft.world.level.block.CactusBlock
[16Apr2026 02:26:18.285] [main/DEBUG] [mixin/]: Mixing IronBarsBlockMixin from supplementaries-common.mixins.json into net.minecraft.world.level.block.IronBarsBlock
[16Apr2026 02:26:18.298] [main/DEBUG] [mixin/]: Mixing StemBlockMixin from balm.mixins.json into net.minecraft.world.level.block.StemBlock
[16Apr2026 02:26:18.330] [main/DEBUG] [net.minecraftforge.coremod.transformer.CoreModBaseTransformer/COREMOD]: Transforming net/minecraft/world/level/block/FlowerPotBlock
[16Apr2026 02:26:18.347] [main/DEBUG] [mixin/]: Mixing AnvilBlockMixin from placebo.mixins.json into net.minecraft.world.level.block.AnvilBlock
[16Apr2026 02:26:18.353] [main/DEBUG] [mixin/]: Mixing ComparatorBlockMixin from supplementaries-common.mixins.json into net.minecraft.world.level.block.ComparatorBlock
[16Apr2026 02:26:18.382] [main/DEBUG] [mixin/]: Mixing ObserverBlockMixin from supplementaries-common.mixins.json into net.minecraft.world.level.block.ObserverBlock
[16Apr2026 02:26:18.390] [main/DEBUG] [mixin/]: Mixing common.accessor.ConcretePowderBlockAccessor from aether.mixins.json into net.minecraft.world.level.block.ConcretePowderBlock
[16Apr2026 02:26:18.390] [main/DEBUG] [mixin/]: Renaming @Invoker method callShouldSolidify(Lnet/minecraft/world/level/BlockGetter;Lnet/minecraft/core/BlockPos;Lnet/minecraft/world/level/block/state/BlockState;)Z to callShouldSolidify_$md$26f194$0 in aether.mixins.json:common.accessor.ConcretePowderBlockAccessor
[16Apr2026 02:26:18.410] [main/DEBUG] [mixin/]: Mixing swimming.BubbleColumnBlockMixin from expandability-common.mixins.json into net.minecraft.world.level.block.BubbleColumnBlock
[16Apr2026 02:26:18.426] [main/DEBUG] [mixin/]: Mixing LanternBlockPlacementMixin from supplementaries-common.mixins.json into net.minecraft.world.level.block.LanternBlock
[16Apr2026 02:26:18.431] [main/DEBUG] [mixin/]: Mixing CampfireBlockMixin from supplementaries-common.mixins.json into net.minecraft.world.level.block.CampfireBlock
[16Apr2026 02:26:18.432] [main/DEBUG] [mixin/]: Mixing CampfireBaleMixin from farmersdelight.mixins.json into net.minecraft.world.level.block.CampfireBlock
[16Apr2026 02:26:18.452] [main/DEBUG] [mixin/]: Mixing CandleBlockMixin from apotheosis.mixins.json into net.minecraft.world.level.block.CandleBlock
[16Apr2026 02:26:18.462] [main/DEBUG] [mixin/]: Mixing PowderSnowBlockMixin from relics.mixins.json into net.minecraft.world.level.block.PowderSnowBlock
[16Apr2026 02:26:18.462] [main/DEBUG] [mixin/]: relics.mixins.json:PowderSnowBlockMixin: Class version 61 required is higher than the class version supported by the current version of Mixin (JAVA_8 supports class version 52)
[16Apr2026 02:26:18.463] [main/DEBUG] [mixin/]: Mixing MixinPowderSnowBlock from curios.mixins.json into net.minecraft.world.level.block.PowderSnowBlock
[16Apr2026 02:26:18.497] [main/DEBUG] [mixin/]: Mixing common.blocks.DecoratedPotBlockMixin from vanillabackport.mixins.json into net.minecraft.world.level.block.DecoratedPotBlock
[16Apr2026 02:26:18.635] [main/DEBUG] [mixin/]: Mixing FallingBlockEntityMixin from apotheosis.mixins.json into net.minecraft.world.entity.item.FallingBlockEntity
[16Apr2026 02:26:18.637] [main/DEBUG] [mixin/]: Mixing FallingBlockEntityMixin from supplementaries-common.mixins.json into net.minecraft.world.entity.item.FallingBlockEntity
[16Apr2026 02:26:18.637] [main/DEBUG] [mixin/]: Mixing MixinFallingBlockEntity from architectury.mixins.json into net.minecraft.world.entity.item.FallingBlockEntity
[16Apr2026 02:26:18.706] [main/DEBUG] [mixin/]: Mixing accessor.DispenserBlockEntityAccessor from moonlight-common.mixins.json into net.minecraft.world.level.block.entity.DispenserBlockEntity
[16Apr2026 02:26:18.709] [main/DEBUG] [mixin/]: Mixing MixinRandomizableContainerBlockEntity from lootr.mixins.json into net.minecraft.world.level.block.entity.RandomizableContainerBlockEntity
[16Apr2026 02:26:18.866] [main/DEBUG] [mixin/]: Mixing PistonBlockEntityMixin from moonlight-common.mixins.json into net.minecraft.world.level.block.piston.PistonMovingBlockEntity
[16Apr2026 02:26:18.918] [main/DEBUG] [mixin/]: Mixing KeepRichSoilTreeMixin from farmersdelight.mixins.json into net.minecraft.world.level.levelgen.feature.trunkplacers.TrunkPlacer
[16Apr2026 02:26:18.918] [main/DEBUG] [mixin/]: Renaming synthetic method lambda$cancelSetDirtIfRichSoil$0(Lnet/minecraft/world/level/block/state/BlockState;)Z to md26f194$lambda$cancelSetDirtIfRichSoil$0$0 in farmersdelight.mixins.json:KeepRichSoilTreeMixin
[16Apr2026 02:26:18.955] [main/DEBUG] [mixin/]: Mixing access.SimpleParticleTypeAccessor from platform-common.mixins.json into net.minecraft.core.particles.SimpleParticleType
[16Apr2026 02:26:18.956] [main/DEBUG] [mixin/]: Renaming @Invoker method createSimpleParticleType(Z)Lnet/minecraft/core/particles/SimpleParticleType; to createSimpleParticleType_$md$26f194$0 in platform-common.mixins.json:access.SimpleParticleTypeAccessor
[16Apr2026 02:26:19.056] [main/DEBUG] [mixin/]: Mixing common.accessor.AbstractContainerMenuAccessor from aether.mixins.json into net.minecraft.world.inventory.AbstractContainerMenu
[16Apr2026 02:26:19.058] [main/DEBUG] [mixin/]: Mixing AbstractContainerMenuInvoker from placebo.mixins.json into net.minecraft.world.inventory.AbstractContainerMenu
[16Apr2026 02:26:19.058] [main/DEBUG] [mixin/]: Mixing AbstractContainerMenuMixin from relics.mixins.json into net.minecraft.world.inventory.AbstractContainerMenu
[16Apr2026 02:26:19.058] [main/DEBUG] [mixin/]: relics.mixins.json:AbstractContainerMenuMixin: Class version 61 required is higher than the class version supported by the current version of Mixin (JAVA_8 supports class version 52)
[16Apr2026 02:26:19.062] [main/DEBUG] [mixin/]: Mixing accessor.AbstractContainerMenuAccessor from puzzleslib.common.mixins.json into net.minecraft.world.inventory.AbstractContainerMenu
[16Apr2026 02:26:19.075] [main/DEBUG] [mixin/]: Mixing common.accessor.AbstractFurnaceBlockEntityAccessor from aether.mixins.json into net.minecraft.world.level.block.entity.AbstractFurnaceBlockEntity
[16Apr2026 02:26:19.075] [main/DEBUG] [mixin/]: Renaming @Invoker method callGetTotalCookTime(Lnet/minecraft/world/level/Level;Lnet/minecraft/world/level/block/entity/AbstractFurnaceBlockEntity;)I to callGetTotalCookTime_$md$26f194$0 in aether.mixins.json:common.accessor.AbstractFurnaceBlockEntityAccessor
[16Apr2026 02:26:19.075] [main/DEBUG] [mixin/]: Mixing AbstractFurnaceBlockEntityAccessor from another_furniture.mixins.json into net.minecraft.world.level.block.entity.AbstractFurnaceBlockEntity
[16Apr2026 02:26:19.076] [main/DEBUG] [mixin/]: Renaming @Invoker method invokeAdd(Ljava/util/Map;Lnet/minecraft/tags/TagKey;I)V to invokeAdd_$md$26f194$1 in another_furniture.mixins.json:AbstractFurnaceBlockEntityAccessor
[16Apr2026 02:26:19.076] [main/DEBUG] [mixin/]: Renaming @Invoker method invokeNotFurnaceFuel(Lnet/minecraft/world/item/Item;)Z to invokeNotFurnaceFuel_$md$26f194$2 in another_furniture.mixins.json:AbstractFurnaceBlockEntityAccessor
[16Apr2026 02:26:19.127] [main/DEBUG] [mixin/]: Mixing common.AbstractArrowMixin from aether.mixins.json into net.minecraft.world.entity.projectile.AbstractArrow
[16Apr2026 02:26:19.127] [main/DEBUG] [mixin/]: Renaming synthetic method lambda$tick$0(Lcom/aetherteam/aether/capability/arrow/PhoenixArrow;)V to md26f194$lambda$tick$0$0 in aether.mixins.json:common.AbstractArrowMixin
[16Apr2026 02:26:19.129] [main/DEBUG] [mixin/]: Mixing PersistentTridentMixin from betteroceanmonuments.mixins.json into net.minecraft.world.entity.projectile.AbstractArrow
[16Apr2026 02:26:19.135] [main/DEBUG] [mixin/]: Mixing AbstractArrowMixin from supplementaries-common.mixins.json into net.minecraft.world.entity.projectile.AbstractArrow
[16Apr2026 02:26:19.150] [main/DEBUG] [mixin/]: Mixing accessor.ProjectileAccessor from betteroceanmonuments.mixins.json into net.minecraft.world.entity.projectile.Projectile
[16Apr2026 02:26:19.225] [main/DEBUG] [mixin/]: Mixing access.PathfinderMobAccessor from vanillabackport.mixins.json into net.minecraft.world.entity.PathfinderMob
[16Apr2026 02:26:19.227] [main/DEBUG] [mixin/]: Mixing leashable.common.entities.LeashBehaviorMixin from vanillabackport.mixins.json into net.minecraft.world.entity.PathfinderMob
[16Apr2026 02:26:19.248] [main/DEBUG] [mixin/]: Mixing common.MobMixin from aether.mixins.json into net.minecraft.world.entity.Mob
[16Apr2026 02:26:19.251] [main/DEBUG] [mixin/]: Renaming synthetic method lambda$equipItemIfPossible$0(Lnet/minecraft/world/item/ItemStack;Lnet/minecraft/world/entity/Mob;Lorg/spongepowered/asm/mixin/injection/callback/CallbackInfoReturnable;Lcom/aetherteam/aether/capability/accessory/MobAccessory;)V to md26f194$lambda$equipItemIfPossible$0$0 in aether.mixins.json:common.MobMixin
[16Apr2026 02:26:19.261] [main/DEBUG] [mixin/]: Mixing accessors.MobAccessor from mixins.artifacts.common.json into net.minecraft.world.entity.Mob
[16Apr2026 02:26:19.261] [main/DEBUG] [mixin/]: Mixing MobEntityMixin from immersive_armors.mixins.json into net.minecraft.world.entity.Mob
[16Apr2026 02:26:19.282] [main/DEBUG] [mixin/]: Mixing EntityMixin from moonlight-common.mixins.json into net.minecraft.world.entity.Mob
[16Apr2026 02:26:19.282] [main/DEBUG] [mixin/]: Mixing common.entities.MobMixin from vanillabackport.mixins.json into net.minecraft.world.entity.Mob
[16Apr2026 02:26:19.283] [main/DEBUG] [mixin/]: Mixing MobEntityMixin from immersive_melodies.mixin.json into net.minecraft.world.entity.Mob
[16Apr2026 02:26:19.323] [main/DEBUG] [mixin/]: Mixing common.IronGolemMixin from endermanoverhaul-common.mixins.json into net.minecraft.world.entity.animal.IronGolem
[16Apr2026 02:26:19.324] [main/DEBUG] [mixin/]: Mixing IronGolemMixin from creeperoverhaul-common.mixins.json into net.minecraft.world.entity.animal.IronGolem
[16Apr2026 02:26:19.428] [main/DEBUG] [net.minecraftforge.coremod.transformer.CoreModBaseTransformer/COREMOD]: Transforming net/minecraft/world/item/ItemStack
[16Apr2026 02:26:19.429] [main/DEBUG] [mixin/]: Mixing ItemStackMixin from apotheosis.mixins.json into net.minecraft.world.item.ItemStack
[16Apr2026 02:26:19.429] [main/DEBUG] [mixin/]: Renaming synthetic method lambda$swapDura$2(DD)D to md26f194$lambda$swapDura$2$0 in apotheosis.mixins.json:ItemStackMixin
[16Apr2026 02:26:19.430] [main/DEBUG] [mixin/]: Renaming synthetic method lambda$swapDura$1(Lnet/minecraft/server/level/ServerPlayer;Ldev/shadowsoffire/apotheosis/adventure/affix/AffixInstance;)D to md26f194$lambda$swapDura$1$1 in apotheosis.mixins.json:ItemStackMixin
[16Apr2026 02:26:19.430] [main/DEBUG] [mixin/]: Renaming synthetic method lambda$apoth_affixItemName$0(Ldev/shadowsoffire/placebo/reload/DynamicHolder;Lnet/minecraft/network/chat/Style;)Lnet/minecraft/network/chat/Style; to md26f194$lambda$apoth_affixItemName$0$2 in apotheosis.mixins.json:ItemStackMixin
[16Apr2026 02:26:19.454] [main/DEBUG] [mixin/]: Mixing ItemStackMixin from placebo.mixins.json into net.minecraft.world.item.ItemStack
[16Apr2026 02:26:19.455] [main/DEBUG] [mixin/]: Renaming synthetic method lambda$getOrCreate$0(Ljava/util/function/Function;Ljava/util/function/ToIntFunction;Lnet/minecraft/resources/ResourceLocation;)Ldev/shadowsoffire/placebo/util/CachedObject; to md26f194$lambda$getOrCreate$0$3 in placebo.mixins.json:ItemStackMixin
[16Apr2026 02:26:19.466] [main/DEBUG] [mixin/]: Mixing MixinItemStack from glitchcore.mixins.json into net.minecraft.world.item.ItemStack
[16Apr2026 02:26:19.467] [main/DEBUG] [mixin/]: Mixing ItemStackMixin from relics.mixins.json into net.minecraft.world.item.ItemStack
[16Apr2026 02:26:19.467] [main/DEBUG] [mixin/]: relics.mixins.json:ItemStackMixin: Class version 61 required is higher than the class version supported by the current version of Mixin (JAVA_8 supports class version 52)
[16Apr2026 02:26:19.469] [main/DEBUG] [mixin/]: Mixing ItemStackMixin from attributeslib.mixins.json into net.minecraft.world.item.ItemStack
[16Apr2026 02:26:19.505] [main/DEBUG] [net.minecraftforge.coremod.transformer.CoreModBaseTransformer/COREMOD]: Transforming getEnchantmentLevel with desc (Lnet/minecraft/world/item/enchantment/Enchantment;)I
[16Apr2026 02:26:19.505] [main/INFO] [net.minecraftforge.coremod.CoreMod.placebo/COREMODLOG]: Patching IForgeItemStack#getEnchantmentLevel
[16Apr2026 02:26:19.506] [main/DEBUG] [net.minecraftforge.coremod.transformer.CoreModBaseTransformer/COREMOD]: Transforming getAllEnchantments with desc ()Ljava/util/Map;
[16Apr2026 02:26:19.506] [main/INFO] [net.minecraftforge.coremod.CoreMod.placebo/COREMODLOG]: Patching IForgeItemStack#getEnchantmentLevel
[16Apr2026 02:26:19.507] [main/DEBUG] [mixin/]: Mixing IForgeItemStackMixin from apotheosis.mixins.json into net.minecraftforge.common.extensions.IForgeItemStack
[16Apr2026 02:26:19.622] [main/DEBUG] [mixin/]: Mixing SkullBlockEntityMixin from skinrestorer.mixins.json into net.minecraft.world.level.block.entity.SkullBlockEntity
[16Apr2026 02:26:19.647] [main/DEBUG] [net.minecraftforge.coremod.transformer.CoreModBaseTransformer/COREMOD]: Transforming net/minecraft/world/inventory/AnvilMenu
[16Apr2026 02:26:19.695] [main/INFO] [net.minecraftforge.coremod.CoreMod.apotheosis/COREMODLOG]: Replaced 2 calls to Enchantment#getMaxLevel() in net/minecraft/world/inventory/AnvilMenu
[16Apr2026 02:26:19.696] [main/DEBUG] [mixin/]: Mixing AnvilMenuMixin from apotheosis.mixins.json into net.minecraft.world.inventory.AnvilMenu
[16Apr2026 02:26:19.821] [main/DEBUG] [mixin/]: Mixing common.TheEndGatewayBlockEntityMixin from endermanoverhaul-common.mixins.json into net.minecraft.world.level.block.entity.TheEndGatewayBlockEntity
[16Apr2026 02:26:19.837] [main/DEBUG] [mixin/]: Mixing ShulkerBoxBlockEntityMixin from supplementaries-common.mixins.json into net.minecraft.world.level.block.entity.ShulkerBoxBlockEntity
[16Apr2026 02:26:20.091] [main/DEBUG] [mixin/]: Mixing LoomMenuMixin from supplementaries-common.mixins.json into net.minecraft.world.inventory.LoomMenu
[16Apr2026 02:26:20.103] [main/DEBUG] [mixin/]: Mixing CartographyTableMixin from supplementaries-common.mixins.json into net.minecraft.world.inventory.CartographyTableMenu
[16Apr2026 02:26:20.111] [main/DEBUG] [mixin/]: Mixing GrindstoneMenuMixin from supplementaries-common.mixins.json into net.minecraft.world.inventory.GrindstoneMenu
[16Apr2026 02:26:20.112] [main/DEBUG] [mixin/]: Mixing GrindstoneMenuMixin from moonlight-common.mixins.json into net.minecraft.world.inventory.GrindstoneMenu
[16Apr2026 02:26:20.120] [main/DEBUG] [mixin/]: Mixing SmithingMenuMixin from citadel.mixins.json into net.minecraft.world.inventory.SmithingMenu
[16Apr2026 02:26:20.121] [main/DEBUG] [mixin/]: Mixing SmithingMenuMixin from apotheosis.mixins.json into net.minecraft.world.inventory.SmithingMenu
[16Apr2026 02:26:20.237] [main/DEBUG] [mixin/]: Mixing LightningEntityMixin from moonlight-common.mixins.json into net.minecraft.world.entity.LightningBolt
[16Apr2026 02:26:20.238] [main/DEBUG] [mixin/]: Mixing MixinLightningBolt from architectury-common.mixins.json into net.minecraft.world.entity.LightningBolt
[16Apr2026 02:26:20.300] [main/DEBUG] [net.minecraftforge.coremod.transformer.CoreModBaseTransformer/COREMOD]: Transforming net/minecraft/world/entity/animal/frog/Tadpole
[16Apr2026 02:26:20.322] [main/DEBUG] [mixin/]: Mixing common.blocks.entities.DecoratedPotBlockEntityMixin from vanillabackport.mixins.json into net.minecraft.world.level.block.entity.DecoratedPotBlockEntity
[16Apr2026 02:26:20.325] [main/DEBUG] [mixin/]: Mixing common.blocks.entities.DecoratedPotBlockEntityMixin from vanillabackport.forge.mixins.json into net.minecraft.world.level.block.entity.DecoratedPotBlockEntity
[16Apr2026 02:26:20.343] [main/DEBUG] [mixin/]: Mixing BlockItemMixin from moonlight-common.mixins.json into net.minecraft.world.item.BlockItem
[16Apr2026 02:26:20.344] [main/DEBUG] [mixin/]: Mixing accessor.BlockItemAccessor from puzzleslib.common.mixins.json into net.minecraft.world.item.BlockItem
[16Apr2026 02:26:20.358] [main/DEBUG] [mixin/]: Mixing BowMixin from supplementaries-common.mixins.json into net.minecraft.world.item.BowItem
[16Apr2026 02:26:20.358] [main/DEBUG] [mixin/]: Renaming synthetic method lambda$getAllSupportedProjectiles$0(Ljava/util/function/Predicate;Lnet/minecraft/world/item/ItemStack;)Z to md26f194$lambda$getAllSupportedProjectiles$0$0 in supplementaries-common.mixins.json:BowMixin
[16Apr2026 02:26:20.361] [main/DEBUG] [mixin/]: Mixing ProjectileWeaponItemMixin from supplementaries-common.mixins.json into net.minecraft.world.item.ProjectileWeaponItem
[16Apr2026 02:26:20.367] [main/DEBUG] [mixin/]: Mixing ArrowItemMixin from apotheosis.mixins.json into net.minecraft.world.item.ArrowItem
[16Apr2026 02:26:20.375] [main/DEBUG] [mixin/]: Mixing common.accessor.HoeItemAccessor from aether.mixins.json into net.minecraft.world.item.HoeItem
[16Apr2026 02:26:20.376] [main/DEBUG] [mixin/]: Renaming @Accessor method aether$getTillables()Ljava/util/Map; to aether$getTillables_$md$26f194$0 in aether.mixins.json:common.accessor.HoeItemAccessor
[16Apr2026 02:26:20.378] [main/DEBUG] [mixin/]: Mixing SoupItemMixin from farmersdelight.mixins.json into net.minecraft.world.item.BowlFoodItem
[16Apr2026 02:26:20.383] [main/DEBUG] [mixin/]: Mixing PaintingItemMixin from supplementaries-common.mixins.json into net.minecraft.world.item.HangingEntityItem
[16Apr2026 02:26:20.389] [main/DEBUG] [net.minecraftforge.coremod.transformer.CoreModBaseTransformer/COREMOD]: Transforming net/minecraft/world/item/BucketItem
[16Apr2026 02:26:20.390] [main/DEBUG] [mixin/]: Mixing inject.MixinBucketItem from architectury-common.mixins.json into net.minecraft.world.item.BucketItem
[16Apr2026 02:26:20.394] [main/DEBUG] [mixin/]: Mixing MobBucketItemAccessor from supplementaries.mixins.json into net.minecraft.world.item.MobBucketItem
[16Apr2026 02:26:20.399] [main/DEBUG] [mixin/]: Mixing common.items.BundleItemMixin from vanillabackport.mixins.json into net.minecraft.world.item.BundleItem
[16Apr2026 02:26:20.413] [main/DEBUG] [mixin/]: Mixing item.wearable.anglershat.FishingRodItemMixin from mixins.artifacts.common.json into net.minecraft.world.item.FishingRodItem
[16Apr2026 02:26:20.416] [main/DEBUG] [mixin/]: Mixing InkSackMixin from supplementaries-common.mixins.json into net.minecraft.world.item.InkSacItem
[16Apr2026 02:26:20.423] [main/DEBUG] [mixin/]: Mixing MapItemMixin from supplementaries-common.mixins.json into net.minecraft.world.item.MapItem
[16Apr2026 02:26:20.427] [main/DEBUG] [mixin/]: Renaming synthetic method lambda$updateCustomColor$3(Lorg/joml/Vector2i;)D to md26f194$lambda$updateCustomColor$3$0 in supplementaries-common.mixins.json:MapItemMixin
[16Apr2026 02:26:20.427] [main/DEBUG] [mixin/]: Renaming synthetic method lambda$updateCustomColor$2(Lorg/joml/Vector2i;)D to md26f194$lambda$updateCustomColor$2$1 in supplementaries-common.mixins.json:MapItemMixin
[16Apr2026 02:26:20.428] [main/DEBUG] [mixin/]: Renaming synthetic method lambda$removeXrayAndAddAccurateColor$1(Lnet/minecraft/core/BlockPos;Lorg/joml/Vector2i;)Lcom/mojang/datafixers/util/Pair; to md26f194$lambda$removeXrayAndAddAccurateColor$1$2 in supplementaries-common.mixins.json:MapItemMixin
[16Apr2026 02:26:20.428] [main/DEBUG] [mixin/]: Renaming synthetic method lambda$removeXrayAndAddAccurateColor$0(Lorg/joml/Vector2i;)Ljava/util/List; to md26f194$lambda$removeXrayAndAddAccurateColor$0$3 in supplementaries-common.mixins.json:MapItemMixin
[16Apr2026 02:26:20.439] [main/DEBUG] [mixin/]: Mixing MapItemMixin from moonlight-common.mixins.json into net.minecraft.world.item.MapItem
[16Apr2026 02:26:20.441] [main/DEBUG] [mixin/]: Renaming synthetic method lambda$update$1(Lnet/minecraft/world/level/saveddata/maps/MapItemSavedData;Lnet/minecraft/world/entity/Entity;Ljava/util/concurrent/atomic/AtomicBoolean;Lnet/minecraft/resources/ResourceLocation;Lnet/mehvahdjukaar/moonlight/api/map/CustomMapData;)V to md26f194$lambda$update$1$4 in moonlight-common.mixins.json:MapItemMixin
[16Apr2026 02:26:20.442] [main/DEBUG] [mixin/]: Renaming synthetic method lambda$appendHoverText$0(Lnet/minecraft/world/level/saveddata/maps/MapItemSavedData;Lnet/minecraft/world/item/ItemStack;Ljava/util/List;Lnet/minecraft/resources/ResourceLocation;Lnet/mehvahdjukaar/moonlight/api/map/CustomMapData;)V to md26f194$lambda$appendHoverText$0$5 in moonlight-common.mixins.json:MapItemMixin
[16Apr2026 02:26:20.462] [main/DEBUG] [mixin/]: Mixing ShearsItemMixin from apotheosis.mixins.json into net.minecraft.world.item.ShearsItem
[16Apr2026 02:26:20.464] [main/DEBUG] [mixin/]: Mixing ShearItemMixin from moonlight-common.mixins.json into net.minecraft.world.item.ShearsItem
[16Apr2026 02:26:20.465] [main/DEBUG] [mixin/]: Mixing common.ShearsItemMixin from platform-common.mixins.json into net.minecraft.world.item.ShearsItem
[16Apr2026 02:26:20.467] [main/DEBUG] [mixin/]: Mixing MixinShearsItem from curios.mixins.json into net.minecraft.world.item.ShearsItem
[16Apr2026 02:26:20.482] [main/DEBUG] [mixin/]: Mixing leashable.common.item.FireworkRocketItemMixin from vanillabackport.mixins.json into net.minecraft.world.item.FireworkRocketItem
[16Apr2026 02:26:20.486] [main/DEBUG] [net.minecraftforge.coremod.transformer.CoreModBaseTransformer/COREMOD]: Transforming net/minecraft/world/item/EnchantedBookItem
[16Apr2026 02:26:20.508] [main/DEBUG] [mixin/]: Mixing TridentItemMixin from apotheosis.mixins.json into net.minecraft.world.item.TridentItem
[16Apr2026 02:26:20.511] [main/DEBUG] [mixin/]: Mixing CrossbowItemMixin from apotheosis.mixins.json into net.minecraft.world.item.CrossbowItem
[16Apr2026 02:26:20.512] [main/DEBUG] [mixin/]: Mixing CrossbowItemRopeMixin from supplementaries-common.mixins.json into net.minecraft.world.item.CrossbowItem
[16Apr2026 02:26:20.522] [main/DEBUG] [mixin/]: Mixing BannerPatternItemMixin from supplementaries-common.mixins.json into net.minecraft.world.item.BannerPatternItem
[16Apr2026 02:26:20.528] [main/DEBUG] [mixin/]: Mixing BrushItemMixin from supplementaries-common.mixins.json into net.minecraft.world.item.BrushItem
[16Apr2026 02:26:20.543] [main/DEBUG] [mixin/]: Mixing inject.MixinItemProperties from architectury-common.mixins.json into net.minecraft.world.item.Item$Properties
[16Apr2026 02:26:20.576] [main/DEBUG] [mixin/]: Mixing AllayEntityMixin from immersive_melodies.mixin.json into net.minecraft.world.entity.animal.allay.Allay
[16Apr2026 02:26:20.602] [main/DEBUG] [mixin/]: Mixing MixinServerPlayer from xaerolib.mixins.json into net.minecraft.server.level.ServerPlayer
[16Apr2026 02:26:20.603] [main/DEBUG] [mixin/]: Mixing MixinServerPlayer from xaeroworldmap.mixins.json into net.minecraft.server.level.ServerPlayer
[16Apr2026 02:26:20.605] [main/DEBUG] [mixin/]: Mixing ServerPlayerEntityTickMixin from yungsapi.mixins.json into net.minecraft.server.level.ServerPlayer
[16Apr2026 02:26:20.606] [main/DEBUG] [mixin/]: Mixing MixinServerPlayer from glitchcore.forge.mixins.json into net.minecraft.server.level.ServerPlayer
[16Apr2026 02:26:20.607] [main/DEBUG] [mixin/]: Mixing ServerPlayerTickMixin from betterdeserttemples.mixins.json into net.minecraft.server.level.ServerPlayer
[16Apr2026 02:26:20.610] [main/DEBUG] [mixin/]: Mixing ServerPlayerMixin from moonlight-common.mixins.json into net.minecraft.server.level.ServerPlayer
[16Apr2026 02:26:20.610] [main/DEBUG] [mixin/]: Mixing MixinServerPlayer from xaerohud.mixins.json into net.minecraft.server.level.ServerPlayer
[16Apr2026 02:26:21.648] [main/DEBUG] [mixin/]: Mixing common.ArmorStandMixin from aether.mixins.json into net.minecraft.world.entity.decoration.ArmorStand
[16Apr2026 02:26:21.673] [main/DEBUG] [mixin/]: Mixing common.entities.BatMixin from vanillabackport.mixins.json into net.minecraft.world.entity.ambient.Bat
[16Apr2026 02:26:21.681] [main/DEBUG] [mixin/]: Mixing common.accessor.BeeAccessor from aether.mixins.json into net.minecraft.world.entity.animal.Bee
[16Apr2026 02:26:21.689] [main/DEBUG] [mixin/]: Mixing TemptGoalMixin from apotheosis.mixins.json into net.minecraft.world.entity.ai.goal.TemptGoal
[16Apr2026 02:26:21.694] [main/DEBUG] [mixin/]: Mixing BeeGoalMixin from moonlight-common.mixins.json into net.minecraft.world.entity.animal.Bee$BeeGrowCropGoal
[16Apr2026 02:26:21.700] [main/DEBUG] [mixin/]: Mixing MixinFollowTargetGoal from immersive_armors.mixins.json into net.minecraft.world.entity.ai.goal.target.NearestAttackableTargetGoal
[16Apr2026 02:26:21.702] [main/DEBUG] [mixin/]: Mixing NearestAttackableTargetGoalMixin from attributeslib.mixins.json into net.minecraft.world.entity.ai.goal.target.NearestAttackableTargetGoal
[16Apr2026 02:26:21.711] [main/DEBUG] [mixin/]: Mixing common.accessor.LookAtPlayerGoalAccessor from aether.mixins.json into net.minecraft.world.entity.ai.goal.LookAtPlayerGoal
[16Apr2026 02:26:21.718] [main/DEBUG] [mixin/]: Mixing common.accessor.BoatAccessor from aether.mixins.json into net.minecraft.world.entity.vehicle.Boat
[16Apr2026 02:26:21.718] [main/DEBUG] [mixin/]: Mixing leashable.common.entities.BoatMixin from vanillabackport.mixins.json into net.minecraft.world.entity.vehicle.Boat
[16Apr2026 02:26:21.745] [main/DEBUG] [mixin/]: Mixing AbstractHorseMixin from supplementaries-common.mixins.json into net.minecraft.world.entity.animal.horse.AbstractHorse
[16Apr2026 02:26:21.767] [main/DEBUG] [mixin/]: Mixing common.entities.CatMixin from vanillabackport.mixins.json into net.minecraft.world.entity.animal.Cat
[16Apr2026 02:26:21.780] [main/DEBUG] [mixin/]: Mixing common.entities.TamableAnimalMixin from vanillabackport.mixins.json into net.minecraft.world.entity.TamableAnimal
[16Apr2026 02:26:21.788] [main/DEBUG] [mixin/]: Mixing CatSitOnBlockGoalMixin from supplementaries-common.mixins.json into net.minecraft.world.entity.ai.goal.CatSitOnBlockGoal
[16Apr2026 02:26:21.789] [main/DEBUG] [mixin/]: Mixing MixinCatSitOnBlockGoal from lootr.mixins.json into net.minecraft.world.entity.ai.goal.CatSitOnBlockGoal
[16Apr2026 02:26:21.799] [main/DEBUG] [net.minecraftforge.coremod.transformer.CoreModBaseTransformer/COREMOD]: Transforming net/minecraft/world/entity/monster/Spider
[16Apr2026 02:26:21.824] [main/DEBUG] [mixin/]: Mixing SkeletonMixin from supplementaries-common.mixins.json into net.minecraft.world.entity.monster.Skeleton
[16Apr2026 02:26:21.837] [main/DEBUG] [mixin/]: Mixing AbstractSkeletonMixin from supplementaries-common.mixins.json into net.minecraft.world.entity.monster.AbstractSkeleton
[16Apr2026 02:26:21.884] [main/DEBUG] [mixin/]: Mixing common.entities.ChickenMixin from vanillabackport.mixins.json into net.minecraft.world.entity.animal.Chicken
[16Apr2026 02:26:21.885] [main/DEBUG] [mixin/]: Renaming synthetic method lambda$vb$modifyEggDrop$0(Lnet/minecraft/server/level/ServerLevel;Lnet/minecraft/world/item/ItemStack;)V to md26f194$lambda$vb$modifyEggDrop$0$0 in vanillabackport.mixins.json:common.entities.ChickenMixin
[16Apr2026 02:26:21.908] [main/DEBUG] [mixin/]: Mixing common.entities.CowMixin from vanillabackport.mixins.json into net.minecraft.world.entity.animal.Cow
[16Apr2026 02:26:21.921] [main/DEBUG] [mixin/]: Mixing CreeperMixin from supplementaries-common.mixins.json into net.minecraft.world.entity.monster.Creeper
[16Apr2026 02:26:21.942] [main/DEBUG] [mixin/]: Mixing AbstractChestedHorseMixin from relics.mixins.json into net.minecraft.world.entity.animal.horse.AbstractChestedHorse
[16Apr2026 02:26:21.942] [main/DEBUG] [mixin/]: relics.mixins.json:AbstractChestedHorseMixin: Class version 61 required is higher than the class version supported by the current version of Mixin (JAVA_8 supports class version 52)
[16Apr2026 02:26:21.952] [main/DEBUG] [net.minecraftforge.coremod.transformer.CoreModBaseTransformer/COREMOD]: Transforming net/minecraft/world/entity/monster/Zombie
[16Apr2026 02:26:22.026] [main/DEBUG] [net.minecraftforge.coremod.transformer.CoreModBaseTransformer/COREMOD]: Transforming net/minecraft/world/entity/monster/ZombieVillager
[16Apr2026 02:26:22.078] [main/DEBUG] [mixin/]: Mixing ThrownTridentMixin from apotheosis.mixins.json into net.minecraft.world.entity.projectile.ThrownTrident
[16Apr2026 02:26:22.083] [main/DEBUG] [mixin/]: Mixing ThrownTridentMixin from attributeslib.mixins.json into net.minecraft.world.entity.projectile.ThrownTrident
[16Apr2026 02:26:22.089] [main/DEBUG] [mixin/]: Mixing common.entities.projectile.ThrownEggMixin from vanillabackport.mixins.json into net.minecraft.world.entity.projectile.ThrownEgg
[16Apr2026 02:26:22.090] [main/DEBUG] [mixin/]: Renaming synthetic method lambda$setChickenVariant$0(Lnet/minecraft/world/entity/animal/Chicken;Lcom/blackgear/vanillabackport/common/level/entities/animal/ChickenVariant;)V to md26f194$lambda$setChickenVariant$0$0 in vanillabackport.mixins.json:common.entities.projectile.ThrownEggMixin
[16Apr2026 02:26:22.094] [main/DEBUG] [mixin/]: Mixing common.entities.projectile.ThrowableItemProjectileMixin from vanillabackport.mixins.json into net.minecraft.world.entity.projectile.ThrowableItemProjectile
[16Apr2026 02:26:22.117] [main/DEBUG] [mixin/]: Mixing EnderManMixin from relics.mixins.json into net.minecraft.world.entity.monster.EnderMan
[16Apr2026 02:26:22.117] [main/DEBUG] [mixin/]: relics.mixins.json:EnderManMixin: Class version 61 required is higher than the class version supported by the current version of Mixin (JAVA_8 supports class version 52)
[16Apr2026 02:26:22.118] [main/DEBUG] [mixin/]: Mixing EndermanMixin from supplementaries-common.mixins.json into net.minecraft.world.entity.monster.EnderMan
[16Apr2026 02:26:22.119] [main/DEBUG] [mixin/]: Mixing common.EnderManMixin from endermanoverhaul-common.mixins.json into net.minecraft.world.entity.monster.EnderMan
[16Apr2026 02:26:22.129] [main/DEBUG] [mixin/]: Mixing EvokerMixin from supplementaries-common.mixins.json into net.minecraft.world.entity.monster.Evoker
[16Apr2026 02:26:22.143] [main/DEBUG] [net.minecraftforge.coremod.transformer.CoreModBaseTransformer/COREMOD]: Transforming net/minecraft/world/entity/monster/Evoker$EvokerSummonSpellGoal
[16Apr2026 02:26:22.154] [main/DEBUG] [mixin/]: Mixing FixBlockPlaceContextMixin from moonlight-common.mixins.json into net.minecraft.world.item.context.BlockPlaceContext
[16Apr2026 02:26:22.176] [main/DEBUG] [mixin/]: Mixing common.entities.FrogMixin from vanillabackport.mixins.json into net.minecraft.world.entity.animal.frog.Frog
[16Apr2026 02:26:22.235] [main/DEBUG] [mixin/]: Mixing DefendVillageGoalGolemMixin from guardvillagers.mixins.json into net.minecraft.world.entity.ai.goal.target.DefendVillageTargetGoal
[16Apr2026 02:26:22.238] [main/WARN] [mixin/]: @Final field f_26027_:Lnet/minecraft/world/entity/ai/targeting/TargetingConditions; in guardvillagers.mixins.json:DefendVillageGoalGolemMixin should be final
[16Apr2026 02:26:22.254] [main/DEBUG] [mixin/]: Mixing SlimeMixin from apotheosis.mixins.json into net.minecraft.world.entity.monster.Slime
[16Apr2026 02:26:22.255] [main/DEBUG] [mixin/]: Mixing SlimeMixin from supplementaries-common.mixins.json into net.minecraft.world.entity.monster.Slime
[16Apr2026 02:26:22.284] [main/DEBUG] [mixin/]: Mixing ParrotEntityMixin from immersive_melodies.mixin.json into net.minecraft.world.entity.animal.Parrot
[16Apr2026 02:26:22.301] [main/DEBUG] [mixin/]: Mixing common.entities.PigMixin from vanillabackport.mixins.json into net.minecraft.world.entity.animal.Pig
[16Apr2026 02:26:22.307] [main/DEBUG] [mixin/]: Mixing common.accessor.ZombifiedPiglinAccessor from aether.mixins.json into net.minecraft.world.entity.monster.ZombifiedPiglin
[16Apr2026 02:26:22.308] [main/DEBUG] [net.minecraftforge.coremod.transformer.CoreModBaseTransformer/COREMOD]: Transforming net/minecraft/world/entity/monster/Zombie
[16Apr2026 02:26:22.363] [main/DEBUG] [mixin/]: Mixing PillagerEntityMixin from immersive_melodies.mixin.json into net.minecraft.world.entity.monster.Pillager
[16Apr2026 02:26:22.373] [main/DEBUG] [mixin/]: Mixing ThrownPotionMixin from moonlight-common.mixins.json into net.minecraft.world.entity.projectile.ThrownPotion
[16Apr2026 02:26:22.379] [main/DEBUG] [mixin/]: Mixing RabbitsEatCabbageMixin from farmersdelight.mixins.json into net.minecraft.world.entity.animal.Rabbit
[16Apr2026 02:26:22.392] [main/DEBUG] [mixin/]: Mixing SheepMixin from apotheosis.mixins.json into net.minecraft.world.entity.animal.Sheep
[16Apr2026 02:26:22.394] [main/DEBUG] [mixin/]: Mixing common.entities.SheepMixin from vanillabackport.mixins.json into net.minecraft.world.entity.animal.Sheep
[16Apr2026 02:26:22.416] [main/DEBUG] [mixin/]: Mixing SkellyHorseMixin from supplementaries-common.mixins.json into net.minecraft.world.entity.animal.horse.SkeletonHorse
[16Apr2026 02:26:22.417] [main/DEBUG] [mixin/]: Renaming synthetic method lambda$tick$0(Ljava/lang/Integer;)V to md26f194$lambda$tick$0$0 in supplementaries-common.mixins.json:SkellyHorseMixin
[16Apr2026 02:26:22.430] [main/DEBUG] [net.minecraftforge.coremod.transformer.CoreModBaseTransformer/COREMOD]: Transforming net/minecraft/world/entity/animal/horse/SkeletonTrapGoal
[16Apr2026 02:26:22.447] [main/DEBUG] [mixin/]: Mixing common.accessor.BaseSpawnerAccessor from aether.mixins.json into net.minecraft.world.level.BaseSpawner
[16Apr2026 02:26:22.455] [main/DEBUG] [mixin/]: Mixing StrayMixin from supplementaries-common.mixins.json into net.minecraft.world.entity.monster.Stray
[16Apr2026 02:26:22.465] [main/DEBUG] [net.minecraftforge.coremod.transformer.CoreModBaseTransformer/COREMOD]: Transforming net/minecraft/world/entity/monster/Strider
[16Apr2026 02:26:22.501] [main/DEBUG] [mixin/]: Mixing FriendlyByteBufMixin from supplementaries.mixins.json into net.minecraft.network.FriendlyByteBuf
[16Apr2026 02:26:22.567] [main/DEBUG] [mixin/]: Mixing common.accessor.ChunkAccessAccessor from aether.mixins.json into net.minecraft.world.level.chunk.ChunkAccess
[16Apr2026 02:26:22.572] [main/DEBUG] [mixin/]: Mixing LevelChunkMixin from moonlight-common.mixins.json into net.minecraft.world.level.chunk.LevelChunk
[16Apr2026 02:26:22.573] [main/DEBUG] [mixin/]: Mixing MixinLevelChunk from lootr.mixins.json into net.minecraft.world.level.chunk.LevelChunk
[16Apr2026 02:26:22.604] [main/DEBUG] [net.minecraftforge.coremod.transformer.CoreModBaseTransformer/COREMOD]: Transforming net/minecraft/world/entity/npc/Villager
[16Apr2026 02:26:22.660] [main/DEBUG] [mixin/]: Mixing item.wearable.villagerhat.VillagerMixin from mixins.artifacts.common.json into net.minecraft.world.entity.npc.Villager
[16Apr2026 02:26:22.662] [main/DEBUG] [mixin/]: Mixing VillagerMixin from guardvillagers.mixins.json into net.minecraft.world.entity.npc.Villager
[16Apr2026 02:26:22.664] [main/DEBUG] [mixin/]: Mixing VillagerMixin from moonlight-common.mixins.json into net.minecraft.world.entity.npc.Villager
[16Apr2026 02:26:22.690] [main/DEBUG] [mixin/]: Mixing WanderingTraderMixin from supplementaries-common.mixins.json into net.minecraft.world.entity.npc.WanderingTrader
[16Apr2026 02:26:22.707] [main/DEBUG] [mixin/]: Mixing common.entities.WolfMixin from vanillabackport.mixins.json into net.minecraft.world.entity.animal.Wolf
[16Apr2026 02:26:22.709] [main/DEBUG] [mixin/]: Renaming synthetic method lambda$hurtArmor$1(Lnet/minecraft/world/entity/animal/Wolf;)V to md26f194$lambda$hurtArmor$1$0 in vanillabackport.mixins.json:common.entities.WolfMixin
[16Apr2026 02:26:22.710] [main/DEBUG] [mixin/]: Renaming synthetic method lambda$actuallyHurt$0(Lnet/minecraft/world/entity/animal/Wolf;)V to md26f194$lambda$actuallyHurt$0$1 in vanillabackport.mixins.json:common.entities.WolfMixin
[16Apr2026 02:26:22.734] [main/DEBUG] [mixin/]: Mixing ZombieHorseMixin from supplementaries-common.mixins.json into net.minecraft.world.entity.animal.horse.ZombieHorse
[16Apr2026 02:26:22.755] [main/DEBUG] [net.minecraftforge.coremod.transformer.CoreModBaseTransformer/COREMOD]: Transforming m_37145_ with desc (Lnet/minecraft/core/BlockPos;)V
[16Apr2026 02:26:22.778] [main/INFO] [net.minecraftforge.coremod.CoreMod.apotheosis/COREMODLOG]: Patching FishingHook#catchingFish
[16Apr2026 02:26:22.806] [main/DEBUG] [mixin/]: Mixing inject.MixinFoodPropertiesBuilder from architectury-common.mixins.json into net.minecraft.world.food.FoodProperties$Builder
[16Apr2026 02:26:22.809] [main/DEBUG] [net.minecraftforge.coremod.transformer.CoreModBaseTransformer/COREMOD]: Transforming net/minecraft/world/effect/MobEffectInstance
[16Apr2026 02:26:22.856] [main/DEBUG] [mixin/]: Mixing common.accessor.ServerGamePacketListenerImplAccessor from aether.mixins.json into net.minecraft.server.network.ServerGamePacketListenerImpl
[16Apr2026 02:26:22.856] [main/DEBUG] [mixin/]: Mixing item.umbrella.server.ServerGamePacketListenerImplMixin from mixins.artifacts.common.json into net.minecraft.server.network.ServerGamePacketListenerImpl
[16Apr2026 02:26:22.857] [main/DEBUG] [mixin/]: Mixing ServerGamePacketListenerMixin from supplementaries-common.mixins.json into net.minecraft.server.network.ServerGamePacketListenerImpl
[16Apr2026 02:26:22.857] [main/DEBUG] [mixin/]: Renaming synthetic method lambda$addAntiqueInk$0(Ljava/util/function/UnaryOperator;Ljava/lang/String;)Ljava/lang/String; to md26f194$lambda$addAntiqueInk$0$0 in supplementaries-common.mixins.json:ServerGamePacketListenerMixin
[16Apr2026 02:26:22.859] [main/DEBUG] [mixin/]: Mixing common.ServerGamePacketListenerImplMixin from vanillabackport.mixins.json into net.minecraft.server.network.ServerGamePacketListenerImpl
[16Apr2026 02:26:22.862] [main/DEBUG] [mixin/]: Mixing MixinServerGamePacketListenerImpl from lootr.mixins.json into net.minecraft.server.network.ServerGamePacketListenerImpl
[16Apr2026 02:26:22.863] [main/DEBUG] [mixin/]: Mixing swimming.server.ServerGamePacketListenerImplMixin from expandability-common.mixins.json into net.minecraft.server.network.ServerGamePacketListenerImpl
[16Apr2026 02:26:22.892] [main/DEBUG] [mixin/]: Mixing accessor.PotionBrewingAccessor from yungsapi.mixins.json into net.minecraft.world.item.alchemy.PotionBrewing
[16Apr2026 02:26:22.892] [main/DEBUG] [mixin/]: Renaming @Invoker method callAddMix(Lnet/minecraft/world/item/alchemy/Potion;Lnet/minecraft/world/item/Item;Lnet/minecraft/world/item/alchemy/Potion;)V to callAddMix_$md$26f194$0 in yungsapi.mixins.json:accessor.PotionBrewingAccessor
[16Apr2026 02:26:22.892] [main/DEBUG] [mixin/]: Mixing accessor.PotionBrewingForgeAccessor from puzzleslib.forge.mixins.json into net.minecraft.world.item.alchemy.PotionBrewing
[16Apr2026 02:26:22.893] [main/DEBUG] [mixin/]: Renaming @Accessor method puzzleslib$getPotionMixes()Ljava/util/List; to puzzleslib$getPotionMixes_$md$26f194$1 in puzzleslib.forge.mixins.json:accessor.PotionBrewingForgeAccessor
[16Apr2026 02:26:22.893] [main/DEBUG] [mixin/]: Renaming @Accessor method puzzleslib$getContainerMixes()Ljava/util/List; to puzzleslib$getContainerMixes_$md$26f194$2 in puzzleslib.forge.mixins.json:accessor.PotionBrewingForgeAccessor
[16Apr2026 02:26:22.893] [main/DEBUG] [mixin/]: Renaming @Accessor method puzzleslib$getAllowedContainers()Ljava/util/List; to puzzleslib$getAllowedContainers_$md$26f194$3 in puzzleslib.forge.mixins.json:accessor.PotionBrewingForgeAccessor
[16Apr2026 02:26:22.927] [main/DEBUG] [mixin/]: Mixing AbstractProjectileBehaviorAccessor from supplementaries-common.mixins.json into net.minecraft.core.dispenser.AbstractProjectileDispenseBehavior
[16Apr2026 02:26:22.997] [main/DEBUG] [mixin/]: Mixing accessor.StructureProcessorAccessor from betteroceanmonuments.mixins.json into net.minecraft.world.level.levelgen.structure.templatesystem.StructureProcessor
[16Apr2026 02:26:22.997] [main/DEBUG] [mixin/]: Mixing accessor.StructureProcessorAccessor from betterdeserttemples.mixins.json into net.minecraft.world.level.levelgen.structure.templatesystem.StructureProcessor
[16Apr2026 02:26:22.997] [main/DEBUG] [mixin/]: Mixing accessor.StructureProcessorAccessor from cataclysm.mixins.json into net.minecraft.world.level.levelgen.structure.templatesystem.StructureProcessor
[16Apr2026 02:26:22.998] [main/DEBUG] [mixin/]: Mixing structures.StructureProcessorAccessor from moogs_structures-common.mixins.json into net.minecraft.world.level.levelgen.structure.templatesystem.StructureProcessor
[16Apr2026 02:26:22.998] [main/DEBUG] [mixin/]: Mixing accessor.StructureProcessorAccessor from betterjungletemples.mixins.json into net.minecraft.world.level.levelgen.structure.templatesystem.StructureProcessor
[16Apr2026 02:26:22.998] [main/DEBUG] [mixin/]: Unexpected: Registered method callGetType()Lnet/minecraft/world/level/levelgen/structure/templatesystem/StructureProcessorType; in net.minecraft.world.level.levelgen.structure.templatesystem.StructureProcessor was not merged
[16Apr2026 02:26:22.998] [main/DEBUG] [mixin/]: Unexpected: Registered method callGetType()Lnet/minecraft/world/level/levelgen/structure/templatesystem/StructureProcessorType; in net.minecraft.world.level.levelgen.structure.templatesystem.StructureProcessor was not merged
[16Apr2026 02:26:22.998] [main/DEBUG] [mixin/]: Unexpected: Registered method callGetType()Lnet/minecraft/world/level/levelgen/structure/templatesystem/StructureProcessorType; in net.minecraft.world.level.levelgen.structure.templatesystem.StructureProcessor was not merged
[16Apr2026 02:26:22.998] [main/DEBUG] [mixin/]: Unexpected: Registered method callGetType()Lnet/minecraft/world/level/levelgen/structure/templatesystem/StructureProcessorType; in net.minecraft.world.level.levelgen.structure.templatesystem.StructureProcessor was not merged
[16Apr2026 02:26:23.033] [main/DEBUG] [mixin/]: Mixing structures.StructureTemplateManagerAccessor from moogs_structures-common.mixins.json into net.minecraft.world.level.levelgen.structure.templatesystem.StructureTemplateManager
[16Apr2026 02:26:23.040] [main/DEBUG] [mixin/]: Mixing DisableVanillaMonumentsMixin from betteroceanmonuments.mixins.json into net.minecraft.world.level.chunk.ChunkGenerator
[16Apr2026 02:26:23.042] [main/DEBUG] [net.minecraftforge.coremod.transformer.CoreModBaseTransformer/COREMOD]: Transforming net/minecraft/world/level/levelgen/structure/Structure
[16Apr2026 02:26:23.048] [main/DEBUG] [mixin/]: Mixing ChunkGeneratorMixin from citadel.mixins.json into net.minecraft.world.level.chunk.ChunkGenerator
[16Apr2026 02:26:23.050] [main/DEBUG] [mixin/]: Mixing DisableVanillaPyramidsMixin from betterdeserttemples.mixins.json into net.minecraft.world.level.chunk.ChunkGenerator
[16Apr2026 02:26:23.051] [main/DEBUG] [mixin/]: Mixing DisableVanillaMineshaftsMixin from bettermineshafts.mixins.json into net.minecraft.world.level.chunk.ChunkGenerator
[16Apr2026 02:26:23.052] [main/DEBUG] [mixin/]: Mixing DisableVanillaJungleTempleMixin from betterjungletemples.mixins.json into net.minecraft.world.level.chunk.ChunkGenerator
[16Apr2026 02:26:23.093] [main/DEBUG] [mixin/]: Mixing MixinInventory from curios.mixins.json into net.minecraft.world.entity.player.Inventory
[16Apr2026 02:26:23.094] [main/DEBUG] [mixin/]: Mixing InventoryMixin from carryon.mixins.json into net.minecraft.world.entity.player.Inventory
[16Apr2026 02:26:23.095] [main/DEBUG] [mixin/]: Mixing InventoryMixin from moonlight-common.mixins.json into net.minecraft.world.entity.player.Inventory
[16Apr2026 02:26:23.107] [main/DEBUG] [mixin/]: Mixing accessor.SimpleContainerAccessor from puzzleslib.common.mixins.json into net.minecraft.world.SimpleContainer
[16Apr2026 02:26:23.110] [main/DEBUG] [mixin/]: Mixing SlotAccessor from balm.mixins.json into net.minecraft.world.inventory.Slot
[16Apr2026 02:26:23.119] [main/DEBUG] [mixin/]: Mixing GrindstoneInputSlotMixin from supplementaries-common.mixins.json into net.minecraft.world.inventory.GrindstoneMenu$2
[16Apr2026 02:26:23.122] [main/DEBUG] [mixin/]: Mixing GrindstoneTestSlotMixin from supplementaries-common.mixins.json into net.minecraft.world.inventory.GrindstoneMenu$4
[16Apr2026 02:26:23.123] [main/DEBUG] [mixin/]: Mixing GrindstoneMenuSlotMixin from moonlight-common.mixins.json into net.minecraft.world.inventory.GrindstoneMenu$4
[16Apr2026 02:26:23.126] [main/DEBUG] [mixin/]: Mixing LoomInputSlotMixin from supplementaries-common.mixins.json into net.minecraft.world.inventory.LoomMenu$3
[16Apr2026 02:26:23.133] [main/DEBUG] [mixin/]: Mixing CartographyTableInputSlotMixin from supplementaries-common.mixins.json into net.minecraft.world.inventory.CartographyTableMenu$4
[16Apr2026 02:26:23.144] [main/DEBUG] [mixin/]: Mixing MapExtendingRecipeMixin from moonlight-common.mixins.json into net.minecraft.world.item.crafting.MapExtendingRecipe
[16Apr2026 02:26:23.291] [main/DEBUG] [net.minecraftforge.coremod.transformer.CoreModBaseTransformer/COREMOD]: Transforming net/minecraft/world/level/storage/loot/functions/EnchantRandomlyFunction
[16Apr2026 02:26:23.343] [main/INFO] [net.minecraftforge.coremod.CoreMod.apotheosis/COREMODLOG]: Replaced 1 calls to Enchantment#getMaxLevel() in net/minecraft/world/level/storage/loot/functions/EnchantRandomlyFunction
[16Apr2026 02:26:23.343] [main/INFO] [net.minecraftforge.coremod.CoreMod.apotheosis/COREMODLOG]: Replaced 1 calls to Enchantment#isDiscoverable() in net/minecraft/world/level/storage/loot/functions/EnchantRandomlyFunction
[16Apr2026 02:26:23.360] [main/DEBUG] [mixin/]: Mixing ExplorationMapSerializerMixin from supplementaries-common.mixins.json into net.minecraft.world.level.storage.loot.functions.ExplorationMapFunction$Serializer
[16Apr2026 02:26:23.368] [main/DEBUG] [mixin/]: Mixing ExplorationMapFunctionMixin from supplementaries-common.mixins.json into net.minecraft.world.level.storage.loot.functions.ExplorationMapFunction
[16Apr2026 02:26:23.387] [main/DEBUG] [mixin/]: Mixing MixinApplyBonusCount from curios.mixins.json into net.minecraft.world.level.storage.loot.functions.ApplyBonusCount
[16Apr2026 02:26:23.448] [main/DEBUG] [mixin/]: Mixing common.DimensionTypeMixin from aether.mixins.json into net.minecraft.world.level.dimension.DimensionType
[16Apr2026 02:26:23.531] [main/DEBUG] [mixin/]: Mixing NoVinesInTemplesMixin from betterjungletemples.mixins.json into net.minecraft.world.level.levelgen.feature.VinesFeature
[16Apr2026 02:26:23.539] [main/DEBUG] [mixin/]: Mixing NoMultifaceGrowthFeatureInStructuresMixin from cataclysm.mixins.json into net.minecraft.world.level.levelgen.feature.MultifaceGrowthFeature
[16Apr2026 02:26:23.545] [main/DEBUG] [mixin/]: Mixing NoMagmaInStructuresMixin from betteroceanmonuments.mixins.json into net.minecraft.world.level.levelgen.feature.UnderwaterMagmaFeature
[16Apr2026 02:26:23.547] [main/DEBUG] [mixin/]: Mixing NoMagmaBlockInStructuresMixin from cataclysm.mixins.json into net.minecraft.world.level.levelgen.feature.UnderwaterMagmaFeature
[16Apr2026 02:26:23.555] [main/DEBUG] [mixin/]: Mixing NoLakesInStructuresMixin from cataclysm.mixins.json into net.minecraft.world.level.levelgen.feature.LakeFeature
[16Apr2026 02:26:23.559] [main/DEBUG] [mixin/]: Mixing NoOreInStructuresMixin from cataclysm.mixins.json into net.minecraft.world.level.levelgen.feature.OreFeature
[16Apr2026 02:26:23.568] [main/DEBUG] [mixin/]: Mixing common.worldgen.feature.SimpleBlockFeatureMixin from vanillabackport.mixins.json into net.minecraft.world.level.levelgen.feature.SimpleBlockFeature
[16Apr2026 02:26:23.578] [main/DEBUG] [mixin/]: Mixing NoBasaltColumnsInStructuresMixin from cataclysm.mixins.json into net.minecraft.world.level.levelgen.feature.BasaltColumnsFeature
[16Apr2026 02:26:23.581] [main/DEBUG] [mixin/]: Mixing NoDeltasInStructuresMixin from cataclysm.mixins.json into net.minecraft.world.level.levelgen.feature.DeltaFeature
[16Apr2026 02:26:23.589] [main/DEBUG] [mixin/]: Mixing NoGeodeInStructuresMixin from cataclysm.mixins.json into net.minecraft.world.level.levelgen.feature.GeodeFeature
[16Apr2026 02:26:23.608] [main/DEBUG] [mixin/]: Mixing common.PlacedFeatureAccessor from lithostitched.mixins.json into net.minecraft.world.level.levelgen.placement.PlacedFeature
[16Apr2026 02:26:23.624] [main/DEBUG] [mixin/]: Mixing common.StructureProcessorListAccessor from lithostitched.mixins.json into net.minecraft.world.level.levelgen.structure.templatesystem.StructureProcessorList
[16Apr2026 02:26:23.721] [main/DEBUG] [mixin/]: Mixing common.StructureSetAccessor from lithostitched.mixins.json into net.minecraft.world.level.levelgen.structure.StructureSet
[16Apr2026 02:26:23.724] [main/DEBUG] [net.minecraftforge.coremod.transformer.CoreModBaseTransformer/COREMOD]: Transforming net/minecraft/world/level/levelgen/structure/Structure
[16Apr2026 02:26:23.734] [main/DEBUG] [mixin/]: Mixing structures.StructurePieceAccessor from moogs_structures-common.mixins.json into net.minecraft.world.level.levelgen.structure.StructurePiece
[16Apr2026 02:26:23.737] [main/DEBUG] [mixin/]: Mixing MineshaftCorridorMixin from supplementaries-common.mixins.json into net.minecraft.world.level.levelgen.structure.structures.MineshaftPieces$MineShaftCorridor
[16Apr2026 02:26:23.769] [main/DEBUG] [mixin/]: Mixing StrongholdCrossingSconceMixin from supplementaries-common.mixins.json into net.minecraft.world.level.levelgen.structure.structures.StrongholdPieces$FiveCrossing
[16Apr2026 02:26:23.777] [main/DEBUG] [mixin/]: Mixing StrongholdRoomSconceMixin from supplementaries-common.mixins.json into net.minecraft.world.level.levelgen.structure.structures.StrongholdPieces$RoomCrossing
[16Apr2026 02:26:23.787] [main/DEBUG] [net.minecraftforge.coremod.transformer.CoreModBaseTransformer/COREMOD]: Transforming net/minecraft/world/level/levelgen/structure/structures/OceanRuinPieces$OceanRuinPiece
[16Apr2026 02:26:23.805] [main/DEBUG] [net.minecraftforge.coremod.transformer.CoreModBaseTransformer/COREMOD]: Transforming net/minecraft/world/level/levelgen/structure/structures/SwampHutPiece
[16Apr2026 02:26:23.820] [main/DEBUG] [net.minecraftforge.coremod.transformer.CoreModBaseTransformer/COREMOD]: Transforming net/minecraft/world/level/levelgen/structure/structures/OceanMonumentPieces$OceanMonumentPiece
[16Apr2026 02:26:23.841] [main/DEBUG] [mixin/]: Mixing MixinEndCityPieces$EndCityPiece from lootr.mixins.json into net.minecraft.world.level.levelgen.structure.structures.EndCityPieces$EndCityPiece
[16Apr2026 02:26:23.847] [main/DEBUG] [net.minecraftforge.coremod.transformer.CoreModBaseTransformer/COREMOD]: Transforming net/minecraft/world/level/levelgen/structure/structures/WoodlandMansionPieces$WoodlandMansionPiece
[16Apr2026 02:26:23.857] [main/DEBUG] [mixin/]: Mixing common.ShipwreckPieceMixin from lithostitched.mixins.json into net.minecraft.world.level.levelgen.structure.structures.ShipwreckPieces$ShipwreckPiece
[16Apr2026 02:26:23.863] [main/DEBUG] [mixin/]: Mixing common.worldgen.structure.NetherFossilPieceMixin from vanillabackport.mixins.json into net.minecraft.world.level.levelgen.structure.structures.NetherFossilPieces$NetherFossilPiece
[16Apr2026 02:26:23.868] [main/DEBUG] [mixin/]: Mixing structures.PoolElementStructurePieceAccessor from moogs_structures-common.mixins.json into net.minecraft.world.level.levelgen.structure.PoolElementStructurePiece
[16Apr2026 02:26:23.889] [main/DEBUG] [mixin/]: Mixing common.JigsawStructureMixin from lithostitched.mixins.json into net.minecraft.world.level.levelgen.structure.structures.JigsawStructure
[16Apr2026 02:26:23.896] [main/DEBUG] [mixin/]: Mixing common.StructureTemplatePoolAccessor from lithostitched.mixins.json into net.minecraft.world.level.levelgen.structure.pools.StructureTemplatePool
[16Apr2026 02:26:23.896] [main/DEBUG] [mixin/]: Mixing common.StructureTemplatePoolMixin from lithostitched.mixins.json into net.minecraft.world.level.levelgen.structure.pools.StructureTemplatePool
[16Apr2026 02:26:23.897] [main/DEBUG] [mixin/]: Renaming synthetic method lambda$compileRawTemplates$0(Lcom/mojang/datafixers/util/Pair;)V to md26f194$lambda$compileRawTemplates$0$0 in lithostitched.mixins.json:common.StructureTemplatePoolMixin
[16Apr2026 02:26:23.898] [main/DEBUG] [mixin/]: Mixing StructureTemplatePoolAccessor from waystones.mixins.json into net.minecraft.world.level.levelgen.structure.pools.StructureTemplatePool
[16Apr2026 02:26:23.898] [main/DEBUG] [mixin/]: Mixing accessor.StructureTemplatePoolAccessor from yungsapi.mixins.json into net.minecraft.world.level.levelgen.structure.pools.StructureTemplatePool
[16Apr2026 02:26:23.898] [main/DEBUG] [mixin/]: Mixing IncreaseStructureWeightLimitMixinForge from yungsapi_forge.mixins.json into net.minecraft.world.level.levelgen.structure.pools.StructureTemplatePool
[16Apr2026 02:26:23.898] [main/DEBUG] [mixin/]: Mixing accessor.StructureTemplatePoolAccessor from cataclysm.mixins.json into net.minecraft.world.level.levelgen.structure.pools.StructureTemplatePool
[16Apr2026 02:26:23.898] [main/DEBUG] [mixin/]: Mixing structures.StructurePoolAccessor from moogs_structures-common.mixins.json into net.minecraft.world.level.levelgen.structure.pools.StructureTemplatePool
[16Apr2026 02:26:23.898] [main/DEBUG] [mixin/]: Renaming @Accessor method getCODEC_REFERENCE()Lorg/apache/commons/lang3/mutable/MutableObject; to getCODEC_REFERENCE_$md$26f194$1 in moogs_structures-common.mixins.json:structures.StructurePoolAccessor
[16Apr2026 02:26:23.900] [main/DEBUG] [mixin/]: Unexpected: Registered method getRawTemplates()Ljava/util/List; in net.minecraft.world.level.levelgen.structure.pools.StructureTemplatePool was not merged
[16Apr2026 02:26:23.900] [main/DEBUG] [mixin/]: Unexpected: Registered method getRawTemplates()Ljava/util/List; in net.minecraft.world.level.levelgen.structure.pools.StructureTemplatePool was not merged
[16Apr2026 02:26:23.900] [main/DEBUG] [mixin/]: Unexpected: Registered method setRawTemplates(Ljava/util/List;)V in net.minecraft.world.level.levelgen.structure.pools.StructureTemplatePool was not merged
[16Apr2026 02:26:23.900] [main/DEBUG] [mixin/]: Unexpected: Registered method getRawTemplates()Ljava/util/List; in net.minecraft.world.level.levelgen.structure.pools.StructureTemplatePool was not merged
[16Apr2026 02:26:24.004] [main/DEBUG] [mixin/]: Mixing MixinBiomeSource from terrablender.mixins.json into net.minecraft.world.level.biome.BiomeSource
[16Apr2026 02:26:24.004] [main/DEBUG] [mixin/]: Renaming synthetic method lambda$appendDeferredBiomesList$0(Lcom/google/common/collect/ImmutableList;)Ljava/util/Set; to md26f194$lambda$appendDeferredBiomesList$0$0 in terrablender.mixins.json:MixinBiomeSource
[16Apr2026 02:26:24.017] [main/DEBUG] [net.minecraftforge.coremod.transformer.CoreModBaseTransformer/COREMOD]: Transforming net/minecraft/world/level/biome/Biome
[16Apr2026 02:26:24.018] [main/DEBUG] [mixin/]: Mixing access.BiomeAccessor from vanillabackport.mixins.json into net.minecraft.world.level.biome.Biome
[16Apr2026 02:26:24.052] [main/DEBUG] [mixin/]: Mixing accessor.MobSpawnSettingsBuilderForgeAccessor from puzzleslib.forge.mixins.json into net.minecraft.world.level.biome.MobSpawnSettings$Builder
[16Apr2026 02:26:24.067] [main/DEBUG] [mixin/]: Mixing MixinMultiNoiseBiomeSource from terrablender.mixins.json into net.minecraft.world.level.biome.MultiNoiseBiomeSource
[16Apr2026 02:26:24.069] [main/DEBUG] [mixin/]: Mixing MixinParameterList from terrablender.mixins.json into net.minecraft.world.level.biome.Climate$ParameterList
[16Apr2026 02:26:24.070] [main/DEBUG] [mixin/]: Renaming synthetic method lambda$initializeForTerraBlender$0(Lnet/minecraft/core/Registry;Lcom/google/common/collect/ImmutableList$Builder;Lcom/mojang/datafixers/util/Pair;)V to md26f194$lambda$initializeForTerraBlender$0$0 in terrablender.mixins.json:MixinParameterList
[16Apr2026 02:26:24.109] [main/DEBUG] [mixin/]: Mixing NoiseGeneratorSettingsMixin from citadel.mixins.json into net.minecraft.world.level.levelgen.NoiseGeneratorSettings
[16Apr2026 02:26:24.112] [main/DEBUG] [mixin/]: Mixing common.NoiseGeneratorSettingsAccessor from lithostitched.mixins.json into net.minecraft.world.level.levelgen.NoiseGeneratorSettings
[16Apr2026 02:26:24.112] [main/DEBUG] [mixin/]: Mixing MixinNoiseGeneratorSettings from terrablender.mixins.json into net.minecraft.world.level.levelgen.NoiseGeneratorSettings
[16Apr2026 02:26:24.114] [main/DEBUG] [mixin/]: Mixing access.NoiseGeneratorSettingsAccessor from vanillabackport.mixins.json into net.minecraft.world.level.levelgen.NoiseGeneratorSettings
[16Apr2026 02:26:24.219] [main/DEBUG] [mixin/]: Mixing common.SinglePoolElementAccessor from lithostitched.mixins.json into net.minecraft.world.level.levelgen.structure.pools.SinglePoolElement
[16Apr2026 02:26:24.220] [main/DEBUG] [mixin/]: Mixing SinglePoolElementMixin from waystones.mixins.json into net.minecraft.world.level.levelgen.structure.pools.SinglePoolElement
[16Apr2026 02:26:24.220] [main/DEBUG] [mixin/]: Renaming synthetic method lambda$waystones$isWaystone$1(Lnet/minecraft/world/level/levelgen/structure/templatesystem/StructureTemplate;)V to md26f194$lambda$waystones$isWaystone$1$0 in waystones.mixins.json:SinglePoolElementMixin
[16Apr2026 02:26:24.221] [main/DEBUG] [mixin/]: Renaming synthetic method lambda$waystones$isWaystone$0(Lnet/minecraft/resources/ResourceLocation;)V to md26f194$lambda$waystones$isWaystone$0$1 in waystones.mixins.json:SinglePoolElementMixin
[16Apr2026 02:26:24.222] [main/DEBUG] [mixin/]: Mixing accessor.SinglePoolElementAccessor from yungsapi.mixins.json into net.minecraft.world.level.levelgen.structure.pools.SinglePoolElement
[16Apr2026 02:26:24.222] [main/DEBUG] [mixin/]: Mixing SinglePoolElementMixin from guardvillagers.mixins.json into net.minecraft.world.level.levelgen.structure.pools.SinglePoolElement
[16Apr2026 02:26:24.222] [main/DEBUG] [mixin/]: Renaming synthetic method lambda$place$0(Lnet/minecraft/world/level/WorldGenLevel;Lnet/minecraft/core/BlockPos;Lnet/minecraft/resources/ResourceLocation;)V to md26f194$lambda$place$0$2 in guardvillagers.mixins.json:SinglePoolElementMixin
[16Apr2026 02:26:24.225] [main/DEBUG] [mixin/]: Mixing accessor.SinglePoolElementAccessor from cataclysm.mixins.json into net.minecraft.world.level.levelgen.structure.pools.SinglePoolElement
[16Apr2026 02:26:24.226] [main/DEBUG] [mixin/]: Mixing structures.SinglePoolElementAccessor from moogs_structures-common.mixins.json into net.minecraft.world.level.levelgen.structure.pools.SinglePoolElement
[16Apr2026 02:26:24.229] [main/DEBUG] [mixin/]: Unexpected: Registered method callGetTemplate(Lnet/minecraft/world/level/levelgen/structure/templatesystem/StructureTemplateManager;)Lnet/minecraft/world/level/levelgen/structure/templatesystem/StructureTemplate; in net.minecraft.world.level.levelgen.structure.pools.SinglePoolElement was not merged
[16Apr2026 02:26:24.229] [main/DEBUG] [mixin/]: Unexpected: Registered method getTemplate()Lcom/mojang/datafixers/util/Either; in net.minecraft.world.level.levelgen.structure.pools.SinglePoolElement was not merged
[16Apr2026 02:26:24.229] [main/DEBUG] [mixin/]: Unexpected: Registered method callGetTemplate(Lnet/minecraft/world/level/levelgen/structure/templatesystem/StructureTemplateManager;)Lnet/minecraft/world/level/levelgen/structure/templatesystem/StructureTemplate; in net.minecraft.world.level.levelgen.structure.pools.SinglePoolElement was not merged
[16Apr2026 02:26:24.239] [main/DEBUG] [mixin/]: Mixing accessor.ListPoolElementAccessor from yungsapi.mixins.json into net.minecraft.world.level.levelgen.structure.pools.ListPoolElement
[16Apr2026 02:26:24.239] [main/DEBUG] [mixin/]: Mixing accessor.ListPoolElementAccessor from cataclysm.mixins.json into net.minecraft.world.level.levelgen.structure.pools.ListPoolElement
[16Apr2026 02:26:24.239] [main/DEBUG] [mixin/]: Mixing structures.ListPoolElementAccessor from moogs_structures-common.mixins.json into net.minecraft.world.level.levelgen.structure.pools.ListPoolElement
[16Apr2026 02:26:24.240] [main/DEBUG] [mixin/]: Unexpected: Registered method getElements()Ljava/util/List; in net.minecraft.world.level.levelgen.structure.pools.ListPoolElement was not merged
[16Apr2026 02:26:24.243] [main/DEBUG] [mixin/]: Mixing accessor.FeaturePoolElementAccessor from yungsapi.mixins.json into net.minecraft.world.level.levelgen.structure.pools.FeaturePoolElement
[16Apr2026 02:26:24.243] [main/DEBUG] [mixin/]: Mixing accessor.FeaturePoolElementAccessor from cataclysm.mixins.json into net.minecraft.world.level.levelgen.structure.pools.FeaturePoolElement
[16Apr2026 02:26:24.243] [main/DEBUG] [mixin/]: Unexpected: Registered method getFeature()Lnet/minecraft/core/Holder; in net.minecraft.world.level.levelgen.structure.pools.FeaturePoolElement was not merged
[16Apr2026 02:26:24.377] [main/DEBUG] [net.minecraftforge.common.ForgeI18n/CORE]: Loading I18N data entries: 6430
[16Apr2026 02:26:24.396] [main/DEBUG] [net.minecraftforge.fml.ModWorkManager/LOADING]: Using 4 threads for parallel mod-loading
[16Apr2026 02:26:24.402] [main/DEBUG] [net.minecraftforge.fml.javafmlmod.FMLJavaModLanguageProvider/LOADING]: Loading FMLModContainer from classloader cpw.mods.modlauncher.TransformingClassLoader@22791b75 - got cpw.mods.cl.ModuleClassLoader@2f61f937
[16Apr2026 02:26:24.403] [main/DEBUG] [net.minecraftforge.fml.javafmlmod.FMLModContainer/LOADING]: Creating FMLModContainer instance for net.blay09.mods.kuma.forge.ForgeKumaAPI
[16Apr2026 02:26:24.407] [main/DEBUG] [net.minecraftforge.fml.javafmlmod.FMLJavaModLanguageProvider/LOADING]: Loading FMLModContainer from classloader cpw.mods.modlauncher.TransformingClassLoader@22791b75 - got cpw.mods.cl.ModuleClassLoader@2f61f937
[16Apr2026 02:26:24.407] [main/DEBUG] [net.minecraftforge.fml.javafmlmod.FMLModContainer/LOADING]: Creating FMLModContainer instance for software.bernie.example.GeckoLibMod
[16Apr2026 02:26:24.408] [main/DEBUG] [net.minecraftforge.fml.javafmlmod.FMLJavaModLanguageProvider/LOADING]: Loading FMLModContainer from classloader cpw.mods.modlauncher.TransformingClassLoader@22791b75 - got cpw.mods.cl.ModuleClassLoader@2f61f937
[16Apr2026 02:26:24.408] [main/DEBUG] [net.minecraftforge.fml.javafmlmod.FMLModContainer/LOADING]: Creating FMLModContainer instance for com.aetherteam.aether.Aether
[16Apr2026 02:26:24.410] [main/DEBUG] [net.minecraftforge.fml.javafmlmod.FMLJavaModLanguageProvider/LOADING]: Loading FMLModContainer from classloader cpw.mods.modlauncher.TransformingClassLoader@22791b75 - got cpw.mods.cl.ModuleClassLoader@2f61f937
[16Apr2026 02:26:24.410] [main/DEBUG] [net.minecraftforge.fml.javafmlmod.FMLModContainer/LOADING]: Creating FMLModContainer instance for dev.worldgen.lithostitched.LithostitchedForge
[16Apr2026 02:26:24.410] [main/DEBUG] [net.minecraftforge.fml.javafmlmod.FMLJavaModLanguageProvider/LOADING]: Loading FMLModContainer from classloader cpw.mods.modlauncher.TransformingClassLoader@22791b75 - got cpw.mods.cl.ModuleClassLoader@2f61f937
[16Apr2026 02:26:24.410] [main/DEBUG] [net.minecraftforge.fml.javafmlmod.FMLModContainer/LOADING]: Creating FMLModContainer instance for xaero.lib.XaeroLibForge
[16Apr2026 02:26:24.412] [main/DEBUG] [net.minecraftforge.fml.javafmlmod.FMLJavaModLanguageProvider/LOADING]: Loading FMLModContainer from classloader cpw.mods.modlauncher.TransformingClassLoader@22791b75 - got cpw.mods.cl.ModuleClassLoader@2f61f937
[16Apr2026 02:26:24.412] [main/DEBUG] [net.minecraftforge.fml.javafmlmod.FMLModContainer/LOADING]: Creating FMLModContainer instance for com.yungnickyoung.minecraft.betteroceanmonuments.BetterOceanMonumentsForge
[16Apr2026 02:26:24.412] [main/DEBUG] [net.minecraftforge.fml.javafmlmod.FMLJavaModLanguageProvider/LOADING]: Loading FMLModContainer from classloader cpw.mods.modlauncher.TransformingClassLoader@22791b75 - got cpw.mods.cl.ModuleClassLoader@2f61f937
[16Apr2026 02:26:24.412] [main/DEBUG] [net.minecraftforge.fml.javafmlmod.FMLModContainer/LOADING]: Creating FMLModContainer instance for com.talhanation.siegeweapons.Main
[16Apr2026 02:26:24.413] [main/DEBUG] [net.minecraftforge.fml.javafmlmod.FMLJavaModLanguageProvider/LOADING]: Loading FMLModContainer from classloader cpw.mods.modlauncher.TransformingClassLoader@22791b75 - got cpw.mods.cl.ModuleClassLoader@2f61f937
[16Apr2026 02:26:24.413] [main/DEBUG] [net.minecraftforge.fml.javafmlmod.FMLModContainer/LOADING]: Creating FMLModContainer instance for com.mcwwindows.kikoz.MacawsWindows
[16Apr2026 02:26:24.414] [main/DEBUG] [net.minecraftforge.fml.lowcodemod.LowCodeModLanguageProvider.LowCodeModTarget/LOADING]: Loading LowCodeModContainer from classloader cpw.mods.modlauncher.TransformingClassLoader@22791b75 - got cpw.mods.cl.ModuleClassLoader@2f61f937
[16Apr2026 02:26:24.414] [main/DEBUG] [net.minecraftforge.fml.lowcodemod.LowCodeModContainer/LOADING]: Creating LowCodeModContainer for mr_blossom_blade
[16Apr2026 02:26:24.415] [main/DEBUG] [net.minecraftforge.fml.javafmlmod.FMLJavaModLanguageProvider/LOADING]: Loading FMLModContainer from classloader cpw.mods.modlauncher.TransformingClassLoader@22791b75 - got cpw.mods.cl.ModuleClassLoader@2f61f937
[16Apr2026 02:26:24.415] [main/DEBUG] [net.minecraftforge.fml.javafmlmod.FMLModContainer/LOADING]: Creating FMLModContainer instance for net.blay09.mods.waystones.ForgeWaystones
[16Apr2026 02:26:24.415] [main/DEBUG] [net.minecraftforge.fml.javafmlmod.FMLJavaModLanguageProvider/LOADING]: Loading FMLModContainer from classloader cpw.mods.modlauncher.TransformingClassLoader@22791b75 - got cpw.mods.cl.ModuleClassLoader@2f61f937
[16Apr2026 02:26:24.415] [main/DEBUG] [net.minecraftforge.fml.javafmlmod.FMLModContainer/LOADING]: Creating FMLModContainer instance for xaero.map.WorldMapForge
[16Apr2026 02:26:24.417] [main/DEBUG] [net.minecraftforge.fml.javafmlmod.FMLJavaModLanguageProvider/LOADING]: Loading FMLModContainer from classloader cpw.mods.modlauncher.TransformingClassLoader@22791b75 - got cpw.mods.cl.ModuleClassLoader@2f61f937
[16Apr2026 02:26:24.417] [main/DEBUG] [net.minecraftforge.fml.javafmlmod.FMLModContainer/LOADING]: Creating FMLModContainer instance for dev.shadowsoffire.placebo.Placebo
[16Apr2026 02:26:24.418] [main/DEBUG] [net.minecraftforge.fml.javafmlmod.FMLJavaModLanguageProvider/LOADING]: Loading FMLModContainer from classloader cpw.mods.modlauncher.TransformingClassLoader@22791b75 - got cpw.mods.cl.ModuleClassLoader@2f61f937
[16Apr2026 02:26:24.418] [main/DEBUG] [net.minecraftforge.fml.javafmlmod.FMLModContainer/LOADING]: Creating FMLModContainer instance for com.github.alexthe666.citadel.Citadel
[16Apr2026 02:26:24.419] [main/DEBUG] [net.minecraftforge.fml.javafmlmod.FMLJavaModLanguageProvider/LOADING]: Loading FMLModContainer from classloader cpw.mods.modlauncher.TransformingClassLoader@22791b75 - got cpw.mods.cl.ModuleClassLoader@2f61f937
[16Apr2026 02:26:24.419] [main/DEBUG] [net.minecraftforge.fml.javafmlmod.FMLModContainer/LOADING]: Creating FMLModContainer instance for com.github.alexthe666.alexsmobs.AlexsMobs
[16Apr2026 02:26:24.420] [main/DEBUG] [net.minecraftforge.fml.javafmlmod.FMLJavaModLanguageProvider/LOADING]: Loading FMLModContainer from classloader cpw.mods.modlauncher.TransformingClassLoader@22791b75 - got cpw.mods.cl.ModuleClassLoader@2f61f937
[16Apr2026 02:26:24.420] [main/DEBUG] [net.minecraftforge.fml.javafmlmod.FMLModContainer/LOADING]: Creating FMLModContainer instance for com.tiviacz.travelersbackpack.TravelersBackpack
[16Apr2026 02:26:24.421] [main/DEBUG] [net.minecraftforge.fml.javafmlmod.FMLJavaModLanguageProvider/LOADING]: Loading FMLModContainer from classloader cpw.mods.modlauncher.TransformingClassLoader@22791b75 - got cpw.mods.cl.ModuleClassLoader@2f61f937
[16Apr2026 02:26:24.421] [main/DEBUG] [net.minecraftforge.fml.javafmlmod.FMLModContainer/LOADING]: Creating FMLModContainer instance for artifacts.forge.ArtifactsForge
[16Apr2026 02:26:24.422] [main/DEBUG] [net.minecraftforge.fml.javafmlmod.FMLJavaModLanguageProvider/LOADING]: Loading FMLModContainer from classloader cpw.mods.modlauncher.TransformingClassLoader@22791b75 - got cpw.mods.cl.ModuleClassLoader@2f61f937
[16Apr2026 02:26:24.422] [main/DEBUG] [net.minecraftforge.fml.javafmlmod.FMLModContainer/LOADING]: Creating FMLModContainer instance for com.yungnickyoung.minecraft.yungsapi.YungsApiForge
[16Apr2026 02:26:24.423] [main/DEBUG] [net.minecraftforge.fml.javafmlmod.FMLJavaModLanguageProvider/LOADING]: Loading FMLModContainer from classloader cpw.mods.modlauncher.TransformingClassLoader@22791b75 - got cpw.mods.cl.ModuleClassLoader@2f61f937
[16Apr2026 02:26:24.423] [main/DEBUG] [net.minecraftforge.fml.javafmlmod.FMLModContainer/LOADING]: Creating FMLModContainer instance for com.mcwstairs.kikoz.MacawsStairs
[16Apr2026 02:26:24.423] [main/DEBUG] [net.minecraftforge.fml.javafmlmod.FMLJavaModLanguageProvider/LOADING]: Loading FMLModContainer from classloader cpw.mods.modlauncher.TransformingClassLoader@22791b75 - got cpw.mods.cl.ModuleClassLoader@2f61f937
[16Apr2026 02:26:24.423] [main/DEBUG] [net.minecraftforge.fml.javafmlmod.FMLModContainer/LOADING]: Creating FMLModContainer instance for com.modrinth.OhduvhIc.ModrinthWrapper
[16Apr2026 02:26:24.424] [main/DEBUG] [net.minecraftforge.fml.javafmlmod.FMLJavaModLanguageProvider/LOADING]: Loading FMLModContainer from classloader cpw.mods.modlauncher.TransformingClassLoader@22791b75 - got cpw.mods.cl.ModuleClassLoader@2f61f937
[16Apr2026 02:26:24.424] [main/DEBUG] [net.minecraftforge.fml.javafmlmod.FMLModContainer/LOADING]: Creating FMLModContainer instance for glitchcore.forge.GlitchCoreForge
[16Apr2026 02:26:24.424] [main/DEBUG] [net.minecraftforge.fml.javafmlmod.FMLJavaModLanguageProvider/LOADING]: Loading FMLModContainer from classloader cpw.mods.modlauncher.TransformingClassLoader@22791b75 - got cpw.mods.cl.ModuleClassLoader@2f61f937
[16Apr2026 02:26:24.424] [main/DEBUG] [net.minecraftforge.fml.javafmlmod.FMLModContainer/LOADING]: Creating FMLModContainer instance for tallestegg.guardvillagers.GuardVillagers
[16Apr2026 02:26:24.425] [main/DEBUG] [net.minecraftforge.fml.javafmlmod.FMLJavaModLanguageProvider/LOADING]: Loading FMLModContainer from classloader cpw.mods.modlauncher.TransformingClassLoader@22791b75 - got cpw.mods.cl.ModuleClassLoader@2f61f937
[16Apr2026 02:26:24.425] [main/DEBUG] [net.minecraftforge.fml.javafmlmod.FMLModContainer/LOADING]: Creating FMLModContainer instance for it.hurts.sskirillss.relics.Relics
[16Apr2026 02:26:24.425] [main/DEBUG] [net.minecraftforge.fml.javafmlmod.FMLJavaModLanguageProvider/LOADING]: Loading FMLModContainer from classloader cpw.mods.modlauncher.TransformingClassLoader@22791b75 - got cpw.mods.cl.ModuleClassLoader@2f61f937
[16Apr2026 02:26:24.425] [main/DEBUG] [net.minecraftforge.fml.javafmlmod.FMLModContainer/LOADING]: Creating FMLModContainer instance for dev.shadowsoffire.apotheosis.Apotheosis
[16Apr2026 02:26:24.426] [main/DEBUG] [net.minecraftforge.fml.javafmlmod.FMLJavaModLanguageProvider/LOADING]: Loading FMLModContainer from classloader cpw.mods.modlauncher.TransformingClassLoader@22791b75 - got cpw.mods.cl.ModuleClassLoader@2f61f937
[16Apr2026 02:26:24.426] [main/DEBUG] [net.minecraftforge.fml.javafmlmod.FMLModContainer/LOADING]: Creating FMLModContainer instance for com.yungnickyoung.minecraft.betterdeserttemples.BetterDesertTemplesForge
[16Apr2026 02:26:24.427] [main/DEBUG] [net.minecraftforge.fml.javafmlmod.FMLJavaModLanguageProvider/LOADING]: Loading FMLModContainer from classloader cpw.mods.modlauncher.TransformingClassLoader@22791b75 - got cpw.mods.cl.ModuleClassLoader@2f61f937
[16Apr2026 02:26:24.427] [main/DEBUG] [net.minecraftforge.fml.javafmlmod.FMLModContainer/LOADING]: Creating FMLModContainer instance for com.mcwdoors.kikoz.MacawsDoors
[16Apr2026 02:26:24.427] [main/DEBUG] [net.minecraftforge.fml.javafmlmod.FMLJavaModLanguageProvider/LOADING]: Loading FMLModContainer from classloader cpw.mods.modlauncher.TransformingClassLoader@22791b75 - got cpw.mods.cl.ModuleClassLoader@2f61f937
[16Apr2026 02:26:24.427] [main/DEBUG] [net.minecraftforge.fml.javafmlmod.FMLModContainer/LOADING]: Creating FMLModContainer instance for net.blay09.mods.balm.forge.ForgeBalm
[16Apr2026 02:26:24.428] [main/DEBUG] [net.minecraftforge.fml.lowcodemod.LowCodeModLanguageProvider.LowCodeModTarget/LOADING]: Loading LowCodeModContainer from classloader cpw.mods.modlauncher.TransformingClassLoader@22791b75 - got cpw.mods.cl.ModuleClassLoader@2f61f937
[16Apr2026 02:26:24.428] [main/DEBUG] [net.minecraftforge.fml.lowcodemod.LowCodeModContainer/LOADING]: Creating LowCodeModContainer for terralith
[16Apr2026 02:26:24.428] [main/DEBUG] [net.minecraftforge.fml.javafmlmod.FMLJavaModLanguageProvider/LOADING]: Loading FMLModContainer from classloader cpw.mods.modlauncher.TransformingClassLoader@22791b75 - got cpw.mods.cl.ModuleClassLoader@2f61f937
[16Apr2026 02:26:24.428] [main/DEBUG] [net.minecraftforge.fml.javafmlmod.FMLModContainer/LOADING]: Creating FMLModContainer instance for immersive_armors.forge.CommonForge
[16Apr2026 02:26:24.429] [main/DEBUG] [net.minecraftforge.fml.javafmlmod.FMLJavaModLanguageProvider/LOADING]: Loading FMLModContainer from classloader cpw.mods.modlauncher.TransformingClassLoader@22791b75 - got cpw.mods.cl.ModuleClassLoader@2f61f937
[16Apr2026 02:26:24.429] [main/DEBUG] [net.minecraftforge.fml.javafmlmod.FMLModContainer/LOADING]: Creating FMLModContainer instance for tschipp.carryon.CarryOnForge
[16Apr2026 02:26:24.429] [main/DEBUG] [net.minecraftforge.fml.javafmlmod.FMLJavaModLanguageProvider/LOADING]: Loading FMLModContainer from classloader cpw.mods.modlauncher.TransformingClassLoader@22791b75 - got cpw.mods.cl.ModuleClassLoader@2f61f937
[16Apr2026 02:26:24.429] [main/DEBUG] [net.minecraftforge.fml.javafmlmod.FMLModContainer/LOADING]: Creating FMLModContainer instance for fuzs.puzzlesaccessapi.forge.PuzzlesAccessApiForge
[16Apr2026 02:26:24.430] [main/DEBUG] [net.minecraftforge.fml.javafmlmod.FMLJavaModLanguageProvider/LOADING]: Loading FMLModContainer from classloader cpw.mods.modlauncher.TransformingClassLoader@22791b75 - got cpw.mods.cl.ModuleClassLoader@2f61f937
[16Apr2026 02:26:24.430] [main/DEBUG] [net.minecraftforge.fml.javafmlmod.FMLModContainer/LOADING]: Creating FMLModContainer instance for net.aurelj.dungeons_arise_seven_seas.DungeonsAriseSevenSeasMain
[16Apr2026 02:26:24.430] [main/DEBUG] [net.minecraftforge.fml.javafmlmod.FMLJavaModLanguageProvider/LOADING]: Loading FMLModContainer from classloader cpw.mods.modlauncher.TransformingClassLoader@22791b75 - got cpw.mods.cl.ModuleClassLoader@2f61f937
[16Apr2026 02:26:24.430] [main/DEBUG] [net.minecraftforge.fml.javafmlmod.FMLModContainer/LOADING]: Creating FMLModContainer instance for me.shedaniel.clothconfig.ClothConfigForge
[16Apr2026 02:26:24.431] [main/DEBUG] [net.minecraftforge.fml.javafmlmod.FMLJavaModLanguageProvider/LOADING]: Loading FMLModContainer from classloader cpw.mods.modlauncher.TransformingClassLoader@22791b75 - got cpw.mods.cl.ModuleClassLoader@2f61f937
[16Apr2026 02:26:24.431] [main/DEBUG] [net.minecraftforge.fml.javafmlmod.FMLModContainer/LOADING]: Creating FMLModContainer instance for net.minecraftforge.common.ForgeMod
[16Apr2026 02:26:24.433] [main/DEBUG] [net.minecraftforge.fml.javafmlmod.FMLJavaModLanguageProvider/LOADING]: Loading FMLModContainer from classloader cpw.mods.modlauncher.TransformingClassLoader@22791b75 - got cpw.mods.cl.ModuleClassLoader@2f61f937
[16Apr2026 02:26:24.433] [main/DEBUG] [net.minecraftforge.fml.javafmlmod.FMLModContainer/LOADING]: Creating FMLModContainer instance for net.mehvahdjukaar.supplementaries.forge.SupplementariesForge
[16Apr2026 02:26:24.434] [main/DEBUG] [net.minecraftforge.fml.javafmlmod.FMLJavaModLanguageProvider/LOADING]: Loading FMLModContainer from classloader cpw.mods.modlauncher.TransformingClassLoader@22791b75 - got cpw.mods.cl.ModuleClassLoader@2f61f937
[16Apr2026 02:26:24.434] [main/DEBUG] [net.minecraftforge.fml.javafmlmod.FMLModContainer/LOADING]: Creating FMLModContainer instance for net.aurelj.dungeons_arise.DungeonsAriseMain
[16Apr2026 02:26:24.435] [main/DEBUG] [net.minecraftforge.fml.javafmlmod.FMLJavaModLanguageProvider/LOADING]: Loading FMLModContainer from classloader cpw.mods.modlauncher.TransformingClassLoader@22791b75 - got cpw.mods.cl.ModuleClassLoader@2f61f937
[16Apr2026 02:26:24.435] [main/DEBUG] [net.minecraftforge.fml.javafmlmod.FMLModContainer/LOADING]: Creating FMLModContainer instance for net.hiccupslegacy.HiccupsLegacyMod
[16Apr2026 02:26:24.436] [main/DEBUG] [net.minecraftforge.fml.javafmlmod.FMLJavaModLanguageProvider/LOADING]: Loading FMLModContainer from classloader cpw.mods.modlauncher.TransformingClassLoader@22791b75 - got cpw.mods.cl.ModuleClassLoader@2f61f937
[16Apr2026 02:26:24.436] [main/DEBUG] [net.minecraftforge.fml.javafmlmod.FMLModContainer/LOADING]: Creating FMLModContainer instance for com.mcwbridges.kikoz.MacawsBridges
[16Apr2026 02:26:24.437] [main/DEBUG] [net.minecraftforge.fml.javafmlmod.FMLJavaModLanguageProvider/LOADING]: Loading FMLModContainer from classloader cpw.mods.modlauncher.TransformingClassLoader@22791b75 - got cpw.mods.cl.ModuleClassLoader@2f61f937
[16Apr2026 02:26:24.437] [main/DEBUG] [net.minecraftforge.fml.javafmlmod.FMLModContainer/LOADING]: Creating FMLModContainer instance for vectorwing.farmersdelight.FarmersDelight
[16Apr2026 02:26:24.437] [main/DEBUG] [net.minecraftforge.fml.javafmlmod.FMLJavaModLanguageProvider/LOADING]: Loading FMLModContainer from classloader cpw.mods.modlauncher.TransformingClassLoader@22791b75 - got cpw.mods.cl.ModuleClassLoader@2f61f937
[16Apr2026 02:26:24.438] [main/DEBUG] [net.minecraftforge.fml.javafmlmod.FMLModContainer/LOADING]: Creating FMLModContainer instance for terrablender.core.TerraBlenderForge
[16Apr2026 02:26:24.438] [main/DEBUG] [net.minecraftforge.fml.javafmlmod.FMLJavaModLanguageProvider/LOADING]: Loading FMLModContainer from classloader cpw.mods.modlauncher.TransformingClassLoader@22791b75 - got cpw.mods.cl.ModuleClassLoader@2f61f937
[16Apr2026 02:26:24.438] [main/DEBUG] [net.minecraftforge.fml.javafmlmod.FMLModContainer/LOADING]: Creating FMLModContainer instance for net.mehvahdjukaar.moonlight.forge.MoonlightForge
[16Apr2026 02:26:24.439] [main/DEBUG] [net.minecraftforge.fml.javafmlmod.FMLJavaModLanguageProvider/LOADING]: Loading FMLModContainer from classloader cpw.mods.modlauncher.TransformingClassLoader@22791b75 - got cpw.mods.cl.ModuleClassLoader@2f61f937
[16Apr2026 02:26:24.439] [main/DEBUG] [net.minecraftforge.fml.javafmlmod.FMLModContainer/LOADING]: Creating FMLModContainer instance for tech.alexnijjar.endermanoverhaul.forge.EndermanOverhaulForge
[16Apr2026 02:26:24.440] [main/DEBUG] [net.minecraftforge.fml.javafmlmod.FMLJavaModLanguageProvider/LOADING]: Loading FMLModContainer from classloader cpw.mods.modlauncher.TransformingClassLoader@22791b75 - got cpw.mods.cl.ModuleClassLoader@2f61f937
[16Apr2026 02:26:24.440] [main/DEBUG] [net.minecraftforge.fml.javafmlmod.FMLModContainer/LOADING]: Creating FMLModContainer instance for biomesoplenty.forge.core.BiomesOPlentyForge
[16Apr2026 02:26:24.440] [main/DEBUG] [net.minecraftforge.fml.javafmlmod.FMLJavaModLanguageProvider/LOADING]: Loading FMLModContainer from classloader cpw.mods.modlauncher.TransformingClassLoader@22791b75 - got cpw.mods.cl.ModuleClassLoader@2f61f937
[16Apr2026 02:26:24.440] [main/DEBUG] [net.minecraftforge.fml.javafmlmod.FMLModContainer/LOADING]: Creating FMLModContainer instance for com.bawnorton.mixinsquared.platform.forge.MixinSquaredMod
[16Apr2026 02:26:24.440] [main/DEBUG] [net.minecraftforge.fml.javafmlmod.FMLJavaModLanguageProvider/LOADING]: Loading FMLModContainer from classloader cpw.mods.modlauncher.TransformingClassLoader@22791b75 - got cpw.mods.cl.ModuleClassLoader@2f61f937
[16Apr2026 02:26:24.441] [main/DEBUG] [net.minecraftforge.fml.javafmlmod.FMLModContainer/LOADING]: Creating FMLModContainer instance for snownee.jade.util.CommonProxy
[16Apr2026 02:26:24.442] [main/DEBUG] [net.minecraftforge.fml.javafmlmod.FMLJavaModLanguageProvider/LOADING]: Loading FMLModContainer from classloader cpw.mods.modlauncher.TransformingClassLoader@22791b75 - got cpw.mods.cl.ModuleClassLoader@2f61f937
[16Apr2026 02:26:24.442] [main/DEBUG] [net.minecraftforge.fml.javafmlmod.FMLModContainer/LOADING]: Creating FMLModContainer instance for com.starfish_studios.another_furniture.forge.AnotherFurnitureForge
[16Apr2026 02:26:24.443] [main/DEBUG] [net.minecraftforge.fml.javafmlmod.FMLJavaModLanguageProvider/LOADING]: Loading FMLModContainer from classloader cpw.mods.modlauncher.TransformingClassLoader@22791b75 - got cpw.mods.cl.ModuleClassLoader@2f61f937
[16Apr2026 02:26:24.443] [main/DEBUG] [net.minecraftforge.fml.javafmlmod.FMLModContainer/LOADING]: Creating FMLModContainer instance for org.popcraft.chunky.ChunkyForge
[16Apr2026 02:26:24.444] [main/DEBUG] [net.minecraftforge.fml.javafmlmod.FMLJavaModLanguageProvider/LOADING]: Loading FMLModContainer from classloader cpw.mods.modlauncher.TransformingClassLoader@22791b75 - got cpw.mods.cl.ModuleClassLoader@2f61f937
[16Apr2026 02:26:24.444] [main/DEBUG] [net.minecraftforge.fml.javafmlmod.FMLModContainer/LOADING]: Creating FMLModContainer instance for com.mcwfences.kikoz.MacawsFences
[16Apr2026 02:26:24.444] [main/DEBUG] [net.minecraftforge.fml.javafmlmod.FMLJavaModLanguageProvider/LOADING]: Loading FMLModContainer from classloader cpw.mods.modlauncher.TransformingClassLoader@22791b75 - got cpw.mods.cl.ModuleClassLoader@2f61f937
[16Apr2026 02:26:24.444] [main/DEBUG] [net.minecraftforge.fml.javafmlmod.FMLModContainer/LOADING]: Creating FMLModContainer instance for studio.lunareclipse.watching.Init
[16Apr2026 02:26:24.445] [main/DEBUG] [net.minecraftforge.fml.javafmlmod.FMLJavaModLanguageProvider/LOADING]: Loading FMLModContainer from classloader cpw.mods.modlauncher.TransformingClassLoader@22791b75 - got cpw.mods.cl.ModuleClassLoader@2f61f937
[16Apr2026 02:26:24.445] [main/DEBUG] [net.minecraftforge.fml.javafmlmod.FMLModContainer/LOADING]: Creating FMLModContainer instance for com.blackgear.platform.forge.PlatformForge
[16Apr2026 02:26:24.445] [main/DEBUG] [net.minecraftforge.fml.javafmlmod.FMLJavaModLanguageProvider/LOADING]: Loading FMLModContainer from classloader cpw.mods.modlauncher.TransformingClassLoader@22791b75 - got cpw.mods.cl.ModuleClassLoader@2f61f937
[16Apr2026 02:26:24.445] [main/DEBUG] [net.minecraftforge.fml.javafmlmod.FMLModContainer/LOADING]: Creating FMLModContainer instance for com.blackgear.vanillabackport.core.forge.VanillaBackportForge
[16Apr2026 02:26:24.446] [main/DEBUG] [net.minecraftforge.fml.javafmlmod.FMLJavaModLanguageProvider/LOADING]: Loading FMLModContainer from classloader cpw.mods.modlauncher.TransformingClassLoader@22791b75 - got cpw.mods.cl.ModuleClassLoader@2f61f937
[16Apr2026 02:26:24.446] [main/DEBUG] [net.minecraftforge.fml.javafmlmod.FMLModContainer/LOADING]: Creating FMLModContainer instance for com.teamresourceful.resourcefulconfig.forge.ResourcefulconfigForge
[16Apr2026 02:26:24.446] [main/DEBUG] [net.minecraftforge.fml.javafmlmod.FMLJavaModLanguageProvider/LOADING]: Loading FMLModContainer from classloader cpw.mods.modlauncher.TransformingClassLoader@22791b75 - got cpw.mods.cl.ModuleClassLoader@2f61f937
[16Apr2026 02:26:24.447] [main/DEBUG] [net.minecraftforge.fml.javafmlmod.FMLModContainer/LOADING]: Creating FMLModContainer instance for ru.vidtu.ksyxis.platform.KForge
[16Apr2026 02:26:24.447] [main/DEBUG] [net.minecraftforge.fml.javafmlmod.FMLJavaModLanguageProvider/LOADING]: Loading FMLModContainer from classloader cpw.mods.modlauncher.TransformingClassLoader@22791b75 - got cpw.mods.cl.ModuleClassLoader@2f61f937
[16Apr2026 02:26:24.447] [main/DEBUG] [net.minecraftforge.fml.javafmlmod.FMLModContainer/LOADING]: Creating FMLModContainer instance for com.github.L_Ender.lionfishapi.LionfishAPI
[16Apr2026 02:26:24.448] [main/DEBUG] [net.minecraftforge.fml.javafmlmod.FMLJavaModLanguageProvider/LOADING]: Loading FMLModContainer from classloader cpw.mods.modlauncher.TransformingClassLoader@22791b75 - got cpw.mods.cl.ModuleClassLoader@2f61f937
[16Apr2026 02:26:24.448] [main/DEBUG] [net.minecraftforge.fml.javafmlmod.FMLModContainer/LOADING]: Creating FMLModContainer instance for me.lucko.spark.forge.ForgeSparkMod
[16Apr2026 02:26:24.449] [main/DEBUG] [net.minecraftforge.fml.javafmlmod.FMLJavaModLanguageProvider/LOADING]: Loading FMLModContainer from classloader cpw.mods.modlauncher.TransformingClassLoader@22791b75 - got cpw.mods.cl.ModuleClassLoader@2f61f937
[16Apr2026 02:26:24.449] [main/DEBUG] [net.minecraftforge.fml.javafmlmod.FMLModContainer/LOADING]: Creating FMLModContainer instance for net.mehvahdjukaar.mysticaloaktree.forge.MysticalOakTreeForge
[16Apr2026 02:26:24.449] [main/DEBUG] [net.minecraftforge.fml.javafmlmod.FMLJavaModLanguageProvider/LOADING]: Loading FMLModContainer from classloader cpw.mods.modlauncher.TransformingClassLoader@22791b75 - got cpw.mods.cl.ModuleClassLoader@2f61f937
[16Apr2026 02:26:24.449] [main/DEBUG] [net.minecraftforge.fml.javafmlmod.FMLModContainer/LOADING]: Creating FMLModContainer instance for de.sarocesch.sarosessentialsmod.SarosEssentialsMod
[16Apr2026 02:26:24.450] [main/DEBUG] [net.minecraftforge.fml.javafmlmod.FMLJavaModLanguageProvider/LOADING]: Loading FMLModContainer from classloader cpw.mods.modlauncher.TransformingClassLoader@22791b75 - got cpw.mods.cl.ModuleClassLoader@2f61f937
[16Apr2026 02:26:24.450] [main/DEBUG] [net.minecraftforge.fml.javafmlmod.FMLModContainer/LOADING]: Creating FMLModContainer instance for com.github.L_Ender.cataclysm.Cataclysm
[16Apr2026 02:26:24.451] [main/DEBUG] [net.minecraftforge.fml.javafmlmod.FMLJavaModLanguageProvider/LOADING]: Loading FMLModContainer from classloader cpw.mods.modlauncher.TransformingClassLoader@22791b75 - got cpw.mods.cl.ModuleClassLoader@2f61f937
[16Apr2026 02:26:24.451] [main/DEBUG] [net.minecraftforge.fml.javafmlmod.FMLModContainer/LOADING]: Creating FMLModContainer instance for top.theillusivec4.curios.Curios
[16Apr2026 02:26:24.452] [main/DEBUG] [net.minecraftforge.fml.javafmlmod.FMLJavaModLanguageProvider/LOADING]: Loading FMLModContainer from classloader cpw.mods.modlauncher.TransformingClassLoader@22791b75 - got cpw.mods.cl.ModuleClassLoader@2f61f937
[16Apr2026 02:26:24.452] [main/DEBUG] [net.minecraftforge.fml.javafmlmod.FMLModContainer/LOADING]: Creating FMLModContainer instance for xaero.minimap.XaeroMinimapForge
[16Apr2026 02:26:24.455] [main/DEBUG] [net.minecraftforge.fml.javafmlmod.FMLJavaModLanguageProvider/LOADING]: Loading FMLModContainer from classloader cpw.mods.modlauncher.TransformingClassLoader@22791b75 - got cpw.mods.cl.ModuleClassLoader@2f61f937
[16Apr2026 02:26:24.455] [main/DEBUG] [net.minecraftforge.fml.javafmlmod.FMLModContainer/LOADING]: Creating FMLModContainer instance for immersive_paintings.forge.CommonForge
[16Apr2026 02:26:24.455] [main/DEBUG] [net.minecraftforge.fml.javafmlmod.FMLJavaModLanguageProvider/LOADING]: Loading FMLModContainer from classloader cpw.mods.modlauncher.TransformingClassLoader@22791b75 - got cpw.mods.cl.ModuleClassLoader@2f61f937
[16Apr2026 02:26:24.456] [main/DEBUG] [net.minecraftforge.fml.javafmlmod.FMLModContainer/LOADING]: Creating FMLModContainer instance for dev.shadowsoffire.attributeslib.AttributesLib
[16Apr2026 02:26:24.456] [main/DEBUG] [net.minecraftforge.fml.javafmlmod.FMLJavaModLanguageProvider/LOADING]: Loading FMLModContainer from classloader cpw.mods.modlauncher.TransformingClassLoader@22791b75 - got cpw.mods.cl.ModuleClassLoader@2f61f937
[16Apr2026 02:26:24.456] [main/DEBUG] [net.minecraftforge.fml.javafmlmod.FMLModContainer/LOADING]: Creating FMLModContainer instance for com.teamresourceful.resourcefullib.forge.ResourcefulLibForge
[16Apr2026 02:26:24.457] [main/DEBUG] [net.minecraftforge.fml.javafmlmod.FMLJavaModLanguageProvider/LOADING]: Loading FMLModContainer from classloader cpw.mods.modlauncher.TransformingClassLoader@22791b75 - got cpw.mods.cl.ModuleClassLoader@2f61f937
[16Apr2026 02:26:24.457] [main/DEBUG] [net.minecraftforge.fml.javafmlmod.FMLModContainer/LOADING]: Creating FMLModContainer instance for net.raphimc.immediatelyfast.forge.ImmediatelyFastForge
[16Apr2026 02:26:24.457] [main/DEBUG] [net.minecraftforge.fml.javafmlmod.FMLJavaModLanguageProvider/LOADING]: Loading FMLModContainer from classloader cpw.mods.modlauncher.TransformingClassLoader@22791b75 - got cpw.mods.cl.ModuleClassLoader@2f61f937
[16Apr2026 02:26:24.457] [main/DEBUG] [net.minecraftforge.fml.javafmlmod.FMLModContainer/LOADING]: Creating FMLModContainer instance for com.corosus.coroutil.loader.forge.ConfigModForge
[16Apr2026 02:26:24.458] [main/DEBUG] [net.minecraftforge.fml.javafmlmod.FMLJavaModLanguageProvider/LOADING]: Loading FMLModContainer from classloader cpw.mods.modlauncher.TransformingClassLoader@22791b75 - got cpw.mods.cl.ModuleClassLoader@2f61f937
[16Apr2026 02:26:24.458] [main/DEBUG] [net.minecraftforge.fml.javafmlmod.FMLModContainer/LOADING]: Creating FMLModContainer instance for com.aetherteam.cumulus.Cumulus
[16Apr2026 02:26:24.459] [main/DEBUG] [net.minecraftforge.fml.javafmlmod.FMLJavaModLanguageProvider/LOADING]: Loading FMLModContainer from classloader cpw.mods.modlauncher.TransformingClassLoader@22791b75 - got cpw.mods.cl.ModuleClassLoader@2f61f937
[16Apr2026 02:26:24.459] [main/DEBUG] [net.minecraftforge.fml.javafmlmod.FMLModContainer/LOADING]: Creating FMLModContainer instance for com.mcwroofs.kikoz.MacawsRoofs
[16Apr2026 02:26:24.459] [main/DEBUG] [net.minecraftforge.fml.javafmlmod.FMLJavaModLanguageProvider/LOADING]: Loading FMLModContainer from classloader cpw.mods.modlauncher.TransformingClassLoader@22791b75 - got cpw.mods.cl.ModuleClassLoader@2f61f937
[16Apr2026 02:26:24.460] [main/DEBUG] [net.minecraftforge.fml.javafmlmod.FMLModContainer/LOADING]: Creating FMLModContainer instance for tech.thatgravyboat.creeperoverhaul.forge.CreepersForge
[16Apr2026 02:26:24.460] [main/DEBUG] [net.minecraftforge.fml.javafmlmod.FMLJavaModLanguageProvider/LOADING]: Loading FMLModContainer from classloader cpw.mods.modlauncher.TransformingClassLoader@22791b75 - got cpw.mods.cl.ModuleClassLoader@2f61f937
[16Apr2026 02:26:24.460] [main/DEBUG] [net.minecraftforge.fml.javafmlmod.FMLModContainer/LOADING]: Creating FMLModContainer instance for dev.architectury.forge.ArchitecturyForge
[16Apr2026 02:26:24.461] [main/DEBUG] [net.minecraftforge.fml.javafmlmod.FMLJavaModLanguageProvider/LOADING]: Loading FMLModContainer from classloader cpw.mods.modlauncher.TransformingClassLoader@22791b75 - got cpw.mods.cl.ModuleClassLoader@2f61f937
[16Apr2026 02:26:24.461] [main/DEBUG] [net.minecraftforge.fml.javafmlmod.FMLModContainer/LOADING]: Creating FMLModContainer instance for it.hurts.octostudios.octolib.forge.OctoLibForge
[16Apr2026 02:26:24.461] [main/DEBUG] [net.minecraftforge.fml.javafmlmod.FMLJavaModLanguageProvider/LOADING]: Loading FMLModContainer from classloader cpw.mods.modlauncher.TransformingClassLoader@22791b75 - got cpw.mods.cl.ModuleClassLoader@2f61f937
[16Apr2026 02:26:24.461] [main/DEBUG] [net.minecraftforge.fml.javafmlmod.FMLModContainer/LOADING]: Creating FMLModContainer instance for noobanidus.mods.lootr.Lootr
[16Apr2026 02:26:24.462] [main/DEBUG] [net.minecraftforge.fml.javafmlmod.FMLJavaModLanguageProvider/LOADING]: Loading FMLModContainer from classloader cpw.mods.modlauncher.TransformingClassLoader@22791b75 - got cpw.mods.cl.ModuleClassLoader@2f61f937
[16Apr2026 02:26:24.462] [main/DEBUG] [net.minecraftforge.fml.javafmlmod.FMLModContainer/LOADING]: Creating FMLModContainer instance for malte0811.ferritecore.ModMainForge
[16Apr2026 02:26:24.462] [main/DEBUG] [net.minecraftforge.fml.javafmlmod.FMLJavaModLanguageProvider/LOADING]: Loading FMLModContainer from classloader cpw.mods.modlauncher.TransformingClassLoader@22791b75 - got cpw.mods.cl.ModuleClassLoader@2f61f937
[16Apr2026 02:26:24.462] [main/DEBUG] [net.minecraftforge.fml.javafmlmod.FMLModContainer/LOADING]: Creating FMLModContainer instance for fuzs.puzzleslib.impl.PuzzlesLibForge
[16Apr2026 02:26:24.463] [main/DEBUG] [net.minecraftforge.fml.javafmlmod.FMLJavaModLanguageProvider/LOADING]: Loading FMLModContainer from classloader cpw.mods.modlauncher.TransformingClassLoader@22791b75 - got cpw.mods.cl.ModuleClassLoader@2f61f937
[16Apr2026 02:26:24.463] [main/DEBUG] [net.minecraftforge.fml.javafmlmod.FMLModContainer/LOADING]: Creating FMLModContainer instance for com.aetherteam.nitrogen.Nitrogen
[16Apr2026 02:26:24.464] [main/DEBUG] [net.minecraftforge.fml.javafmlmod.FMLJavaModLanguageProvider/LOADING]: Loading FMLModContainer from classloader cpw.mods.modlauncher.TransformingClassLoader@22791b75 - got cpw.mods.cl.ModuleClassLoader@2f61f937
[16Apr2026 02:26:24.464] [main/DEBUG] [net.minecraftforge.fml.javafmlmod.FMLModContainer/LOADING]: Creating FMLModContainer instance for com.finndog.moogs_structures.forge.MoogsStructuresForge
[16Apr2026 02:26:24.464] [main/DEBUG] [net.minecraftforge.fml.lowcodemod.LowCodeModLanguageProvider.LowCodeModTarget/LOADING]: Loading LowCodeModContainer from classloader cpw.mods.modlauncher.TransformingClassLoader@22791b75 - got cpw.mods.cl.ModuleClassLoader@2f61f937
[16Apr2026 02:26:24.464] [main/DEBUG] [net.minecraftforge.fml.lowcodemod.LowCodeModContainer/LOADING]: Creating LowCodeModContainer for mns
[16Apr2026 02:26:24.465] [main/DEBUG] [net.minecraftforge.fml.javafmlmod.FMLJavaModLanguageProvider/LOADING]: Loading FMLModContainer from classloader cpw.mods.modlauncher.TransformingClassLoader@22791b75 - got cpw.mods.cl.ModuleClassLoader@2f61f937
[16Apr2026 02:26:24.465] [main/DEBUG] [net.minecraftforge.fml.javafmlmod.FMLModContainer/LOADING]: Creating FMLModContainer instance for fr.rakambda.fallingtree.forge.FallingTree
[16Apr2026 02:26:24.465] [main/DEBUG] [net.minecraftforge.fml.javafmlmod.FMLJavaModLanguageProvider/LOADING]: Loading FMLModContainer from classloader cpw.mods.modlauncher.TransformingClassLoader@22791b75 - got cpw.mods.cl.ModuleClassLoader@2f61f937
[16Apr2026 02:26:24.465] [main/DEBUG] [net.minecraftforge.fml.javafmlmod.FMLModContainer/LOADING]: Creating FMLModContainer instance for immersive_melodies.forge.CommonForge
[16Apr2026 02:26:24.466] [main/DEBUG] [net.minecraftforge.fml.javafmlmod.FMLJavaModLanguageProvider/LOADING]: Loading FMLModContainer from classloader cpw.mods.modlauncher.TransformingClassLoader@22791b75 - got cpw.mods.cl.ModuleClassLoader@2f61f937
[16Apr2026 02:26:24.466] [main/DEBUG] [net.minecraftforge.fml.javafmlmod.FMLModContainer/LOADING]: Creating FMLModContainer instance for be.florens.expandability.forge.ExpandAbilityForge
[16Apr2026 02:26:24.466] [main/DEBUG] [net.minecraftforge.fml.javafmlmod.FMLJavaModLanguageProvider/LOADING]: Loading FMLModContainer from classloader cpw.mods.modlauncher.TransformingClassLoader@22791b75 - got cpw.mods.cl.ModuleClassLoader@2f61f937
[16Apr2026 02:26:24.467] [main/DEBUG] [net.minecraftforge.fml.javafmlmod.FMLModContainer/LOADING]: Creating FMLModContainer instance for com.yungnickyoung.minecraft.bettermineshafts.BetterMineshaftsForge
[16Apr2026 02:26:24.467] [main/DEBUG] [net.minecraftforge.fml.javafmlmod.FMLJavaModLanguageProvider/LOADING]: Loading FMLModContainer from classloader cpw.mods.modlauncher.TransformingClassLoader@22791b75 - got cpw.mods.cl.ModuleClassLoader@2f61f937
[16Apr2026 02:26:24.467] [main/DEBUG] [net.minecraftforge.fml.javafmlmod.FMLModContainer/LOADING]: Creating FMLModContainer instance for fuzs.enchantinginfuser.EnchantingInfuserForge
[16Apr2026 02:26:24.468] [main/DEBUG] [net.minecraftforge.fml.javafmlmod.FMLJavaModLanguageProvider/LOADING]: Loading FMLModContainer from classloader cpw.mods.modlauncher.TransformingClassLoader@22791b75 - got cpw.mods.cl.ModuleClassLoader@2f61f937
[16Apr2026 02:26:24.468] [main/DEBUG] [net.minecraftforge.fml.javafmlmod.FMLModContainer/LOADING]: Creating FMLModContainer instance for net.lionarius.skinrestorer.forge.SkinRestorerForge
[16Apr2026 02:26:24.468] [main/DEBUG] [net.minecraftforge.fml.lowcodemod.LowCodeModLanguageProvider.LowCodeModTarget/LOADING]: Loading LowCodeModContainer from classloader cpw.mods.modlauncher.TransformingClassLoader@22791b75 - got cpw.mods.cl.ModuleClassLoader@2f61f937
[16Apr2026 02:26:24.468] [main/DEBUG] [net.minecraftforge.fml.lowcodemod.LowCodeModContainer/LOADING]: Creating LowCodeModContainer for mr_trek
[16Apr2026 02:26:24.468] [main/DEBUG] [net.minecraftforge.fml.javafmlmod.FMLJavaModLanguageProvider/LOADING]: Loading FMLModContainer from classloader cpw.mods.modlauncher.TransformingClassLoader@22791b75 - got cpw.mods.cl.ModuleClassLoader@2f61f937
[16Apr2026 02:26:24.468] [main/DEBUG] [net.minecraftforge.fml.javafmlmod.FMLModContainer/LOADING]: Creating FMLModContainer instance for com.yungnickyoung.minecraft.betterjungletemples.BetterJungleTemplesForge
[16Apr2026 02:26:24.486] [modloading-worker-0/DEBUG] [net.minecraftforge.fml.javafmlmod.AutomaticEventSubscriber/LOADING]: Attempting to inject @EventBusSubscriber classes into the eventbus for kuma_api
[16Apr2026 02:26:24.601] [modloading-worker-0/DEBUG] [xaero.lib.XaeroLib/]: Loaded xaero.lib.platform.services.PlatformHelperForge@578186a for service interface xaero.lib.platform.services.IPlatformHelper
[16Apr2026 02:26:24.668] [modloading-worker-0/DEBUG] [net.minecraftforge.fml.javafmlmod.AutomaticEventSubscriber/LOADING]: Attempting to inject @EventBusSubscriber classes into the eventbus for geckolib
[16Apr2026 02:26:24.674] [modloading-worker-0/DEBUG] [net.minecraftforge.fml.javafmlmod.AutomaticEventSubscriber/LOADING]: Auto-subscribing software.bernie.example.GeckoLibMod to FORGE
[16Apr2026 02:26:24.682] [modloading-worker-0/DEBUG] [net.minecraftforge.fml.javafmlmod.AutomaticEventSubscriber/LOADING]: Auto-subscribing software.bernie.example.CommonListener to MOD
[16Apr2026 02:26:24.681] [modloading-worker-0/INFO] [xaero.lib.XaeroLib/]: Registering common data for channel xaerolib:main!
[16Apr2026 02:26:24.698] [modloading-worker-0/DEBUG] [betteroceanmonuments/]: Loaded com.yungnickyoung.minecraft.betteroceanmonuments.services.ForgePlatformHelper@16d42348 for service interface com.yungnickyoung.minecraft.betteroceanmonuments.services.IPlatformHelper
[16Apr2026 02:26:24.699] [modloading-worker-0/DEBUG] [betteroceanmonuments/]: Loaded com.yungnickyoung.minecraft.betteroceanmonuments.services.ForgeModulesLoader@3ef5a095 for service interface com.yungnickyoung.minecraft.betteroceanmonuments.services.IModulesLoader
[16Apr2026 02:26:24.702] [modloading-worker-0/INFO] [xaero.lib.XaeroLib/]: Loading primary common config for channel xaerolib:main!
[16Apr2026 02:26:24.708] [modloading-worker-0/INFO] [xaero.lib.XaeroLib/]: Loading server config profiles for channel xaerolib:main!
[16Apr2026 02:26:24.736] [modloading-worker-0/DEBUG] [net.minecraftforge.fml.config.ConfigTracker/CONFIG]: Config file betteroceanmonuments-forge-1_20.toml for betteroceanmonuments tracking
[16Apr2026 02:26:24.741] [modloading-worker-0/DEBUG] [mixin/]: Mixing MixinLevelEvent from architectury.mixins.json into net.minecraftforge.event.level.LevelEvent
[16Apr2026 02:26:24.768] [modloading-worker-0/DEBUG] [net.minecraftforge.fml.javafmlmod.AutomaticEventSubscriber/LOADING]: Attempting to inject @EventBusSubscriber classes into the eventbus for betteroceanmonuments
[16Apr2026 02:26:24.769] [modloading-worker-0/DEBUG] [net.minecraftforge.fml.javafmlmod.AutomaticEventSubscriber/LOADING]: Attempting to inject @EventBusSubscriber classes into the eventbus for xaerolib
[16Apr2026 02:26:24.792] [modloading-worker-0/DEBUG] [net.minecraftforge.fml.config.ConfigTracker/CONFIG]: Config file siegeweapons-server.toml for siegeweapons tracking
[16Apr2026 02:26:24.829] [modloading-worker-0/DEBUG] [net.minecraftforge.fml.javafmlmod.AutomaticEventSubscriber/LOADING]: Attempting to inject @EventBusSubscriber classes into the eventbus for lithostitched
[16Apr2026 02:26:24.835] [modloading-worker-0/DEBUG] [net.minecraftforge.fml.javafmlmod.AutomaticEventSubscriber/LOADING]: Attempting to inject @EventBusSubscriber classes into the eventbus for siegeweapons
[16Apr2026 02:26:24.836] [modloading-worker-0/DEBUG] [net.minecraftforge.fml.javafmlmod.AutomaticEventSubscriber/LOADING]: Auto-subscribing com.talhanation.siegeweapons.config.SiegeWeaponsServerConfig to FORGE
[16Apr2026 02:26:24.863] [modloading-worker-0/DEBUG] [xaero.map.WorldMap/]: Loaded xaero.map.platform.services.ForgePlatformHelper@5040a8b4 for service interface xaero.map.platform.services.IPlatformHelper
[16Apr2026 02:26:24.869] [modloading-worker-0/INFO] [xaero.map.WorldMap/]: Registering common data for channel xaeroworldmap:main!
[16Apr2026 02:26:24.911] [modloading-worker-0/INFO] [xaero.map.WorldMap/]: Loading primary common config for channel xaeroworldmap:main!
[16Apr2026 02:26:24.913] [modloading-worker-0/INFO] [xaero.map.WorldMap/]: Loading server config profiles for channel xaeroworldmap:main!
[16Apr2026 02:26:24.943] [modloading-worker-0/DEBUG] [net.minecraftforge.fml.javafmlmod.AutomaticEventSubscriber/LOADING]: Attempting to inject @EventBusSubscriber classes into the eventbus for xaeroworldmap
[16Apr2026 02:26:24.992] [modloading-worker-0/DEBUG] [net.minecraftforge.fml.javafmlmod.AutomaticEventSubscriber/LOADING]: Attempting to inject @EventBusSubscriber classes into the eventbus for placebo
[16Apr2026 02:26:24.993] [modloading-worker-0/DEBUG] [net.minecraftforge.fml.javafmlmod.AutomaticEventSubscriber/LOADING]: Auto-subscribing dev.shadowsoffire.placebo.util.PlaceboTaskQueue to FORGE
[16Apr2026 02:26:25.033] [modloading-worker-0/DEBUG] [net.minecraftforge.fml.config.ConfigTracker/CONFIG]: Config file citadel-common.toml for citadel tracking
[16Apr2026 02:26:25.044] [modloading-worker-0/DEBUG] [net.minecraftforge.fml.javafmlmod.AutomaticEventSubscriber/LOADING]: Attempting to inject @EventBusSubscriber classes into the eventbus for citadel
[16Apr2026 02:26:25.044] [modloading-worker-0/DEBUG] [net.minecraftforge.fml.javafmlmod.AutomaticEventSubscriber/LOADING]: Auto-subscribing com.github.alexthe666.citadel.ServerProxy to MOD
[16Apr2026 02:26:25.052] [modloading-worker-0/DEBUG] [net.minecraftforge.fml.javafmlmod.AutomaticEventSubscriber/LOADING]: Attempting to inject @EventBusSubscriber classes into the eventbus for mcwwindows
[16Apr2026 02:26:25.052] [modloading-worker-0/DEBUG] [net.minecraftforge.fml.javafmlmod.AutomaticEventSubscriber/LOADING]: Auto-subscribing com.mcwwindows.kikoz.MacawsWindows to MOD
[16Apr2026 02:26:25.140] [modloading-worker-0/DEBUG] [net.minecraftforge.fml.config.ConfigTracker/CONFIG]: Config file travelersbackpack-server.toml for travelersbackpack tracking
[16Apr2026 02:26:25.142] [modloading-worker-0/DEBUG] [net.minecraftforge.fml.config.ConfigTracker/CONFIG]: Config file travelersbackpack-common.toml for travelersbackpack tracking
[16Apr2026 02:26:25.142] [modloading-worker-0/DEBUG] [net.minecraftforge.fml.config.ConfigTracker/CONFIG]: Config file travelersbackpack-client.toml for travelersbackpack tracking
[16Apr2026 02:26:25.172] [modloading-worker-0/INFO] [net.blay09.mods.balm.forge.config.ForgeBalmConfig/]: Registering config for waystones:common (COMMON) with 46 properties.
[16Apr2026 02:26:25.172] [modloading-worker-0/DEBUG] [net.minecraftforge.fml.config.ConfigTracker/CONFIG]: Config file waystones-common.toml for waystones tracking
[16Apr2026 02:26:25.188] [modloading-worker-0/DEBUG] [mixin/]: Mixing DamageSourceMixin from apotheosis.mixins.json into net.minecraft.world.damagesource.DamageSource
[16Apr2026 02:26:25.215] [modloading-worker-0/DEBUG] [net.minecraftforge.fml.config.ConfigTracker/CONFIG]: Config file aether-server.toml for aether tracking
[16Apr2026 02:26:25.215] [modloading-worker-0/DEBUG] [net.minecraftforge.fml.config.ConfigTracker/CONFIG]: Config file aether-common.toml for aether tracking
[16Apr2026 02:26:25.215] [modloading-worker-0/DEBUG] [net.minecraftforge.fml.config.ConfigTracker/CONFIG]: Config file aether-client.toml for aether tracking
[16Apr2026 02:26:25.216] [modloading-worker-0/DEBUG] [net.minecraftforge.fml.javafmlmod.AutomaticEventSubscriber/LOADING]: Attempting to inject @EventBusSubscriber classes into the eventbus for aether
[16Apr2026 02:26:25.216] [modloading-worker-0/DEBUG] [net.minecraftforge.fml.javafmlmod.AutomaticEventSubscriber/LOADING]: Auto-subscribing com.aetherteam.aether.item.combat.loot.PigSlayerItem to FORGE
[16Apr2026 02:26:25.225] [modloading-worker-0/DEBUG] [net.minecraftforge.fml.javafmlmod.AutomaticEventSubscriber/LOADING]: Auto-subscribing com.aetherteam.aether.item.combat.loot.HolySwordItem to FORGE
[16Apr2026 02:26:25.226] [modloading-worker-0/DEBUG] [net.minecraftforge.fml.javafmlmod.AutomaticEventSubscriber/LOADING]: Auto-subscribing com.aetherteam.aether.item.combat.loot.FlamingSwordItem to FORGE
[16Apr2026 02:26:25.226] [modloading-worker-0/DEBUG] [net.minecraftforge.fml.javafmlmod.AutomaticEventSubscriber/LOADING]: Auto-subscribing com.aetherteam.aether.item.combat.SkyrootSwordItem to FORGE
[16Apr2026 02:26:25.227] [modloading-worker-0/DEBUG] [net.minecraftforge.fml.javafmlmod.AutomaticEventSubscriber/LOADING]: Auto-subscribing com.aetherteam.aether.item.AetherCreativeTabs to MOD
[16Apr2026 02:26:25.227] [modloading-worker-0/DEBUG] [net.minecraftforge.fml.javafmlmod.AutomaticEventSubscriber/LOADING]: Auto-subscribing com.aetherteam.aether.event.listeners.capability.AetherTimeListener to FORGE
[16Apr2026 02:26:25.233] [modloading-worker-0/DEBUG] [net.minecraftforge.fml.javafmlmod.AutomaticEventSubscriber/LOADING]: Auto-subscribing com.aetherteam.aether.event.listeners.capability.AetherPlayerListener to FORGE
[16Apr2026 02:26:25.356] [modloading-worker-0/DEBUG] [net.minecraftforge.fml.javafmlmod.AutomaticEventSubscriber/LOADING]: Auto-subscribing com.aetherteam.aether.event.listeners.abilities.WeaponAbilityListener to FORGE
[16Apr2026 02:26:25.369] [modloading-worker-0/DEBUG] [net.minecraftforge.fml.javafmlmod.AutomaticEventSubscriber/LOADING]: Auto-subscribing com.aetherteam.aether.event.listeners.abilities.ToolAbilityListener to FORGE
[16Apr2026 02:26:25.382] [modloading-worker-0/DEBUG] [net.minecraftforge.fml.javafmlmod.AutomaticEventSubscriber/LOADING]: Auto-subscribing com.aetherteam.aether.event.listeners.abilities.ArmorAbilityListener to FORGE
[16Apr2026 02:26:25.414] [modloading-worker-0/DEBUG] [net.minecraftforge.fml.javafmlmod.AutomaticEventSubscriber/LOADING]: Auto-subscribing com.aetherteam.aether.event.listeners.abilities.AccessoryAbilityListener to FORGE
[16Apr2026 02:26:25.419] [modloading-worker-0/DEBUG] [net.minecraftforge.fml.javafmlmod.AutomaticEventSubscriber/LOADING]: Auto-subscribing com.aetherteam.aether.event.listeners.RecipeListener to FORGE
[16Apr2026 02:26:25.438] [modloading-worker-0/DEBUG] [net.minecraftforge.fml.javafmlmod.AutomaticEventSubscriber/LOADING]: Auto-subscribing com.aetherteam.aether.event.listeners.PerkListener to FORGE
[16Apr2026 02:26:25.471] [modloading-worker-0/DEBUG] [net.minecraftforge.fml.javafmlmod.AutomaticEventSubscriber/LOADING]: Auto-subscribing com.aetherteam.aether.event.listeners.ItemListener to FORGE
[16Apr2026 02:26:25.474] [modloading-worker-0/DEBUG] [net.minecraftforge.fml.javafmlmod.AutomaticEventSubscriber/LOADING]: Auto-subscribing com.aetherteam.aether.event.listeners.EntityListener to FORGE
[16Apr2026 02:26:25.502] [modloading-worker-0/DEBUG] [net.minecraftforge.fml.javafmlmod.AutomaticEventSubscriber/LOADING]: Auto-subscribing com.aetherteam.aether.event.listeners.DimensionListener to FORGE
[16Apr2026 02:26:25.557] [modloading-worker-0/DEBUG] [net.minecraftforge.fml.javafmlmod.AutomaticEventSubscriber/LOADING]: Attempting to inject @EventBusSubscriber classes into the eventbus for waystones
[16Apr2026 02:26:25.560] [modloading-worker-0/DEBUG] [net.minecraftforge.fml.javafmlmod.AutomaticEventSubscriber/LOADING]: Auto-subscribing com.aetherteam.aether.entity.AetherEntityTypes to MOD
[16Apr2026 02:26:25.562] [modloading-worker-0/DEBUG] [net.minecraftforge.fml.config.ConfigTracker/CONFIG]: Config file alexsmobs.toml for alexsmobs tracking
[16Apr2026 02:26:25.562] [modloading-worker-0/DEBUG] [net.minecraftforge.fml.javafmlmod.AutomaticEventSubscriber/LOADING]: Auto-subscribing com.aetherteam.aether.data.ReloadListeners to FORGE
[16Apr2026 02:26:25.588] [modloading-worker-0/DEBUG] [mixin/]: Mixing ServerResourcesMixin from placebo.mixins.json into net.minecraft.server.ReloadableServerResources
[16Apr2026 02:26:25.589] [modloading-worker-0/DEBUG] [mixin/]: Mixing ReloadableServerResourcesMixin from balm.mixins.json into net.minecraft.server.ReloadableServerResources
[16Apr2026 02:26:25.596] [modloading-worker-0/DEBUG] [mixin/]: Renaming synthetic method lambda$loadResources$0(Lnet/minecraft/server/ReloadableServerResources;)V to md26f194$lambda$loadResources$0$0 in balm.mixins.json:ReloadableServerResourcesMixin
[16Apr2026 02:26:25.599] [modloading-worker-0/DEBUG] [mixin/]: Mixing ReloadableServerResourcesMixin from moonlight-common.mixins.json into net.minecraft.server.ReloadableServerResources
[16Apr2026 02:26:25.605] [modloading-worker-0/DEBUG] [net.minecraftforge.fml.javafmlmod.AutomaticEventSubscriber/LOADING]: Auto-subscribing com.aetherteam.aether.command.AetherCommands to FORGE
[16Apr2026 02:26:25.609] [modloading-worker-0/DEBUG] [net.minecraftforge.fml.javafmlmod.AutomaticEventSubscriber/LOADING]: Auto-subscribing com.aetherteam.aether.capability.AetherCapabilities to MOD
[16Apr2026 02:26:25.673] [modloading-worker-0/DEBUG] [net.minecraftforge.fml.javafmlmod.AutomaticEventSubscriber/LOADING]: Auto-subscribing com.aetherteam.aether.capability.AetherCapabilities$Registration to FORGE
[16Apr2026 02:26:25.734] [modloading-worker-0/DEBUG] [net.minecraftforge.fml.javafmlmod.AutomaticEventSubscriber/LOADING]: Attempting to inject @EventBusSubscriber classes into the eventbus for alexsmobs
[16Apr2026 02:26:25.734] [modloading-worker-0/DEBUG] [net.minecraftforge.fml.javafmlmod.AutomaticEventSubscriber/LOADING]: Auto-subscribing com.github.alexthe666.alexsmobs.world.AMWorldRegistry to MOD
[16Apr2026 02:26:25.736] [modloading-worker-0/DEBUG] [net.minecraftforge.fml.javafmlmod.AutomaticEventSubscriber/LOADING]: Auto-subscribing com.github.alexthe666.alexsmobs.tileentity.AMTileEntityRegistry to MOD
[16Apr2026 02:26:25.737] [modloading-worker-0/DEBUG] [net.minecraftforge.fml.javafmlmod.AutomaticEventSubscriber/LOADING]: Auto-subscribing com.github.alexthe666.alexsmobs.event.ServerEvents to FORGE
[16Apr2026 02:26:25.744] [modloading-worker-0/DEBUG] [net.minecraftforge.fml.javafmlmod.AutomaticEventSubscriber/LOADING]: Auto-subscribing com.github.alexthe666.alexsmobs.entity.AMEntityRegistry to MOD
[16Apr2026 02:26:25.744] [modloading-worker-0/DEBUG] [net.minecraftforge.fml.javafmlmod.AutomaticEventSubscriber/LOADING]: Auto-subscribing com.github.alexthe666.alexsmobs.CommonProxy to MOD
[16Apr2026 02:26:25.746] [modloading-worker-0/DEBUG] [mixin/]: Mixing ConditionHackMixin from moonlight.mixins.json into net.minecraft.server.packs.resources.SimplePreparableReloadListener
[16Apr2026 02:26:25.757] [modloading-worker-0/DEBUG] [net.minecraftforge.fml.javafmlmod.AutomaticEventSubscriber/LOADING]: Auto-subscribing com.github.alexthe666.alexsmobs.AlexsMobs to FORGE
[16Apr2026 02:26:25.861] [modloading-worker-0/INFO] [dev.architectury.networking.forge.NetworkManagerImpl/]: Registering C2S receiver with id architectury:sync_ids
[16Apr2026 02:26:25.866] [modloading-worker-0/INFO] [dev.architectury.networking.forge.NetworkManagerImpl/]: Registering C2S receiver with id artifacts:networking_channel/42a7ad70b1cc371599a0eff744096b8a
[16Apr2026 02:26:25.877] [modloading-worker-0/DEBUG] [net.minecraftforge.fml.javafmlmod.AutomaticEventSubscriber/LOADING]: Attempting to inject @EventBusSubscriber classes into the eventbus for yungsapi
[16Apr2026 02:26:25.877] [modloading-worker-0/DEBUG] [net.minecraftforge.fml.javafmlmod.AutomaticEventSubscriber/LOADING]: Attempting to inject @EventBusSubscriber classes into the eventbus for mr_veinminer
[16Apr2026 02:26:25.878] [modloading-worker-0/DEBUG] [net.minecraftforge.fml.javafmlmod.AutomaticEventSubscriber/LOADING]: Attempting to inject @EventBusSubscriber classes into the eventbus for glitchcore
[16Apr2026 02:26:25.878] [modloading-worker-0/DEBUG] [net.minecraftforge.fml.javafmlmod.AutomaticEventSubscriber/LOADING]: Auto-subscribing glitchcore.forge.handlers.VillagerTradesEventHandler to FORGE
[16Apr2026 02:26:25.873] [modloading-worker-0/INFO] [dev.architectury.networking.forge.NetworkManagerImpl/]: Registering C2S receiver with id artifacts:networking_channel/74a5e841822a3a87854ae896a33430d6
[16Apr2026 02:26:25.880] [modloading-worker-0/INFO] [dev.architectury.networking.forge.NetworkManagerImpl/]: Registering C2S receiver with id artifacts:networking_channel/eb3d1e2748533430848cadf0f37c7e9c
[16Apr2026 02:26:25.881] [modloading-worker-0/INFO] [dev.architectury.networking.forge.NetworkManagerImpl/]: Registering C2S receiver with id artifacts:networking_channel/91c8520f19f93b3e8b6a727568e194ab
[16Apr2026 02:26:25.887] [modloading-worker-0/INFO] [dev.architectury.networking.forge.NetworkManagerImpl/]: Registering C2S receiver with id artifacts:networking_channel/8c2784d778293fd482ed84b8aa5fedb9
[16Apr2026 02:26:25.889] [modloading-worker-0/DEBUG] [net.minecraftforge.fml.javafmlmod.AutomaticEventSubscriber/LOADING]: Auto-subscribing glitchcore.forge.handlers.TooltipEventHandler to FORGE
[16Apr2026 02:26:25.890] [modloading-worker-0/DEBUG] [net.minecraftforge.fml.javafmlmod.AutomaticEventSubscriber/LOADING]: Auto-subscribing glitchcore.forge.handlers.ToolModificationEventHandler to FORGE
[16Apr2026 02:26:25.891] [modloading-worker-0/INFO] [dev.architectury.networking.forge.NetworkManagerImpl/]: Registering C2S receiver with id artifacts:networking_channel/ea038224ea783d40b2863f52239e2604
[16Apr2026 02:26:25.893] [modloading-worker-0/DEBUG] [net.minecraftforge.fml.javafmlmod.AutomaticEventSubscriber/LOADING]: Auto-subscribing glitchcore.forge.handlers.TickEventHandler to FORGE
[16Apr2026 02:26:25.895] [modloading-worker-0/INFO] [dev.architectury.networking.forge.NetworkManagerImpl/]: Registering C2S receiver with id artifacts:networking_channel/97ad64b7ecaf33209991c4f031501a58
[16Apr2026 02:26:25.897] [modloading-worker-0/DEBUG] [net.minecraftforge.fml.javafmlmod.AutomaticEventSubscriber/LOADING]: Auto-subscribing glitchcore.forge.handlers.TagsUpdatedEventHandler to FORGE
[16Apr2026 02:26:25.900] [modloading-worker-0/DEBUG] [net.minecraftforge.fml.javafmlmod.AutomaticEventSubscriber/LOADING]: Auto-subscribing glitchcore.forge.handlers.RegistryEventHandler to MOD
[16Apr2026 02:26:25.901] [modloading-worker-0/DEBUG] [net.minecraftforge.fml.javafmlmod.AutomaticEventSubscriber/LOADING]: Auto-subscribing glitchcore.forge.handlers.RegisterCommandsEventHandler to FORGE
[16Apr2026 02:26:25.918] [modloading-worker-0/DEBUG] [net.minecraftforge.fml.javafmlmod.AutomaticEventSubscriber/LOADING]: Auto-subscribing glitchcore.forge.handlers.PlayerLoggedInEventHandler to FORGE
[16Apr2026 02:26:25.920] [modloading-worker-0/DEBUG] [net.minecraftforge.fml.javafmlmod.AutomaticEventSubscriber/LOADING]: Auto-subscribing glitchcore.forge.handlers.InteractionEventHandler to FORGE
[16Apr2026 02:26:25.942] [modloading-worker-0/DEBUG] [net.minecraftforge.fml.config.ConfigTracker/CONFIG]: Config file guardvillagers-common.toml for guardvillagers tracking
[16Apr2026 02:26:25.950] [modloading-worker-0/WARN] [net.minecraftforge.common.ForgeConfigSpec/CORE]: Configuration file /workspaces/papas-con-mayo/servidor_minecraft/config/guardvillagers-common.toml is not correct. Correcting
[16Apr2026 02:26:25.956] [modloading-worker-0/DEBUG] [net.minecraftforge.common.ForgeConfigSpec/CORE]: The comment on key villager stuff.Profession Whitelist for guard conversion does not match the spec. This may create a backup.
[16Apr2026 02:26:25.956] [modloading-worker-0/DEBUG] [net.minecraftforge.common.ForgeConfigSpec/CORE]: The comment on key guard stuff.Structure pieces that spawn guards does not match the spec. This may create a backup.
[16Apr2026 02:26:25.960] [modloading-worker-0/DEBUG] [mixin/]: Mixing item.wearable.WearableArtifactItemMixin from mixins.artifacts.forge.json into artifacts.item.wearable.WearableArtifactItem
[16Apr2026 02:26:25.964] [modloading-worker-0/DEBUG] [net.minecraftforge.fml.config.ConfigTracker/CONFIG]: Config file guardvillagers-client.toml for guardvillagers tracking
[16Apr2026 02:26:25.980] [modloading-worker-0/DEBUG] [net.minecraftforge.fml.javafmlmod.AutomaticEventSubscriber/LOADING]: Attempting to inject @EventBusSubscriber classes into the eventbus for mcwstairs
[16Apr2026 02:26:25.983] [modloading-worker-0/DEBUG] [net.minecraftforge.fml.javafmlmod.AutomaticEventSubscriber/LOADING]: Auto-subscribing com.mcwstairs.kikoz.MacawsStairs to MOD
[16Apr2026 02:26:25.984] [modloading-worker-0/DEBUG] [mixin/]: Mixing item.umbrella.UmbrellaItemMixin from mixins.artifacts.forge.json into artifacts.item.UmbrellaItem
[16Apr2026 02:26:26.015] [modloading-worker-0/DEBUG] [net.minecraftforge.fml.javafmlmod.AutomaticEventSubscriber/LOADING]: Attempting to inject @EventBusSubscriber classes into the eventbus for guardvillagers
[16Apr2026 02:26:26.019] [modloading-worker-0/DEBUG] [net.minecraftforge.fml.javafmlmod.AutomaticEventSubscriber/LOADING]: Auto-subscribing tallestegg.guardvillagers.VillagerToGuard to FORGE
[16Apr2026 02:26:26.020] [modloading-worker-0/DEBUG] [net.minecraftforge.fml.javafmlmod.AutomaticEventSubscriber/LOADING]: Auto-subscribing tallestegg.guardvillagers.HandlerEvents to FORGE
[16Apr2026 02:26:26.032] [modloading-worker-0/DEBUG] [net.minecraftforge.fml.javafmlmod.AutomaticEventSubscriber/LOADING]: Auto-subscribing tallestegg.guardvillagers.configuration.GuardConfig to MOD
[16Apr2026 02:26:26.033] [modloading-worker-0/DEBUG] [net.minecraftforge.fml.javafmlmod.AutomaticEventSubscriber/LOADING]: Auto-subscribing tallestegg.guardvillagers.client.GuardSounds to MOD
[16Apr2026 02:26:26.034] [modloading-worker-0/DEBUG] [net.minecraftforge.fml.javafmlmod.AutomaticEventSubscriber/LOADING]: Auto-subscribing tallestegg.guardvillagers.GuardEntityType to MOD
[16Apr2026 02:26:26.034] [modloading-worker-0/DEBUG] [net.minecraftforge.fml.javafmlmod.AutomaticEventSubscriber/LOADING]: Auto-subscribing tallestegg.guardvillagers.GuardItems to MOD
[16Apr2026 02:26:26.245] [modloading-worker-0/DEBUG] [net.minecraftforge.fml.javafmlmod.AutomaticEventSubscriber/LOADING]: Attempting to inject @EventBusSubscriber classes into the eventbus for artifacts
[16Apr2026 02:26:26.261] [modloading-worker-0/DEBUG] [betterdeserttemples/]: Loaded com.yungnickyoung.minecraft.betterdeserttemples.services.ForgePlatformHelper@bdb8077 for service interface com.yungnickyoung.minecraft.betterdeserttemples.services.IPlatformHelper
[16Apr2026 02:26:26.269] [modloading-worker-0/DEBUG] [net.minecraftforge.fml.javafmlmod.AutomaticEventSubscriber/LOADING]: Attempting to inject @EventBusSubscriber classes into the eventbus for relics
[16Apr2026 02:26:26.273] [modloading-worker-0/DEBUG] [net.minecraftforge.fml.javafmlmod.AutomaticEventSubscriber/LOADING]: Auto-subscribing it.hurts.sskirillss.relics.network.NetworkHandler to MOD
[16Apr2026 02:26:26.274] [modloading-worker-0/DEBUG] [net.minecraftforge.fml.javafmlmod.AutomaticEventSubscriber/LOADING]: Auto-subscribing it.hurts.sskirillss.relics.items.relics.ring.ChorusInhibitorItem$Events to FORGE
[16Apr2026 02:26:26.270] [modloading-worker-0/DEBUG] [betterdeserttemples/]: Loaded com.yungnickyoung.minecraft.betterdeserttemples.services.ForgeModulesLoader@5f6d9f15 for service interface com.yungnickyoung.minecraft.betterdeserttemples.services.IModulesLoader
[16Apr2026 02:26:26.279] [modloading-worker-0/DEBUG] [net.minecraftforge.fml.javafmlmod.AutomaticEventSubscriber/LOADING]: Auto-subscribing it.hurts.sskirillss.relics.items.relics.ring.BastionRingItem$Events to FORGE
[16Apr2026 02:26:26.280] [modloading-worker-0/DEBUG] [net.minecraftforge.fml.javafmlmod.AutomaticEventSubscriber/LOADING]: Auto-subscribing it.hurts.sskirillss.relics.items.relics.necklace.ReflectionNecklaceItem$ReflectionNecklaceServerEvents to FORGE
[16Apr2026 02:26:26.281] [modloading-worker-0/DEBUG] [net.minecraftforge.fml.javafmlmod.AutomaticEventSubscriber/LOADING]: Attempting to inject @EventBusSubscriber classes into the eventbus for travelersbackpack
[16Apr2026 02:26:26.281] [modloading-worker-0/DEBUG] [net.minecraftforge.fml.javafmlmod.AutomaticEventSubscriber/LOADING]: Auto-subscribing com.tiviacz.travelersbackpack.handlers.NeoForgeEventHandler to FORGE
[16Apr2026 02:26:26.288] [modloading-worker-0/DEBUG] [betterdeserttemples/]: Loaded com.yungnickyoung.minecraft.betterdeserttemples.services.ForgeProcessorProvider@431dba9e for service interface com.yungnickyoung.minecraft.betterdeserttemples.services.IProcessorProvider
[16Apr2026 02:26:26.289] [modloading-worker-0/DEBUG] [net.minecraftforge.fml.javafmlmod.AutomaticEventSubscriber/LOADING]: Auto-subscribing it.hurts.sskirillss.relics.items.relics.necklace.HolyLocketItem$Events to FORGE
[16Apr2026 02:26:26.301] [modloading-worker-0/DEBUG] [net.minecraftforge.fml.javafmlmod.AutomaticEventSubscriber/LOADING]: Auto-subscribing it.hurts.sskirillss.relics.items.relics.hands.WoolMittenItem$Events to FORGE
[16Apr2026 02:26:26.302] [modloading-worker-0/DEBUG] [net.minecraftforge.fml.javafmlmod.AutomaticEventSubscriber/LOADING]: Auto-subscribing it.hurts.sskirillss.relics.items.relics.hands.RageGloveItem$Events to FORGE
[16Apr2026 02:26:26.316] [modloading-worker-0/DEBUG] [net.minecraftforge.fml.config.ConfigTracker/CONFIG]: Config file betterdeserttemples-forge-1_20.toml for betterdeserttemples tracking
[16Apr2026 02:26:26.317] [modloading-worker-0/DEBUG] [net.minecraftforge.fml.javafmlmod.AutomaticEventSubscriber/LOADING]: Auto-subscribing it.hurts.sskirillss.relics.items.relics.feet.RollerSkatesItem$Events to FORGE
[16Apr2026 02:26:26.322] [modloading-worker-0/DEBUG] [net.minecraftforge.fml.javafmlmod.AutomaticEventSubscriber/LOADING]: Auto-subscribing it.hurts.sskirillss.relics.items.relics.feet.MagmaWalkerItem to FORGE
[16Apr2026 02:26:26.331] [modloading-worker-0/DEBUG] [net.minecraftforge.fml.javafmlmod.AutomaticEventSubscriber/LOADING]: Attempting to inject @EventBusSubscriber classes into the eventbus for betterdeserttemples
[16Apr2026 02:26:26.338] [modloading-worker-0/DEBUG] [net.minecraftforge.fml.javafmlmod.AutomaticEventSubscriber/LOADING]: Auto-subscribing com.tiviacz.travelersbackpack.handlers.ModEventHandler to MOD
[16Apr2026 02:26:26.345] [modloading-worker-0/DEBUG] [net.minecraftforge.fml.javafmlmod.AutomaticEventSubscriber/LOADING]: Auto-subscribing it.hurts.sskirillss.relics.items.relics.feet.IceBreakerItem$Events to FORGE
[16Apr2026 02:26:26.349] [modloading-worker-0/DEBUG] [net.minecraftforge.fml.javafmlmod.AutomaticEventSubscriber/LOADING]: Auto-subscribing it.hurts.sskirillss.relics.items.relics.feet.AquaWalkerItem to FORGE
[16Apr2026 02:26:26.354] [modloading-worker-0/DEBUG] [net.minecraftforge.fml.javafmlmod.AutomaticEventSubscriber/LOADING]: Auto-subscribing it.hurts.sskirillss.relics.items.relics.feet.AmphibianBootItem$Events to FORGE
[16Apr2026 02:26:26.356] [modloading-worker-0/DEBUG] [net.minecraftforge.fml.javafmlmod.AutomaticEventSubscriber/LOADING]: Auto-subscribing it.hurts.sskirillss.relics.items.relics.charm.SporeSackItem$Events to FORGE
[16Apr2026 02:26:26.358] [modloading-worker-0/DEBUG] [net.minecraftforge.fml.javafmlmod.AutomaticEventSubscriber/LOADING]: Auto-subscribing it.hurts.sskirillss.relics.items.relics.belt.LeatherBeltItem to FORGE
[16Apr2026 02:26:26.366] [modloading-worker-0/DEBUG] [net.minecraftforge.fml.javafmlmod.AutomaticEventSubscriber/LOADING]: Auto-subscribing it.hurts.sskirillss.relics.items.relics.belt.HunterBeltItem$HunterBeltEvents to FORGE
[16Apr2026 02:26:26.366] [modloading-worker-0/DEBUG] [net.minecraftforge.fml.javafmlmod.AutomaticEventSubscriber/LOADING]: Auto-subscribing it.hurts.sskirillss.relics.items.relics.belt.DrownedBeltItem$Events to FORGE
[16Apr2026 02:26:26.369] [modloading-worker-0/DEBUG] [net.minecraftforge.fml.javafmlmod.AutomaticEventSubscriber/LOADING]: Attempting to inject @EventBusSubscriber classes into the eventbus for apotheosis
[16Apr2026 02:26:26.374] [modloading-worker-0/DEBUG] [net.minecraftforge.fml.javafmlmod.AutomaticEventSubscriber/LOADING]: Auto-subscribing dev.shadowsoffire.apotheosis.village.wanderer.WandererReplacements to MOD
[16Apr2026 02:26:26.410] [modloading-worker-0/DEBUG] [net.minecraftforge.fml.javafmlmod.AutomaticEventSubscriber/LOADING]: Auto-subscribing it.hurts.sskirillss.relics.items.relics.back.MidnightRobeItem$ServerEvents to FORGE
[16Apr2026 02:26:26.411] [modloading-worker-0/DEBUG] [net.minecraftforge.fml.javafmlmod.AutomaticEventSubscriber/LOADING]: Auto-subscribing it.hurts.sskirillss.relics.items.relics.back.ElytraBoosterItem to FORGE
[16Apr2026 02:26:26.415] [modloading-worker-0/DEBUG] [net.minecraftforge.fml.javafmlmod.AutomaticEventSubscriber/LOADING]: Auto-subscribing it.hurts.sskirillss.relics.items.relics.back.ArrowQuiverItem$Events to FORGE
[16Apr2026 02:26:26.422] [modloading-worker-0/DEBUG] [net.minecraftforge.fml.javafmlmod.AutomaticEventSubscriber/LOADING]: Auto-subscribing dev.shadowsoffire.apotheosis.adventure.loot.ShieldBreakerTest to FORGE
[16Apr2026 02:26:26.422] [modloading-worker-0/DEBUG] [net.minecraftforge.fml.javafmlmod.AutomaticEventSubscriber/LOADING]: Auto-subscribing it.hurts.sskirillss.relics.items.relics.SpatialSignItem$Events to FORGE
[16Apr2026 02:26:26.427] [modloading-worker-0/DEBUG] [net.minecraftforge.fml.javafmlmod.AutomaticEventSubscriber/LOADING]: Auto-subscribing it.hurts.sskirillss.relics.items.relics.MagicMirrorItem$ServerEvents to FORGE
[16Apr2026 02:26:26.430] [modloading-worker-0/DEBUG] [net.minecraftforge.fml.javafmlmod.AutomaticEventSubscriber/LOADING]: Auto-subscribing it.hurts.sskirillss.relics.items.relics.InfinityHamItem$Events to FORGE
[16Apr2026 02:26:26.432] [modloading-worker-0/DEBUG] [net.minecraftforge.fml.javafmlmod.AutomaticEventSubscriber/LOADING]: Auto-subscribing it.hurts.sskirillss.relics.init.CommandRegistry to FORGE
[16Apr2026 02:26:26.433] [modloading-worker-0/DEBUG] [net.minecraftforge.fml.javafmlmod.AutomaticEventSubscriber/LOADING]: Auto-subscribing it.hurts.sskirillss.relics.init.CapabilityRegistry to FORGE
[16Apr2026 02:26:26.437] [modloading-worker-0/DEBUG] [net.minecraftforge.fml.javafmlmod.AutomaticEventSubscriber/LOADING]: Auto-subscribing it.hurts.sskirillss.relics.entities.ArrowRainEntity$Events to FORGE
[16Apr2026 02:26:26.439] [modloading-worker-0/DEBUG] [net.minecraftforge.fml.javafmlmod.AutomaticEventSubscriber/LOADING]: Auto-subscribing it.hurts.sskirillss.relics.effects.BleedingEffect$Events to FORGE
[16Apr2026 02:26:26.439] [modloading-worker-0/DEBUG] [net.minecraftforge.fml.javafmlmod.AutomaticEventSubscriber/LOADING]: Attempting to inject @EventBusSubscriber classes into the eventbus for balm
[16Apr2026 02:26:26.440] [modloading-worker-0/DEBUG] [net.minecraftforge.fml.javafmlmod.AutomaticEventSubscriber/LOADING]: Auto-subscribing it.hurts.sskirillss.relics.effects.AntiHealEffect$Events to FORGE
[16Apr2026 02:26:26.442] [modloading-worker-0/DEBUG] [net.minecraftforge.fml.javafmlmod.AutomaticEventSubscriber/LOADING]: Auto-subscribing it.hurts.sskirillss.relics.capability.handlers.SyncHandler to FORGE
[16Apr2026 02:26:26.443] [modloading-worker-0/DEBUG] [net.minecraftforge.fml.javafmlmod.AutomaticEventSubscriber/LOADING]: Attempting to inject @EventBusSubscriber classes into the eventbus for puzzlesaccessapi
[16Apr2026 02:26:26.445] [modloading-worker-0/DEBUG] [net.minecraftforge.fml.javafmlmod.AutomaticEventSubscriber/LOADING]: Attempting to inject @EventBusSubscriber classes into the eventbus for dungeons_arise_seven_seas
[16Apr2026 02:26:26.446] [modloading-worker-0/DEBUG] [net.minecraftforge.fml.javafmlmod.AutomaticEventSubscriber/LOADING]: Attempting to inject @EventBusSubscriber classes into the eventbus for cloth_config
[16Apr2026 02:26:26.449] [modloading-worker-0/DEBUG] [net.minecraftforge.versions.forge.ForgeVersion/CORE]: Forge Version package package net.minecraftforge.versions.forge, Forge, version 47.3 from cpw.mods.modlauncher.TransformingClassLoader@22791b75
[16Apr2026 02:26:26.450] [modloading-worker-0/DEBUG] [net.minecraftforge.versions.forge.ForgeVersion/CORE]: Found Forge version 47.3.7
[16Apr2026 02:26:26.452] [modloading-worker-0/DEBUG] [net.minecraftforge.versions.forge.ForgeVersion/CORE]: Found Forge spec 47.3
[16Apr2026 02:26:26.452] [modloading-worker-0/DEBUG] [net.minecraftforge.versions.forge.ForgeVersion/CORE]: Found Forge group net.minecraftforge
[16Apr2026 02:26:26.455] [modloading-worker-0/DEBUG] [net.minecraftforge.versions.mcp.MCPVersion/CORE]: MCP Version package package net.minecraftforge.versions.mcp, Minecraft, version 1.20.1 from cpw.mods.modlauncher.TransformingClassLoader@22791b75
[16Apr2026 02:26:26.455] [modloading-worker-0/DEBUG] [net.minecraftforge.versions.mcp.MCPVersion/CORE]: Found MC version information 1.20.1
[16Apr2026 02:26:26.455] [modloading-worker-0/DEBUG] [net.minecraftforge.versions.mcp.MCPVersion/CORE]: Found MCP version information 20230612.114412
[16Apr2026 02:26:26.455] [modloading-worker-0/INFO] [net.minecraftforge.common.ForgeMod/FORGEMOD]: Forge mod loading, version 47.3.7, for MC 1.20.1 with MCP 20230612.114412
[16Apr2026 02:26:26.456] [modloading-worker-0/INFO] [net.minecraftforge.common.MinecraftForge/FORGE]: MinecraftForge v47.3.7 Initialized
[16Apr2026 02:26:26.463] [modloading-worker-0/DEBUG] [net.minecraftforge.fml.javafmlmod.AutomaticEventSubscriber/LOADING]: Attempting to inject @EventBusSubscriber classes into the eventbus for immersive_armors
[16Apr2026 02:26:26.463] [modloading-worker-0/DEBUG] [net.minecraftforge.fml.javafmlmod.AutomaticEventSubscriber/LOADING]: Auto-subscribing immersive_armors.forge.LootProvider$EventHandlers to MOD
[16Apr2026 02:26:26.471] [modloading-worker-0/DEBUG] [net.minecraftforge.fml.javafmlmod.AutomaticEventSubscriber/LOADING]: Auto-subscribing immersive_armors.forge.ForgeBusEvents to FORGE
[16Apr2026 02:26:26.473] [modloading-worker-0/DEBUG] [net.minecraftforge.fml.javafmlmod.AutomaticEventSubscriber/LOADING]: Auto-subscribing immersive_armors.forge.CommonForge to MOD
[16Apr2026 02:26:26.483] [modloading-worker-0/DEBUG] [Carry On/]: Loaded tschipp.carryon.platform.ForgePlatformHelper@1112af24 for service interface tschipp.carryon.platform.services.IPlatformHelper
[16Apr2026 02:26:26.487] [modloading-worker-0/DEBUG] [Carry On/]: Loaded tschipp.carryon.platform.ForgeGamestagesHelper@705bb8e6 for service interface tschipp.carryon.platform.services.IGamestagePlatformHelper
[16Apr2026 02:26:26.511] [modloading-worker-0/DEBUG] [net.minecraftforge.fml.config.ConfigTracker/CONFIG]: Config file carryon-client.toml for carryon tracking
[16Apr2026 02:26:26.511] [modloading-worker-0/DEBUG] [net.minecraftforge.fml.config.ConfigTracker/CONFIG]: Config file carryon-common.toml for carryon tracking
[16Apr2026 02:26:26.511] [modloading-worker-0/DEBUG] [net.minecraftforge.fml.javafmlmod.AutomaticEventSubscriber/LOADING]: Attempting to inject @EventBusSubscriber classes into the eventbus for carryon
[16Apr2026 02:26:26.512] [modloading-worker-0/DEBUG] [net.minecraftforge.fml.javafmlmod.AutomaticEventSubscriber/LOADING]: Auto-subscribing tschipp.carryon.CarryOnForge to MOD
[16Apr2026 02:26:26.512] [modloading-worker-0/DEBUG] [net.minecraftforge.fml.javafmlmod.AutomaticEventSubscriber/LOADING]: Auto-subscribing tschipp.carryon.events.CommonEvents to FORGE
[16Apr2026 02:26:26.530] [modloading-worker-0/DEBUG] [mixin/]: Mixing MixinPlayerList from xaerolib.mixins.json into net.minecraft.server.players.PlayerList
[16Apr2026 02:26:26.532] [modloading-worker-0/DEBUG] [mixin/]: Mixing MixinPlayerList from xaeroworldmap.mixins.json into net.minecraft.server.players.PlayerList
[16Apr2026 02:26:26.533] [modloading-worker-0/DEBUG] [mixin/]: Mixing PlayerListMixin from balm.mixins.json into net.minecraft.server.players.PlayerList
[16Apr2026 02:26:26.534] [modloading-worker-0/DEBUG] [mixin/]: Mixing MixinPlayerList from xaerohud.mixins.json into net.minecraft.server.players.PlayerList
[16Apr2026 02:26:26.534] [modloading-worker-0/DEBUG] [mixin/]: Mixing PlayerListMixin from skinrestorer.mixins.json into net.minecraft.server.players.PlayerList
[16Apr2026 02:26:26.535] [modloading-worker-0/DEBUG] [mixin/]: Renaming synthetic method lambda$placeNewPlayer$0(Ljava/util/UUID;)V to md26f194$lambda$placeNewPlayer$0$0 in skinrestorer.mixins.json:PlayerListMixin
[16Apr2026 02:26:26.596] [modloading-worker-0/DEBUG] [net.minecraftforge.fml.javafmlmod.AutomaticEventSubscriber/LOADING]: Auto-subscribing tschipp.carryon.events.ModBusEvents to MOD
[16Apr2026 02:26:26.598] [modloading-worker-0/DEBUG] [net.minecraftforge.fml.javafmlmod.AutomaticEventSubscriber/LOADING]: Attempting to inject @EventBusSubscriber classes into the eventbus for dungeons_arise
[16Apr2026 02:26:26.634] [modloading-worker-0/DEBUG] [net.minecraftforge.fml.javafmlmod.AutomaticEventSubscriber/LOADING]: Attempting to inject @EventBusSubscriber classes into the eventbus for mcwdoors
[16Apr2026 02:26:26.635] [modloading-worker-0/DEBUG] [net.minecraftforge.fml.javafmlmod.AutomaticEventSubscriber/LOADING]: Auto-subscribing com.mcwdoors.kikoz.MacawsDoors to MOD
[16Apr2026 02:26:26.649] [modloading-worker-0/DEBUG] [io.netty.util.internal.PlatformDependent0/]: -Dio.netty.noUnsafe: false
[16Apr2026 02:26:26.649] [modloading-worker-0/DEBUG] [io.netty.util.internal.PlatformDependent0/]: Java version: 17
[16Apr2026 02:26:26.650] [modloading-worker-0/DEBUG] [io.netty.util.internal.PlatformDependent0/]: sun.misc.Unsafe.theUnsafe: available
[16Apr2026 02:26:26.650] [modloading-worker-0/DEBUG] [io.netty.util.internal.PlatformDependent0/]: sun.misc.Unsafe.copyMemory: available
[16Apr2026 02:26:26.651] [modloading-worker-0/DEBUG] [io.netty.util.internal.PlatformDependent0/]: sun.misc.Unsafe.storeFence: available
[16Apr2026 02:26:26.659] [modloading-worker-0/DEBUG] [io.netty.util.internal.PlatformDependent0/]: java.nio.Buffer.address: available
[16Apr2026 02:26:26.659] [modloading-worker-0/DEBUG] [io.netty.util.internal.PlatformDependent0/]: direct buffer constructor: unavailable
java.lang.UnsupportedOperationException: Reflective setAccessible(true) disabled
	at io.netty.util.internal.ReflectionUtil.trySetAccessible(ReflectionUtil.java:31) ~[netty-common-4.1.82.Final.jar%2382!/:4.1.82.Final]
	at io.netty.util.internal.PlatformDependent0$5.run(PlatformDependent0.java:288) ~[netty-common-4.1.82.Final.jar%2382!/:4.1.82.Final]
	at java.security.AccessController.doPrivileged(AccessController.java:318) ~[?:?]
	at io.netty.util.internal.PlatformDependent0.<clinit>(PlatformDependent0.java:282) ~[netty-common-4.1.82.Final.jar%2382!/:4.1.82.Final]
	at io.netty.util.internal.PlatformDependent.isAndroid(PlatformDependent.java:333) ~[netty-common-4.1.82.Final.jar%2382!/:4.1.82.Final]
	at io.netty.util.internal.PlatformDependent.<clinit>(PlatformDependent.java:88) ~[netty-common-4.1.82.Final.jar%2382!/:4.1.82.Final]
	at io.netty.util.ConstantPool.<init>(ConstantPool.java:34) ~[netty-common-4.1.82.Final.jar%2382!/:4.1.82.Final]
	at io.netty.util.AttributeKey$1.<init>(AttributeKey.java:27) ~[netty-common-4.1.82.Final.jar%2382!/:4.1.82.Final]
	at io.netty.util.AttributeKey.<clinit>(AttributeKey.java:27) ~[netty-common-4.1.82.Final.jar%2382!/:4.1.82.Final]
	at net.minecraftforge.network.NetworkConstants.<clinit>(NetworkConstants.java:34) ~[forge-1.20.1-47.3.7-universal.jar%23256!/:?]
	at net.minecraftforge.common.ForgeMod.<init>(ForgeMod.java:429) ~[forge-1.20.1-47.3.7-universal.jar%23256!/:?]
	at jdk.internal.reflect.NativeConstructorAccessorImpl.newInstance0(Native Method) ~[?:?]
	at jdk.internal.reflect.NativeConstructorAccessorImpl.newInstance(NativeConstructorAccessorImpl.java:77) ~[?:?]
	at jdk.internal.reflect.DelegatingConstructorAccessorImpl.newInstance(DelegatingConstructorAccessorImpl.java:45) ~[?:?]
	at java.lang.reflect.Constructor.newInstanceWithCaller(Constructor.java:500) ~[?:?]
	at java.lang.reflect.Constructor.newInstance(Constructor.java:481) ~[?:?]
	at net.minecraftforge.fml.javafmlmod.FMLModContainer.constructMod(FMLModContainer.java:70) ~[javafmllanguage-1.20.1-47.3.7.jar%23253!/:?]
	at net.minecraftforge.fml.ModContainer.lambda$buildTransitionHandler$4(ModContainer.java:124) ~[fmlcore-1.20.1-47.3.7.jar%23252!/:?]
	at java.util.concurrent.CompletableFuture$AsyncRun.run(CompletableFuture.java:1804) ~[?:?]
	at java.util.concurrent.CompletableFuture$AsyncRun.exec(CompletableFuture.java:1796) ~[?:?]
	at java.util.concurrent.ForkJoinTask.doExec(ForkJoinTask.java:373) ~[?:?]
	at java.util.concurrent.ForkJoinPool$WorkQueue.topLevelExec(ForkJoinPool.java:1182) ~[?:?]
	at java.util.concurrent.ForkJoinPool.scan(ForkJoinPool.java:1655) ~[?:?]
	at java.util.concurrent.ForkJoinPool.runWorker(ForkJoinPool.java:1622) ~[?:?]
	at java.util.concurrent.ForkJoinWorkerThread.run(ForkJoinWorkerThread.java:165) ~[?:?]
[16Apr2026 02:26:26.662] [modloading-worker-0/DEBUG] [io.netty.util.internal.PlatformDependent0/]: java.nio.Bits.unaligned: available, true
[16Apr2026 02:26:26.663] [modloading-worker-0/DEBUG] [io.netty.util.internal.PlatformDependent0/]: jdk.internal.misc.Unsafe.allocateUninitializedArray(int): unavailable
java.lang.IllegalAccessException: class io.netty.util.internal.PlatformDependent0$7 (in module io.netty.common) cannot access class jdk.internal.misc.Unsafe (in module java.base) because module java.base does not export jdk.internal.misc to module io.netty.common
	at jdk.internal.reflect.Reflection.newIllegalAccessException(Reflection.java:392) ~[?:?]
	at java.lang.reflect.AccessibleObject.checkAccess(AccessibleObject.java:674) ~[?:?]
	at java.lang.reflect.Method.invoke(Method.java:561) ~[?:?]
	at io.netty.util.internal.PlatformDependent0$7.run(PlatformDependent0.java:410) ~[netty-common-4.1.82.Final.jar%2382!/:4.1.82.Final]
	at java.security.AccessController.doPrivileged(AccessController.java:318) ~[?:?]
	at io.netty.util.internal.PlatformDependent0.<clinit>(PlatformDependent0.java:401) ~[netty-common-4.1.82.Final.jar%2382!/:4.1.82.Final]
	at io.netty.util.internal.PlatformDependent.isAndroid(PlatformDependent.java:333) ~[netty-common-4.1.82.Final.jar%2382!/:4.1.82.Final]
	at io.netty.util.internal.PlatformDependent.<clinit>(PlatformDependent.java:88) ~[netty-common-4.1.82.Final.jar%2382!/:4.1.82.Final]
	at io.netty.util.ConstantPool.<init>(ConstantPool.java:34) ~[netty-common-4.1.82.Final.jar%2382!/:4.1.82.Final]
	at io.netty.util.AttributeKey$1.<init>(AttributeKey.java:27) ~[netty-common-4.1.82.Final.jar%2382!/:4.1.82.Final]
	at io.netty.util.AttributeKey.<clinit>(AttributeKey.java:27) ~[netty-common-4.1.82.Final.jar%2382!/:4.1.82.Final]
	at net.minecraftforge.network.NetworkConstants.<clinit>(NetworkConstants.java:34) ~[forge-1.20.1-47.3.7-universal.jar%23256!/:?]
	at net.minecraftforge.common.ForgeMod.<init>(ForgeMod.java:429) ~[forge-1.20.1-47.3.7-universal.jar%23256!/:?]
	at jdk.internal.reflect.NativeConstructorAccessorImpl.newInstance0(Native Method) ~[?:?]
	at jdk.internal.reflect.NativeConstructorAccessorImpl.newInstance(NativeConstructorAccessorImpl.java:77) ~[?:?]
	at jdk.internal.reflect.DelegatingConstructorAccessorImpl.newInstance(DelegatingConstructorAccessorImpl.java:45) ~[?:?]
	at java.lang.reflect.Constructor.newInstanceWithCaller(Constructor.java:500) ~[?:?]
	at java.lang.reflect.Constructor.newInstance(Constructor.java:481) ~[?:?]
	at net.minecraftforge.fml.javafmlmod.FMLModContainer.constructMod(FMLModContainer.java:70) ~[javafmllanguage-1.20.1-47.3.7.jar%23253!/:?]
	at net.minecraftforge.fml.ModContainer.lambda$buildTransitionHandler$4(ModContainer.java:124) ~[fmlcore-1.20.1-47.3.7.jar%23252!/:?]
	at java.util.concurrent.CompletableFuture$AsyncRun.run(CompletableFuture.java:1804) ~[?:?]
	at java.util.concurrent.CompletableFuture$AsyncRun.exec(CompletableFuture.java:1796) ~[?:?]
	at java.util.concurrent.ForkJoinTask.doExec(ForkJoinTask.java:373) ~[?:?]
	at java.util.concurrent.ForkJoinPool$WorkQueue.topLevelExec(ForkJoinPool.java:1182) ~[?:?]
	at java.util.concurrent.ForkJoinPool.scan(ForkJoinPool.java:1655) ~[?:?]
	at java.util.concurrent.ForkJoinPool.runWorker(ForkJoinPool.java:1622) ~[?:?]
	at java.util.concurrent.ForkJoinWorkerThread.run(ForkJoinWorkerThread.java:165) ~[?:?]
[16Apr2026 02:26:26.667] [modloading-worker-0/DEBUG] [io.netty.util.internal.PlatformDependent0/]: java.nio.DirectByteBuffer.<init>(long, int): unavailable
[16Apr2026 02:26:26.667] [modloading-worker-0/DEBUG] [io.netty.util.internal.PlatformDependent/]: sun.misc.Unsafe: available
[16Apr2026 02:26:26.670] [modloading-worker-0/DEBUG] [net.minecraftforge.fml.config.ConfigTracker/CONFIG]: Config file supplementaries-common.toml for supplementaries tracking
[16Apr2026 02:26:26.678] [modloading-worker-0/DEBUG] [io.netty.util.internal.PlatformDependent/]: maxDirectMemory: 12884901888 bytes (maybe)
[16Apr2026 02:26:26.678] [modloading-worker-0/DEBUG] [io.netty.util.internal.PlatformDependent/]: -Dio.netty.tmpdir: /tmp (java.io.tmpdir)
[16Apr2026 02:26:26.678] [modloading-worker-0/DEBUG] [io.netty.util.internal.PlatformDependent/]: -Dio.netty.bitMode: 64 (sun.arch.data.model)
[16Apr2026 02:26:26.679] [modloading-worker-0/DEBUG] [io.netty.util.internal.PlatformDependent/]: -Dio.netty.maxDirectMemory: -1 bytes
[16Apr2026 02:26:26.682] [modloading-worker-0/DEBUG] [io.netty.util.internal.PlatformDependent/]: -Dio.netty.uninitializedArrayAllocationThreshold: -1
[16Apr2026 02:26:26.683] [modloading-worker-0/DEBUG] [io.netty.util.internal.CleanerJava9/]: java.nio.ByteBuffer.cleaner(): available
[16Apr2026 02:26:26.683] [modloading-worker-0/DEBUG] [io.netty.util.internal.PlatformDependent/]: -Dio.netty.noPreferDirect: false
[16Apr2026 02:26:26.703] [modloading-worker-0/DEBUG] [mixin/]: Mixing common.ServerLifecycleHooksMixin from lithostitched.forge.mixins.json into net.minecraftforge.server.ServerLifecycleHooks
[16Apr2026 02:26:26.708] [modloading-worker-0/DEBUG] [mixin/]: Renaming synthetic method lambda$lithostitched$injectBiomeModifers$1(Ljava/util/List;Ljava/util/Map$Entry;)V to md26f194$lambda$lithostitched$injectBiomeModifers$1$0 in lithostitched.forge.mixins.json:common.ServerLifecycleHooksMixin
[16Apr2026 02:26:26.708] [modloading-worker-0/DEBUG] [mixin/]: Renaming synthetic method lambda$lithostitched$injectBiomeModifers$0(Ljava/util/Map$Entry;)Z to md26f194$lambda$lithostitched$injectBiomeModifers$0$1 in lithostitched.forge.mixins.json:common.ServerLifecycleHooksMixin
[16Apr2026 02:26:26.726] [modloading-worker-0/DEBUG] [mixin/]: Mixing access.LevelResourceAccessor from platform-common.mixins.json into net.minecraft.world.level.storage.LevelResource
[16Apr2026 02:26:26.726] [modloading-worker-0/DEBUG] [mixin/]: Renaming @Invoker method createLevelResource(Ljava/lang/String;)Lnet/minecraft/world/level/storage/LevelResource; to createLevelResource_$md$26f194$0 in platform-common.mixins.json:access.LevelResourceAccessor
[16Apr2026 02:26:26.778] [modloading-worker-0/DEBUG] [net.minecraftforge.common.ForgeMod/FORGEMOD]: Loading Network data for FML net version: FML3
[16Apr2026 02:26:26.812] [modloading-worker-0/DEBUG] [net.minecraftforge.fml.config.ConfigTracker/CONFIG]: Config file forge-client.toml for forge tracking
[16Apr2026 02:26:26.812] [modloading-worker-0/DEBUG] [net.minecraftforge.fml.config.ConfigTracker/CONFIG]: Config file forge-server.toml for forge tracking
[16Apr2026 02:26:26.812] [modloading-worker-0/DEBUG] [net.minecraftforge.fml.ModLoadingContext/]: Attempted to register an empty config for type COMMON on mod forge
[16Apr2026 02:26:26.832] [modloading-worker-0/DEBUG] [net.minecraftforge.fml.javafmlmod.AutomaticEventSubscriber/LOADING]: Attempting to inject @EventBusSubscriber classes into the eventbus for forge
[16Apr2026 02:26:26.833] [modloading-worker-0/DEBUG] [net.minecraftforge.fml.javafmlmod.AutomaticEventSubscriber/LOADING]: Auto-subscribing net.minecraftforge.common.ForgeSpawnEggItem$CommonHandler to MOD
[16Apr2026 02:26:26.839] [modloading-worker-0/DEBUG] [net.minecraftforge.fml.javafmlmod.AutomaticEventSubscriber/LOADING]: Attempting to inject @EventBusSubscriber classes into the eventbus for mcwbridges
[16Apr2026 02:26:26.839] [modloading-worker-0/DEBUG] [net.minecraftforge.fml.javafmlmod.AutomaticEventSubscriber/LOADING]: Auto-subscribing com.mcwbridges.kikoz.MacawsBridges to MOD
[16Apr2026 02:26:26.863] [modloading-worker-0/DEBUG] [net.minecraftforge.fml.config.ConfigTracker/CONFIG]: Config file farmersdelight-common.toml for farmersdelight tracking
[16Apr2026 02:26:26.864] [modloading-worker-0/DEBUG] [net.minecraftforge.fml.config.ConfigTracker/CONFIG]: Config file farmersdelight-client.toml for farmersdelight tracking
[16Apr2026 02:26:26.867] [modloading-worker-0/DEBUG] [net.minecraftforge.fml.javafmlmod.AutomaticEventSubscriber/LOADING]: Attempting to inject @EventBusSubscriber classes into the eventbus for terrablender
[16Apr2026 02:26:26.867] [modloading-worker-0/DEBUG] [net.minecraftforge.fml.javafmlmod.AutomaticEventSubscriber/LOADING]: Auto-subscribing terrablender.handler.InitializationHandler to FORGE
[16Apr2026 02:26:26.879] [modloading-worker-0/DEBUG] [net.minecraftforge.fml.config.ConfigTracker/CONFIG]: Config file moonlight-common.toml for moonlight tracking
[16Apr2026 02:26:26.891] [modloading-worker-0/DEBUG] [mixin/]: Mixing compat.everycomp.WoodTypeMixin from vanillabackport.mixins.json into net.mehvahdjukaar.moonlight.api.set.wood.WoodType
[16Apr2026 02:26:26.931] [modloading-worker-0/DEBUG] [mixin/]: Mixing CompatFarmersDelightTomatoMixin from supplementaries.mixins.json into vectorwing.farmersdelight.common.block.TomatoVineBlock
[16Apr2026 02:26:26.946] [modloading-worker-0/DEBUG] [mixin/]: Mixing compat.everycomp.LeavesTypeMixin from vanillabackport.mixins.json into net.mehvahdjukaar.moonlight.api.set.leaves.LeavesType
[16Apr2026 02:26:26.953] [modloading-worker-0/DEBUG] [mixin/]: Mixing self.SelfLumiseneFluidMixin from supplementaries.mixins.json into net.mehvahdjukaar.supplementaries.common.fluids.LumiseneFluid
[16Apr2026 02:26:26.965] [modloading-worker-0/DEBUG] [mixin/]: Mixing self.SelfFlammableFluidBlockMixin from supplementaries.mixins.json into net.mehvahdjukaar.supplementaries.common.fluids.FlammableLiquidBlock
[16Apr2026 02:26:26.986] [modloading-worker-0/DEBUG] [mixin/]: Mixing accessor.CriteriaTriggersAccessor from yungsapi.mixins.json into net.minecraft.advancements.CriteriaTriggers
[16Apr2026 02:26:26.987] [modloading-worker-0/DEBUG] [mixin/]: Renaming @Accessor method getValues()Ljava/util/Map; to getValues_$md$26f194$0 in yungsapi.mixins.json:accessor.CriteriaTriggersAccessor
[16Apr2026 02:26:26.988] [modloading-worker-0/DEBUG] [mixin/]: Mixing accessor.CriteriaTriggersAccessor from cataclysm.mixins.json into net.minecraft.advancements.CriteriaTriggers
[16Apr2026 02:26:26.988] [modloading-worker-0/DEBUG] [mixin/]: Renaming @Accessor method getValues()Ljava/util/Map; to getValues_$md$26f194$1 in cataclysm.mixins.json:accessor.CriteriaTriggersAccessor
[16Apr2026 02:26:27.003] [modloading-worker-0/DEBUG] [mixin/]: Mixing self.SelfSoapItemMixin from supplementaries.mixins.json into net.mehvahdjukaar.supplementaries.common.items.SoapItem
[16Apr2026 02:26:27.028] [modloading-worker-0/DEBUG] [mixin/]: Mixing self.SelfGunpowderMixin from supplementaries.mixins.json into net.mehvahdjukaar.supplementaries.common.block.blocks.GunpowderBlock
[16Apr2026 02:26:27.072] [modloading-worker-0/DEBUG] [mixin/]: Mixing self.SelfSlingshotMixin from supplementaries.mixins.json into net.mehvahdjukaar.supplementaries.common.items.SlingshotItem
[16Apr2026 02:26:27.149] [modloading-worker-0/DEBUG] [net.minecraftforge.fml.javafmlmod.AutomaticEventSubscriber/LOADING]: Attempting to inject @EventBusSubscriber classes into the eventbus for farmersdelight
[16Apr2026 02:26:27.150] [modloading-worker-0/DEBUG] [net.minecraftforge.fml.javafmlmod.AutomaticEventSubscriber/LOADING]: Auto-subscribing vectorwing.farmersdelight.data.DataGenerators to MOD
[16Apr2026 02:26:27.153] [modloading-worker-0/DEBUG] [net.minecraftforge.fml.javafmlmod.AutomaticEventSubscriber/LOADING]: Auto-subscribing vectorwing.farmersdelight.common.item.SkilletItem$SkilletEvents to FORGE
[16Apr2026 02:26:27.154] [modloading-worker-0/DEBUG] [net.minecraftforge.fml.javafmlmod.AutomaticEventSubscriber/LOADING]: Auto-subscribing vectorwing.farmersdelight.common.item.KnifeItem$KnifeEvents to FORGE
[16Apr2026 02:26:27.157] [modloading-worker-0/DEBUG] [net.minecraftforge.fml.javafmlmod.AutomaticEventSubscriber/LOADING]: Auto-subscribing vectorwing.farmersdelight.common.item.HorseFeedItem$HorseFeedEvent to FORGE
[16Apr2026 02:26:27.160] [modloading-worker-0/DEBUG] [net.minecraftforge.fml.javafmlmod.AutomaticEventSubscriber/LOADING]: Auto-subscribing vectorwing.farmersdelight.common.item.enchantment.BackstabbingEnchantment$BackstabbingEvent to FORGE
[16Apr2026 02:26:27.164] [modloading-worker-0/DEBUG] [net.minecraftforge.fml.javafmlmod.AutomaticEventSubscriber/LOADING]: Auto-subscribing vectorwing.farmersdelight.common.item.DogFoodItem$DogFoodEvent to FORGE
[16Apr2026 02:26:27.165] [modloading-worker-0/DEBUG] [net.minecraftforge.fml.javafmlmod.AutomaticEventSubscriber/LOADING]: Auto-subscribing vectorwing.farmersdelight.common.event.VillagerEvents to FORGE
[16Apr2026 02:26:27.168] [modloading-worker-0/DEBUG] [net.minecraftforge.fml.javafmlmod.AutomaticEventSubscriber/LOADING]: Auto-subscribing vectorwing.farmersdelight.common.event.SetupEvents to MOD
[16Apr2026 02:26:27.169] [modloading-worker-0/DEBUG] [net.minecraftforge.fml.javafmlmod.AutomaticEventSubscriber/LOADING]: Auto-subscribing vectorwing.farmersdelight.common.event.MappingEvents to FORGE
[16Apr2026 02:26:27.170] [modloading-worker-0/DEBUG] [net.minecraftforge.fml.javafmlmod.AutomaticEventSubscriber/LOADING]: Auto-subscribing vectorwing.farmersdelight.common.event.CommonEvents to FORGE
[16Apr2026 02:26:27.174] [modloading-worker-0/DEBUG] [net.minecraftforge.fml.javafmlmod.AutomaticEventSubscriber/LOADING]: Auto-subscribing vectorwing.farmersdelight.common.block.CuttingBoardBlock$ToolCarvingEvent to FORGE
[16Apr2026 02:26:27.207] [modloading-worker-0/DEBUG] [mixin/]: Mixing self.SelfSafeMixin from supplementaries.mixins.json into net.mehvahdjukaar.supplementaries.common.block.blocks.SafeBlock
[16Apr2026 02:26:27.244] [modloading-worker-0/DEBUG] [mixin/]: Mixing self.SelfWrenchMixin from supplementaries.mixins.json into net.mehvahdjukaar.supplementaries.common.items.WrenchItem
[16Apr2026 02:26:27.245] [modloading-worker-0/DEBUG] [mixin/]: Renaming synthetic method lambda$onLeftClickEntity$0(Lnet/minecraft/world/entity/player/Player;Lnet/minecraft/world/entity/player/Player;)V to md26f194$lambda$onLeftClickEntity$0$0 in supplementaries.mixins.json:self.SelfWrenchMixin
[16Apr2026 02:26:27.275] [modloading-worker-0/DEBUG] [net.minecraftforge.fml.javafmlmod.AutomaticEventSubscriber/LOADING]: Attempting to inject @EventBusSubscriber classes into the eventbus for moonlight
[16Apr2026 02:26:27.287] [modloading-worker-0/DEBUG] [mixin/]: Mixing impl.MixinEnvironment from glitchcore.forge.mixins.json into glitchcore.util.Environment
[16Apr2026 02:26:27.295] [modloading-worker-0/DEBUG] [mixin/]: Mixing self.SelfQuiverItemMixin from supplementaries.mixins.json into net.mehvahdjukaar.supplementaries.common.items.QuiverItem
[16Apr2026 02:26:27.302] [modloading-worker-0/DEBUG] [mixin/]: Mixing self.SelfLunchBoxItemMixin from supplementaries.mixins.json into net.mehvahdjukaar.supplementaries.common.items.LunchBoxItem
[16Apr2026 02:26:27.306] [modloading-worker-0/DEBUG] [net.minecraftforge.fml.config.ConfigTracker/CONFIG]: Config file hiccups_legacy-common.toml for hiccups_legacy tracking
[16Apr2026 02:26:27.314] [modloading-worker-0/DEBUG] [mixin/]: Mixing common.CustomGeoArmorItemMixin from endermanoverhaul.mixins.json into tech.alexnijjar.endermanoverhaul.common.items.base.CustomGeoArmorItem
[16Apr2026 02:26:27.324] [modloading-worker-0/DEBUG] [mixin/]: Mixing common.CorruptedShieldItemMixin from endermanoverhaul.mixins.json into tech.alexnijjar.endermanoverhaul.common.items.tools.CorruptedShieldItem
[16Apr2026 02:26:27.338] [modloading-worker-0/DEBUG] [mixin/]: Mixing self.SelfOpenableContainerMixin from supplementaries.mixins.json into net.mehvahdjukaar.supplementaries.common.block.tiles.OpeneableContainerBlockEntity
[16Apr2026 02:26:27.338] [modloading-worker-0/DEBUG] [net.minecraftforge.fml.javafmlmod.AutomaticEventSubscriber/LOADING]: Attempting to inject @EventBusSubscriber classes into the eventbus for hiccups_legacy
[16Apr2026 02:26:27.340] [modloading-worker-0/DEBUG] [net.minecraftforge.fml.javafmlmod.AutomaticEventSubscriber/LOADING]: Auto-subscribing net.hiccupslegacy.recipes.brewing.ElBucketCraftBrewingRecipe to MOD
[16Apr2026 02:26:27.345] [modloading-worker-0/DEBUG] [net.minecraftforge.fml.javafmlmod.AutomaticEventSubscriber/LOADING]: Auto-subscribing net.hiccupslegacy.recipes.brewing.AngelPoisonBrewingRecipe to MOD
[16Apr2026 02:26:27.346] [modloading-worker-0/DEBUG] [net.minecraftforge.fml.javafmlmod.AutomaticEventSubscriber/LOADING]: Auto-subscribing net.hiccupslegacy.procedures.PlayerJoinsWorldProcedure to FORGE
[16Apr2026 02:26:27.356] [modloading-worker-0/DEBUG] [net.minecraftforge.fml.javafmlmod.AutomaticEventSubscriber/LOADING]: Auto-subscribing net.hiccupslegacy.procedures.FallDamagePreventionProcedure to FORGE
[16Apr2026 02:26:27.359] [modloading-worker-0/DEBUG] [net.minecraftforge.fml.javafmlmod.AutomaticEventSubscriber/LOADING]: Auto-subscribing net.hiccupslegacy.procedures.EelPoxContaminationProcedure to FORGE
[16Apr2026 02:26:27.360] [modloading-worker-0/DEBUG] [net.minecraftforge.fml.javafmlmod.AutomaticEventSubscriber/LOADING]: Auto-subscribing net.hiccupslegacy.network.SecondaryAttackMessage to MOD
[16Apr2026 02:26:27.361] [modloading-worker-0/DEBUG] [net.minecraftforge.fml.javafmlmod.AutomaticEventSubscriber/LOADING]: Auto-subscribing net.hiccupslegacy.network.MilkPotButtonMessage to MOD
[16Apr2026 02:26:27.365] [modloading-worker-0/DEBUG] [mixin/]: Mixing self.SelfPlanterMixin from supplementaries.mixins.json into net.mehvahdjukaar.supplementaries.common.block.blocks.PlanterBlock
[16Apr2026 02:26:27.371] [modloading-worker-0/DEBUG] [net.minecraftforge.fml.javafmlmod.AutomaticEventSubscriber/LOADING]: Auto-subscribing net.hiccupslegacy.network.HiccupsLegacyModVariables to MOD
[16Apr2026 02:26:27.375] [modloading-worker-0/DEBUG] [net.minecraftforge.fml.javafmlmod.AutomaticEventSubscriber/LOADING]: Auto-subscribing net.hiccupslegacy.network.HiccupsLegacyModVariables$PlayerVariablesProvider to FORGE
[16Apr2026 02:26:27.384] [modloading-worker-0/DEBUG] [net.minecraftforge.fml.javafmlmod.AutomaticEventSubscriber/LOADING]: Auto-subscribing net.hiccupslegacy.network.HiccupsLegacyModVariables$EventBusVariableHandlers to FORGE
[16Apr2026 02:26:27.396] [modloading-worker-0/DEBUG] [net.minecraftforge.fml.javafmlmod.AutomaticEventSubscriber/LOADING]: Auto-subscribing net.hiccupslegacy.network.GetPreyMessage to MOD
[16Apr2026 02:26:27.397] [modloading-worker-0/DEBUG] [net.minecraftforge.fml.javafmlmod.AutomaticEventSubscriber/LOADING]: Auto-subscribing net.hiccupslegacy.network.FishTrapPageButtonMessage to MOD
[16Apr2026 02:26:27.398] [modloading-worker-0/DEBUG] [net.minecraftforge.fml.javafmlmod.AutomaticEventSubscriber/LOADING]: Auto-subscribing net.hiccupslegacy.network.DragonEyeButtonsGUIButtonMessage to MOD
[16Apr2026 02:26:27.405] [modloading-worker-0/DEBUG] [net.minecraftforge.fml.javafmlmod.AutomaticEventSubscriber/LOADING]: Auto-subscribing net.hiccupslegacy.network.DescendMessage to MOD
[16Apr2026 02:26:27.406] [modloading-worker-0/DEBUG] [net.minecraftforge.fml.javafmlmod.AutomaticEventSubscriber/LOADING]: Auto-subscribing net.hiccupslegacy.network.AttackMessage to MOD
[16Apr2026 02:26:27.406] [modloading-worker-0/DEBUG] [net.minecraftforge.fml.javafmlmod.AutomaticEventSubscriber/LOADING]: Attempting to inject @EventBusSubscriber classes into the eventbus for endermanoverhaul
[16Apr2026 02:26:27.406] [modloading-worker-0/DEBUG] [net.minecraftforge.fml.javafmlmod.AutomaticEventSubscriber/LOADING]: Attempting to inject @EventBusSubscriber classes into the eventbus for mixinsquared
[16Apr2026 02:26:27.407] [modloading-worker-0/DEBUG] [net.minecraftforge.fml.javafmlmod.AutomaticEventSubscriber/LOADING]: Auto-subscribing net.hiccupslegacy.network.AscendMessage to MOD
[16Apr2026 02:26:27.410] [modloading-worker-0/DEBUG] [net.minecraftforge.fml.javafmlmod.AutomaticEventSubscriber/LOADING]: Auto-subscribing net.hiccupslegacy.init.HiccupsLegacyModTabs to MOD
[16Apr2026 02:26:27.410] [modloading-worker-0/DEBUG] [net.minecraftforge.fml.javafmlmod.AutomaticEventSubscriber/LOADING]: Auto-subscribing net.hiccupslegacy.init.HiccupsLegacyModEvents to MOD
[16Apr2026 02:26:27.411] [modloading-worker-0/DEBUG] [net.minecraftforge.fml.javafmlmod.AutomaticEventSubscriber/LOADING]: Auto-subscribing net.hiccupslegacy.init.HiccupsLegacyModEntities to MOD
[16Apr2026 02:26:27.415] [modloading-worker-0/DEBUG] [net.minecraftforge.fml.javafmlmod.AutomaticEventSubscriber/LOADING]: Auto-subscribing net.hiccupslegacy.command.HiccupsLegacyCommand to FORGE
[16Apr2026 02:26:27.418] [modloading-worker-0/DEBUG] [net.minecraftforge.fml.javafmlmod.AutomaticEventSubscriber/LOADING]: Attempting to inject @EventBusSubscriber classes into the eventbus for jade
[16Apr2026 02:26:27.426] [modloading-worker-0/DEBUG] [mixin/]: Mixing MixinBloodFluid from biomesoplenty.forge.mixins.json into biomesoplenty.block.BloodFluid
[16Apr2026 02:26:27.429] [modloading-worker-0/DEBUG] [mixin/]: Mixing self.SelfFrameMixin from supplementaries.mixins.json into net.mehvahdjukaar.supplementaries.common.block.blocks.FrameBlock
[16Apr2026 02:26:27.432] [modloading-worker-0/DEBUG] [mixin/]: Mixing MixinLiquidNullFluid from biomesoplenty.forge.mixins.json into biomesoplenty.block.LiquidNullFluid
[16Apr2026 02:26:27.445] [modloading-worker-0/DEBUG] [net.minecraftforge.fml.javafmlmod.AutomaticEventSubscriber/LOADING]: Attempting to inject @EventBusSubscriber classes into the eventbus for chunky
[16Apr2026 02:26:27.534] [modloading-worker-0/DEBUG] [net.minecraftforge.fml.javafmlmod.AutomaticEventSubscriber/LOADING]: Attempting to inject @EventBusSubscriber classes into the eventbus for biomesoplenty
[16Apr2026 02:26:27.537] [modloading-worker-0/DEBUG] [net.minecraftforge.fml.javafmlmod.AutomaticEventSubscriber/LOADING]: Auto-subscribing biomesoplenty.forge.handler.MissingMappingsHandler to FORGE
[16Apr2026 02:26:27.542] [modloading-worker-0/DEBUG] [net.minecraftforge.fml.javafmlmod.AutomaticEventSubscriber/LOADING]: Attempting to inject @EventBusSubscriber classes into the eventbus for another_furniture
[16Apr2026 02:26:27.542] [modloading-worker-0/DEBUG] [net.minecraftforge.fml.javafmlmod.AutomaticEventSubscriber/LOADING]: Auto-subscribing com.starfish_studios.another_furniture.forge.AnotherFurnitureForgeClient to MOD
[16Apr2026 02:26:27.546] [modloading-worker-0/DEBUG] [net.minecraftforge.fml.javafmlmod.AutomaticEventSubscriber/LOADING]: Auto-subscribing biomesoplenty.forge.datagen.DataGenerationHandler to MOD
[16Apr2026 02:26:27.546] [modloading-worker-0/DEBUG] [net.minecraftforge.fml.javafmlmod.AutomaticEventSubscriber/LOADING]: Auto-subscribing com.starfish_studios.another_furniture.event.forge.FurnaceFuelEvent to FORGE
[16Apr2026 02:26:27.547] [modloading-worker-0/DEBUG] [net.minecraftforge.fml.javafmlmod.AutomaticEventSubscriber/LOADING]: Auto-subscribing com.starfish_studios.another_furniture.event.forge.DatapackSyncEvent to FORGE
[16Apr2026 02:26:27.551] [modloading-worker-0/DEBUG] [net.minecraftforge.fml.javafmlmod.AutomaticEventSubscriber/LOADING]: Auto-subscribing com.starfish_studios.another_furniture.event.forge.BlockInteractionEventImpl to FORGE
[16Apr2026 02:26:27.554] [modloading-worker-0/DEBUG] [net.minecraftforge.fml.javafmlmod.AutomaticEventSubscriber/LOADING]: Attempting to inject @EventBusSubscriber classes into the eventbus for watching
[16Apr2026 02:26:27.554] [modloading-worker-0/DEBUG] [net.minecraftforge.fml.javafmlmod.AutomaticEventSubscriber/LOADING]: Auto-subscribing studio.lunareclipse.watching.Init to MOD
[16Apr2026 02:26:27.560] [modloading-worker-0/DEBUG] [mixin/]: Mixing SelfEntitySpawnDataMixin from moonlight.mixins.json into net.mehvahdjukaar.moonlight.api.entity.IExtraClientSpawnData
[16Apr2026 02:26:27.589] [modloading-worker-0/DEBUG] [net.minecraftforge.fml.javafmlmod.AutomaticEventSubscriber/LOADING]: Attempting to inject @EventBusSubscriber classes into the eventbus for mcwfences
[16Apr2026 02:26:27.591] [modloading-worker-0/DEBUG] [net.minecraftforge.fml.javafmlmod.AutomaticEventSubscriber/LOADING]: Auto-subscribing com.mcwfences.kikoz.MacawsFences to MOD
[16Apr2026 02:26:27.597] [modloading-worker-0/DEBUG] [com.blackgear.platform.core.util.config.ConfigTracker/]: Config file vanillabackport-client.toml for vanillabackport tracking
[16Apr2026 02:26:27.600] [modloading-worker-0/DEBUG] [com.blackgear.platform.core.util.config.ConfigTracker/]: Loading configs type COMMON
[16Apr2026 02:26:27.604] [modloading-worker-0/DEBUG] [com.blackgear.platform.core.util.config.ConfigTracker/]: Config file vanillabackport-common.toml for vanillabackport tracking
[16Apr2026 02:26:27.656] [modloading-worker-0/DEBUG] [mixin/]: Mixing MapDataMixin from moonlight-common.mixins.json into net.minecraft.world.level.saveddata.maps.MapItemSavedData
[16Apr2026 02:26:27.657] [modloading-worker-0/DEBUG] [mixin/]: Renaming synthetic method lambda$save$3(Lnet/minecraft/nbt/CompoundTag;Lnet/minecraft/resources/ResourceLocation;Lnet/mehvahdjukaar/moonlight/api/map/CustomMapData;)V to md26f194$lambda$save$3$0 in moonlight-common.mixins.json:MapDataMixin
[16Apr2026 02:26:27.657] [modloading-worker-0/DEBUG] [mixin/]: Renaming synthetic method lambda$load$2(Lnet/minecraft/nbt/CompoundTag;Lnet/mehvahdjukaar/moonlight/api/map/CustomMapData;)V to md26f194$lambda$load$2$1 in moonlight-common.mixins.json:MapDataMixin
[16Apr2026 02:26:27.657] [modloading-worker-0/DEBUG] [mixin/]: Renaming synthetic method lambda$setCustomDataDirty$1(Lnet/mehvahdjukaar/moonlight/api/map/CustomMapData$Type;Ljava/util/function/Consumer;Lnet/minecraft/world/level/saveddata/maps/MapItemSavedData$HoldingPlayer;)V to md26f194$lambda$setCustomDataDirty$1$2 in moonlight-common.mixins.json:MapDataMixin
[16Apr2026 02:26:27.657] [modloading-worker-0/DEBUG] [mixin/]: Renaming synthetic method lambda$setCustomDecorationsDirty$0(Lnet/minecraft/world/level/saveddata/maps/MapItemSavedData$HoldingPlayer;)V to md26f194$lambda$setCustomDecorationsDirty$0$3 in moonlight-common.mixins.json:MapDataMixin
[16Apr2026 02:26:27.686] [modloading-worker-0/DEBUG] [mixin/]: Mixing LootTableMixin from balm.mixins.json into net.minecraft.world.level.storage.loot.LootTable
[16Apr2026 02:26:27.687] [modloading-worker-0/DEBUG] [mixin/]: Mixing LootTableMixin from platform.mixins.json into net.minecraft.world.level.storage.loot.LootTable
[16Apr2026 02:26:27.687] [modloading-worker-0/DEBUG] [mixin/]: Mixing accessor.LootTableForgeAccessor from puzzleslib.forge.mixins.json into net.minecraft.world.level.storage.loot.LootTable
[16Apr2026 02:26:27.699] [modloading-worker-0/DEBUG] [mixin/]: Mixing GameTypeMixin from attributeslib.mixins.json into net.minecraft.world.level.GameType
[16Apr2026 02:26:27.700] [modloading-worker-0/DEBUG] [io.netty.util.internal.InternalThreadLocalMap/]: -Dio.netty.threadLocalMap.stringBuilder.initialSize: 1024
[16Apr2026 02:26:27.700] [modloading-worker-0/DEBUG] [io.netty.util.internal.InternalThreadLocalMap/]: -Dio.netty.threadLocalMap.stringBuilder.maxSize: 4096
[16Apr2026 02:26:27.700] [modloading-worker-0/DEBUG] [io.netty.util.internal.ThreadLocalRandom/]: -Dio.netty.initialSeedUniquifier: 0x1f798cfd5707badb
[16Apr2026 02:26:27.719] [modloading-worker-0/DEBUG] [mixin/]: Mixing gamerule.BooleanValueInvoker from mixins.artifacts.common.json into net.minecraft.world.level.GameRules$BooleanValue
[16Apr2026 02:26:27.720] [modloading-worker-0/DEBUG] [mixin/]: Renaming @Invoker method invokeCreate(ZLjava/util/function/BiConsumer;)Lnet/minecraft/world/level/GameRules$Type; to invokeCreate_$md$26f194$0 in mixins.artifacts.common.json:gamerule.BooleanValueInvoker
[16Apr2026 02:26:27.719] [modloading-worker-0/DEBUG] [net.minecraftforge.fml.javafmlmod.AutomaticEventSubscriber/LOADING]: Attempting to inject @EventBusSubscriber classes into the eventbus for resourcefulconfig
[16Apr2026 02:26:27.726] [modloading-worker-0/INFO] [Ksyxis/MOD_KSYXIS]: Ksyxis: Booting... (platform: Forge/KForge, manual: false)
[16Apr2026 02:26:27.727] [modloading-worker-0/DEBUG] [Ksyxis/MOD_KSYXIS]: Ksyxis: Found Mixin library. (mixinVersion: 0.8.5)
[16Apr2026 02:26:27.727] [modloading-worker-0/INFO] [Ksyxis/MOD_KSYXIS]: Ksyxis: Ready. As always, this mod will speed up your world loading and might or might not break it. (mixinVersion: 0.8.5, time: 0 ms)
[16Apr2026 02:26:27.727] [modloading-worker-0/DEBUG] [net.minecraftforge.fml.javafmlmod.AutomaticEventSubscriber/LOADING]: Attempting to inject @EventBusSubscriber classes into the eventbus for ksyxis
[16Apr2026 02:26:27.730] [modloading-worker-0/DEBUG] [mixin/]: Mixing gamerule.IntegerValueInvoker from mixins.artifacts.common.json into net.minecraft.world.level.GameRules$IntegerValue
[16Apr2026 02:26:27.731] [modloading-worker-0/DEBUG] [mixin/]: Renaming @Invoker method invokeCreate(ILjava/util/function/BiConsumer;)Lnet/minecraft/world/level/GameRules$Type; to invokeCreate_$md$26f194$0 in mixins.artifacts.common.json:gamerule.IntegerValueInvoker
[16Apr2026 02:26:27.737] [modloading-worker-0/DEBUG] [net.minecraftforge.fml.javafmlmod.AutomaticEventSubscriber/LOADING]: Attempting to inject @EventBusSubscriber classes into the eventbus for lionfishapi
[16Apr2026 02:26:27.737] [modloading-worker-0/DEBUG] [net.minecraftforge.fml.javafmlmod.AutomaticEventSubscriber/LOADING]: Auto-subscribing com.github.L_Ender.lionfishapi.LionfishAPI to FORGE
[16Apr2026 02:26:27.742] [modloading-worker-0/DEBUG] [net.minecraftforge.fml.javafmlmod.AutomaticEventSubscriber/LOADING]: Auto-subscribing com.github.L_Ender.lionfishapi.CommonProxy to MOD
[16Apr2026 02:26:27.743] [modloading-worker-0/DEBUG] [net.minecraftforge.fml.javafmlmod.AutomaticEventSubscriber/LOADING]: Attempting to inject @EventBusSubscriber classes into the eventbus for spark
[16Apr2026 02:26:27.753] [modloading-worker-0/DEBUG] [net.minecraftforge.fml.javafmlmod.AutomaticEventSubscriber/LOADING]: Attempting to inject @EventBusSubscriber classes into the eventbus for platform
[16Apr2026 02:26:27.756] [modloading-worker-0/DEBUG] [net.minecraftforge.fml.javafmlmod.AutomaticEventSubscriber/LOADING]: Auto-subscribing com.blackgear.platform.forge.ForgeCommonEvents to FORGE
[16Apr2026 02:26:27.757] [modloading-worker-0/DEBUG] [com.blackgear.platform.core.util.config.ConfigTracker/]: Loading configs type COMMON
[16Apr2026 02:26:27.760] [modloading-worker-0/DEBUG] [com.blackgear.platform.core.util.config.ConfigFileTypeHandler/]: Built TOML config for /workspaces/papas-con-mayo/servidor_minecraft/config/vanillabackport-common.toml
[16Apr2026 02:26:27.761] [modloading-worker-0/DEBUG] [platform/]: Found existing default configs directory directory : /workspaces/papas-con-mayo/servidor_minecraft/defaultconfigs
[16Apr2026 02:26:27.761] [modloading-worker-0/DEBUG] [com.blackgear.platform.core.util.config.ConfigFileTypeHandler/]: Loaded TOML config file /workspaces/papas-con-mayo/servidor_minecraft/config/vanillabackport-common.toml
[16Apr2026 02:26:27.765] [modloading-worker-0/DEBUG] [net.minecraftforge.fml.javafmlmod.AutomaticEventSubscriber/LOADING]: Auto-subscribing com.blackgear.platform.core.events.forge.ServerLifecycle to FORGE
[16Apr2026 02:26:27.775] [modloading-worker-0/DEBUG] [net.minecraftforge.fml.javafmlmod.AutomaticEventSubscriber/LOADING]: Auto-subscribing com.blackgear.platform.common.forge.CreativeTabsImpl to MOD
[16Apr2026 02:26:27.781] [modloading-worker-0/DEBUG] [net.minecraftforge.fml.javafmlmod.AutomaticEventSubscriber/LOADING]: Attempting to inject @EventBusSubscriber classes into the eventbus for mysticaloaktree
[16Apr2026 02:26:27.783] [modloading-worker-0/DEBUG] [net.minecraftforge.fml.javafmlmod.AutomaticEventSubscriber/LOADING]: Auto-subscribing com.blackgear.platform.common.data.forge.LootModifierImpl to FORGE
[16Apr2026 02:26:27.793] [modloading-worker-0/DEBUG] [net.minecraftforge.fml.config.ConfigTracker/CONFIG]: Config file sarosessentialsmod-common.toml for sarosessentialsmod tracking
[16Apr2026 02:26:27.799] [modloading-worker-0/DEBUG] [net.minecraftforge.fml.javafmlmod.AutomaticEventSubscriber/LOADING]: Attempting to inject @EventBusSubscriber classes into the eventbus for sarosessentialsmod
[16Apr2026 02:26:27.804] [modloading-worker-0/DEBUG] [net.minecraftforge.fml.javafmlmod.AutomaticEventSubscriber/LOADING]: Auto-subscribing de.sarocesch.sarosessentialsmod.listener.JoinLeaveListener to FORGE
[16Apr2026 02:26:27.806] [modloading-worker-0/DEBUG] [net.minecraftforge.fml.javafmlmod.AutomaticEventSubscriber/LOADING]: Auto-subscribing de.sarocesch.sarosessentialsmod.event.EventHandler to FORGE
[16Apr2026 02:26:27.807] [modloading-worker-0/DEBUG] [net.minecraftforge.fml.javafmlmod.AutomaticEventSubscriber/LOADING]: Auto-subscribing de.sarocesch.sarosessentialsmod.event.BankInit to FORGE
[16Apr2026 02:26:27.796] [modloading-worker-0/DEBUG] [com.blackgear.platform.core.util.config.ConfigFileTypeHandler/]: Watching TOML config file `/workspaces/papas-con-mayo/servidor_minecraft/config/vanillabackport-common.toml` for changes
[16Apr2026 02:26:27.810] [modloading-worker-0/DEBUG] [net.minecraftforge.fml.javafmlmod.AutomaticEventSubscriber/LOADING]: Auto-subscribing de.sarocesch.sarosessentialsmod.config.Dateiverwaltung to MOD
[16Apr2026 02:26:27.814] [modloading-worker-0/DEBUG] [net.minecraftforge.fml.javafmlmod.AutomaticEventSubscriber/LOADING]: Auto-subscribing de.sarocesch.sarosessentialsmod.command.CommandVanish to FORGE
[16Apr2026 02:26:27.812] [Thread-2/DEBUG] [com.blackgear.platform.core.util.config.ConfigFileTypeHandler/]: Config file vanillabackport-common.toml changed, sending notifies
[16Apr2026 02:26:27.819] [Thread-2/DEBUG] [com.blackgear.platform.core.util.config.ConfigFileTypeHandler/]: Config file vanillabackport-common.toml changed, sending notifies
[16Apr2026 02:26:27.827] [modloading-worker-0/DEBUG] [net.minecraftforge.fml.javafmlmod.AutomaticEventSubscriber/LOADING]: Auto-subscribing de.sarocesch.sarosessentialsmod.command.CommandTpoffline to FORGE
[16Apr2026 02:26:27.835] [modloading-worker-0/DEBUG] [net.minecraftforge.fml.javafmlmod.AutomaticEventSubscriber/LOADING]: Auto-subscribing de.sarocesch.sarosessentialsmod.command.CommandTempban to FORGE
[16Apr2026 02:26:27.843] [modloading-worker-0/DEBUG] [net.minecraftforge.fml.javafmlmod.AutomaticEventSubscriber/LOADING]: Auto-subscribing de.sarocesch.sarosessentialsmod.command.CommandSudo to FORGE
[16Apr2026 02:26:27.845] [modloading-worker-0/DEBUG] [net.minecraftforge.fml.javafmlmod.AutomaticEventSubscriber/LOADING]: Auto-subscribing de.sarocesch.sarosessentialsmod.command.CommandSpawn to FORGE
[16Apr2026 02:26:27.848] [modloading-worker-0/DEBUG] [net.minecraftforge.fml.javafmlmod.AutomaticEventSubscriber/LOADING]: Auto-subscribing de.sarocesch.sarosessentialsmod.command.CommandSetspawn to FORGE
[16Apr2026 02:26:27.850] [modloading-worker-0/DEBUG] [net.minecraftforge.fml.javafmlmod.AutomaticEventSubscriber/LOADING]: Auto-subscribing de.sarocesch.sarosessentialsmod.command.CommandMOTD to FORGE
[16Apr2026 02:26:27.852] [modloading-worker-0/DEBUG] [net.minecraftforge.fml.javafmlmod.AutomaticEventSubscriber/LOADING]: Auto-subscribing de.sarocesch.sarosessentialsmod.command.CommandInventory to FORGE
[16Apr2026 02:26:27.856] [modloading-worker-0/DEBUG] [net.minecraftforge.fml.javafmlmod.AutomaticEventSubscriber/LOADING]: Auto-subscribing de.sarocesch.sarosessentialsmod.command.CommandBack to FORGE
[16Apr2026 02:26:27.915] [modloading-worker-0/DEBUG] [net.minecraftforge.fml.config.ConfigTracker/CONFIG]: Config file curios-client.toml for curios tracking
[16Apr2026 02:26:27.928] [modloading-worker-0/DEBUG] [net.minecraftforge.fml.config.ConfigTracker/CONFIG]: Config file curios-common.toml for curios tracking
[16Apr2026 02:26:27.928] [modloading-worker-0/DEBUG] [net.minecraftforge.fml.config.ConfigTracker/CONFIG]: Config file curios-server.toml for curios tracking
[16Apr2026 02:26:27.928] [modloading-worker-0/DEBUG] [net.minecraftforge.fml.javafmlmod.AutomaticEventSubscriber/LOADING]: Attempting to inject @EventBusSubscriber classes into the eventbus for curios
[16Apr2026 02:26:27.946] [modloading-worker-0/DEBUG] [mixin/]: Mixing accessor.BrainAccessor from moonlight-common.mixins.json into net.minecraft.world.entity.ai.Brain
[16Apr2026 02:26:27.952] [modloading-worker-0/DEBUG] [net.minecraftforge.fml.javafmlmod.AutomaticEventSubscriber/LOADING]: Attempting to inject @EventBusSubscriber classes into the eventbus for supplementaries
[16Apr2026 02:26:27.955] [modloading-worker-0/DEBUG] [net.minecraftforge.fml.javafmlmod.AutomaticEventSubscriber/LOADING]: Auto-subscribing net.mehvahdjukaar.supplementaries.forge.RemapHandler to FORGE
[16Apr2026 02:26:27.968] [modloading-worker-0/DEBUG] [net.minecraftforge.fml.javafmlmod.AutomaticEventSubscriber/LOADING]: Attempting to inject @EventBusSubscriber classes into the eventbus for immersive_paintings
[16Apr2026 02:26:27.968] [modloading-worker-0/DEBUG] [net.minecraftforge.fml.config.ConfigTracker/CONFIG]: Config file cataclysm-client.toml for cataclysm tracking
[16Apr2026 02:26:27.973] [modloading-worker-0/DEBUG] [net.minecraftforge.fml.javafmlmod.AutomaticEventSubscriber/LOADING]: Auto-subscribing immersive_paintings.forge.EventBus to FORGE
[16Apr2026 02:26:27.973] [modloading-worker-0/DEBUG] [net.minecraftforge.fml.config.ConfigTracker/CONFIG]: Config file cataclysm-common.toml for cataclysm tracking
[16Apr2026 02:26:27.986] [modloading-worker-0/DEBUG] [net.minecraftforge.fml.javafmlmod.AutomaticEventSubscriber/LOADING]: Auto-subscribing immersive_paintings.forge.CommonForge to MOD
[16Apr2026 02:26:28.021] [modloading-worker-0/DEBUG] [xaero.hud.minimap.MinimapLogs/]: Loaded xaero.common.platform.services.ForgePlatformHelper@7663162 for service interface xaero.common.platform.services.IPlatformHelper
[16Apr2026 02:26:28.025] [modloading-worker-0/DEBUG] [mixin/]: Mixing AttributeInstanceAccessor from attributeslib.mixins.json into net.minecraft.world.entity.ai.attributes.AttributeInstance
[16Apr2026 02:26:28.023] [modloading-worker-0/INFO] [xaero.common.HudMod/]: Registering common data for channel xaerominimap:main!
[16Apr2026 02:26:28.058] [modloading-worker-0/DEBUG] [net.minecraftforge.fml.javafmlmod.AutomaticEventSubscriber/LOADING]: Attempting to inject @EventBusSubscriber classes into the eventbus for attributeslib
[16Apr2026 02:26:28.074] [modloading-worker-0/DEBUG] [net.minecraftforge.fml.javafmlmod.AutomaticEventSubscriber/LOADING]: Attempting to inject @EventBusSubscriber classes into the eventbus for resourcefullib
[16Apr2026 02:26:28.075] [modloading-worker-0/DEBUG] [net.minecraftforge.fml.javafmlmod.AutomaticEventSubscriber/LOADING]: Attempting to inject @EventBusSubscriber classes into the eventbus for immediatelyfast
[16Apr2026 02:26:28.080] [modloading-worker-0/INFO] [coroutil/]: forge loader environment detected
[16Apr2026 02:26:28.083] [modloading-worker-0/INFO] [xaero.common.HudMod/]: Loading primary common config for channel xaerominimap:main!
[16Apr2026 02:26:28.090] [modloading-worker-0/INFO] [xaero.common.HudMod/]: Loading server config profiles for channel xaerominimap:main!
[16Apr2026 02:26:28.094] [modloading-worker-0/DEBUG] [net.minecraftforge.fml.config.ConfigTracker/CONFIG]: Config file CoroUtil/General.toml for coroutil tracking
[16Apr2026 02:26:28.096] [modloading-worker-0/DEBUG] [net.minecraftforge.fml.javafmlmod.AutomaticEventSubscriber/LOADING]: Attempting to inject @EventBusSubscriber classes into the eventbus for coroutil
[16Apr2026 02:26:28.101] [modloading-worker-0/INFO] [com.aetherteam.cumulus.Cumulus/]: Disabling Cumulus as it is on server.
[16Apr2026 02:26:28.102] [modloading-worker-0/DEBUG] [net.minecraftforge.fml.javafmlmod.AutomaticEventSubscriber/LOADING]: Attempting to inject @EventBusSubscriber classes into the eventbus for cumulus_menus
[16Apr2026 02:26:28.106] [modloading-worker-0/DEBUG] [net.minecraftforge.fml.javafmlmod.AutomaticEventSubscriber/LOADING]: Attempting to inject @EventBusSubscriber classes into the eventbus for xaerominimap
[16Apr2026 02:26:28.133] [modloading-worker-0/DEBUG] [net.minecraftforge.fml.javafmlmod.AutomaticEventSubscriber/LOADING]: Attempting to inject @EventBusSubscriber classes into the eventbus for vanillabackport
[16Apr2026 02:26:28.149] [modloading-worker-0/DEBUG] [net.minecraftforge.fml.javafmlmod.AutomaticEventSubscriber/LOADING]: Attempting to inject @EventBusSubscriber classes into the eventbus for creeperoverhaul
[16Apr2026 02:26:28.154] [modloading-worker-0/DEBUG] [mixin/]: Mixing ExplosionMixin from supplementaries-common.mixins.json into net.minecraft.world.level.Explosion
[16Apr2026 02:26:28.163] [modloading-worker-0/DEBUG] [net.minecraftforge.fml.javafmlmod.AutomaticEventSubscriber/LOADING]: Attempting to inject @EventBusSubscriber classes into the eventbus for octolib
[16Apr2026 02:26:28.174] [modloading-worker-0/DEBUG] [net.minecraftforge.fml.config.ConfigTracker/CONFIG]: Config file lootr-common.toml for lootr tracking
[16Apr2026 02:26:28.176] [modloading-worker-0/DEBUG] [net.minecraftforge.fml.config.ConfigTracker/CONFIG]: Config file lootr-client.toml for lootr tracking
[16Apr2026 02:26:28.194] [modloading-worker-0/DEBUG] [net.minecraftforge.fml.javafmlmod.AutomaticEventSubscriber/LOADING]: Attempting to inject @EventBusSubscriber classes into the eventbus for architectury
[16Apr2026 02:26:28.194] [modloading-worker-0/DEBUG] [net.minecraftforge.fml.javafmlmod.AutomaticEventSubscriber/LOADING]: Auto-subscribing dev.architectury.registry.level.entity.trade.forge.TradeRegistryImpl to FORGE
[16Apr2026 02:26:28.195] [modloading-worker-0/DEBUG] [net.minecraftforge.fml.javafmlmod.AutomaticEventSubscriber/LOADING]: Auto-subscribing dev.architectury.registry.forge.ReloadListenerRegistryImpl to FORGE
[16Apr2026 02:26:28.196] [modloading-worker-0/DEBUG] [net.minecraftforge.fml.javafmlmod.AutomaticEventSubscriber/LOADING]: Auto-subscribing dev.architectury.networking.forge.NetworkManagerImpl to FORGE
[16Apr2026 02:26:28.198] [modloading-worker-0/DEBUG] [net.minecraftforge.fml.javafmlmod.AutomaticEventSubscriber/LOADING]: Attempting to inject @EventBusSubscriber classes into the eventbus for ferritecore
[16Apr2026 02:26:28.199] [modloading-worker-0/DEBUG] [net.minecraftforge.fml.javafmlmod.AutomaticEventSubscriber/LOADING]: Attempting to inject @EventBusSubscriber classes into the eventbus for puzzleslib
[16Apr2026 02:26:28.199] [modloading-worker-0/DEBUG] [net.minecraftforge.fml.javafmlmod.AutomaticEventSubscriber/LOADING]: Auto-subscribing fuzs.puzzleslib.impl.PuzzlesLibForge to MOD
[16Apr2026 02:26:28.202] [modloading-worker-0/DEBUG] [net.minecraftforge.fml.javafmlmod.AutomaticEventSubscriber/LOADING]: Attempting to inject @EventBusSubscriber classes into the eventbus for lootr
[16Apr2026 02:26:28.202] [modloading-worker-0/DEBUG] [net.minecraftforge.fml.javafmlmod.AutomaticEventSubscriber/LOADING]: Auto-subscribing noobanidus.mods.lootr.setup.CommonSetup to MOD
[16Apr2026 02:26:28.209] [modloading-worker-0/DEBUG] [net.minecraftforge.fml.javafmlmod.AutomaticEventSubscriber/LOADING]: Auto-subscribing noobanidus.mods.lootr.init.ModTabs to MOD
[16Apr2026 02:26:28.210] [modloading-worker-0/DEBUG] [net.minecraftforge.fml.javafmlmod.AutomaticEventSubscriber/LOADING]: Auto-subscribing noobanidus.mods.lootr.init.ModItems to MOD
[16Apr2026 02:26:28.210] [modloading-worker-0/DEBUG] [net.minecraftforge.fml.javafmlmod.AutomaticEventSubscriber/LOADING]: Auto-subscribing noobanidus.mods.lootr.gen.LootrDataGenerators to MOD
[16Apr2026 02:26:28.212] [modloading-worker-0/DEBUG] [net.minecraftforge.fml.javafmlmod.AutomaticEventSubscriber/LOADING]: Auto-subscribing noobanidus.mods.lootr.event.HandleChunk to FORGE
[16Apr2026 02:26:28.218] [modloading-worker-0/DEBUG] [net.minecraftforge.fml.javafmlmod.AutomaticEventSubscriber/LOADING]: Auto-subscribing noobanidus.mods.lootr.event.HandleCart to FORGE
[16Apr2026 02:26:28.224] [modloading-worker-0/DEBUG] [net.minecraftforge.fml.javafmlmod.AutomaticEventSubscriber/LOADING]: Auto-subscribing noobanidus.mods.lootr.event.HandleBreak to FORGE
[16Apr2026 02:26:28.225] [modloading-worker-0/DEBUG] [net.minecraftforge.fml.javafmlmod.AutomaticEventSubscriber/LOADING]: Auto-subscribing noobanidus.mods.lootr.event.HandleAdvancement to FORGE
[16Apr2026 02:26:28.226] [modloading-worker-0/DEBUG] [net.minecraftforge.fml.javafmlmod.AutomaticEventSubscriber/LOADING]: Auto-subscribing noobanidus.mods.lootr.entity.EntityTicker to FORGE
[16Apr2026 02:26:28.230] [modloading-worker-0/DEBUG] [net.minecraftforge.fml.javafmlmod.AutomaticEventSubscriber/LOADING]: Auto-subscribing noobanidus.mods.lootr.config.ConfigManager to MOD
[16Apr2026 02:26:28.230] [modloading-worker-0/DEBUG] [net.minecraftforge.fml.javafmlmod.AutomaticEventSubscriber/LOADING]: Auto-subscribing noobanidus.mods.lootr.block.entities.TileTicker to FORGE
[16Apr2026 02:26:28.243] [modloading-worker-0/DEBUG] [net.minecraftforge.fml.javafmlmod.AutomaticEventSubscriber/LOADING]: Attempting to inject @EventBusSubscriber classes into the eventbus for nitrogen_internals
[16Apr2026 02:26:28.243] [modloading-worker-0/DEBUG] [net.minecraftforge.fml.javafmlmod.AutomaticEventSubscriber/LOADING]: Auto-subscribing com.aetherteam.nitrogen.event.listeners.TooltipListeners to FORGE
[16Apr2026 02:26:28.247] [modloading-worker-0/DEBUG] [net.minecraftforge.fml.javafmlmod.AutomaticEventSubscriber/LOADING]: Auto-subscribing com.aetherteam.nitrogen.Nitrogen to FORGE
[16Apr2026 02:26:28.265] [modloading-worker-0/INFO] [Puzzles Lib/]: Constructing common components for puzzleslib:main
[16Apr2026 02:26:28.268] [modloading-worker-0/DEBUG] [net.minecraftforge.fml.javafmlmod.AutomaticEventSubscriber/LOADING]: Attempting to inject @EventBusSubscriber classes into the eventbus for moogs_structures
[16Apr2026 02:26:28.378] [modloading-worker-0/DEBUG] [net.minecraftforge.fml.javafmlmod.AutomaticEventSubscriber/LOADING]: Attempting to inject @EventBusSubscriber classes into the eventbus for immersive_melodies
[16Apr2026 02:26:28.378] [modloading-worker-0/DEBUG] [net.minecraftforge.fml.javafmlmod.AutomaticEventSubscriber/LOADING]: Auto-subscribing immersive_melodies.forge.EventBus to FORGE
[16Apr2026 02:26:28.379] [modloading-worker-0/DEBUG] [net.minecraftforge.fml.javafmlmod.AutomaticEventSubscriber/LOADING]: Attempting to inject @EventBusSubscriber classes into the eventbus for fallingtree
[16Apr2026 02:26:28.380] [modloading-worker-0/DEBUG] [net.minecraftforge.fml.javafmlmod.AutomaticEventSubscriber/LOADING]: Auto-subscribing immersive_melodies.forge.CommonForge to MOD
[16Apr2026 02:26:28.379] [modloading-worker-0/INFO] [be.florens.expandability.ExpandAbility/]: ExpandAbility here, who dis?
[16Apr2026 02:26:28.380] [modloading-worker-0/DEBUG] [net.minecraftforge.fml.javafmlmod.AutomaticEventSubscriber/LOADING]: Attempting to inject @EventBusSubscriber classes into the eventbus for expandability
[16Apr2026 02:26:28.380] [modloading-worker-0/DEBUG] [net.minecraftforge.fml.javafmlmod.AutomaticEventSubscriber/LOADING]: Attempting to inject @EventBusSubscriber classes into the eventbus for enchantinginfuser
[16Apr2026 02:26:28.380] [modloading-worker-0/DEBUG] [net.minecraftforge.fml.javafmlmod.AutomaticEventSubscriber/LOADING]: Auto-subscribing fuzs.enchantinginfuser.EnchantingInfuserForge to MOD
[16Apr2026 02:26:28.392] [modloading-worker-0/DEBUG] [bettermineshafts/]: Loaded com.yungnickyoung.minecraft.bettermineshafts.services.ForgePlatformHelper@1562a5ba for service interface com.yungnickyoung.minecraft.bettermineshafts.services.IPlatformHelper
[16Apr2026 02:26:28.394] [modloading-worker-0/DEBUG] [bettermineshafts/]: Loaded com.yungnickyoung.minecraft.bettermineshafts.services.ForgeModulesLoader@1fd6f016 for service interface com.yungnickyoung.minecraft.bettermineshafts.services.IModulesLoader
[16Apr2026 02:26:28.399] [modloading-worker-0/DEBUG] [net.minecraftforge.fml.config.ConfigTracker/CONFIG]: Config file bettermineshafts-forge-1_20.toml for bettermineshafts tracking
[16Apr2026 02:26:28.399] [modloading-worker-0/DEBUG] [net.minecraftforge.fml.javafmlmod.AutomaticEventSubscriber/LOADING]: Attempting to inject @EventBusSubscriber classes into the eventbus for bettermineshafts
[16Apr2026 02:26:28.405] [modloading-worker-0/DEBUG] [SkinRestorer/]: Loaded net.lionarius.skinrestorer.forge.platform.ForgePlatformHelper@754413ca for service interface net.lionarius.skinrestorer.platform.services.PlatformHelper
[16Apr2026 02:26:28.406] [modloading-worker-0/DEBUG] [SkinRestorer/]: Loaded net.lionarius.skinrestorer.forge.platform.ForgeCompatibilityHelper@75596ae for service interface net.lionarius.skinrestorer.platform.services.CompatibilityHelper
[16Apr2026 02:26:28.442] [modloading-worker-0/INFO] [Puzzles Lib/]: Constructing common components for enchantinginfuser:main
[16Apr2026 02:26:28.478] [modloading-worker-0/DEBUG] [net.minecraftforge.fml.javafmlmod.AutomaticEventSubscriber/LOADING]: Attempting to inject @EventBusSubscriber classes into the eventbus for cataclysm
[16Apr2026 02:26:28.478] [modloading-worker-0/DEBUG] [net.minecraftforge.fml.javafmlmod.AutomaticEventSubscriber/LOADING]: Auto-subscribing com.github.L_Ender.cataclysm.world.CMWorldRegistry to MOD
[16Apr2026 02:26:28.479] [modloading-worker-0/DEBUG] [net.minecraftforge.fml.javafmlmod.AutomaticEventSubscriber/LOADING]: Auto-subscribing com.github.L_Ender.cataclysm.init.ModEntities to MOD
[16Apr2026 02:26:28.483] [modloading-worker-0/DEBUG] [net.minecraftforge.fml.javafmlmod.AutomaticEventSubscriber/LOADING]: Auto-subscribing com.github.L_Ender.cataclysm.init.ModAttribute to MOD
[16Apr2026 02:26:28.483] [modloading-worker-0/DEBUG] [net.minecraftforge.fml.javafmlmod.AutomaticEventSubscriber/LOADING]: Auto-subscribing com.github.L_Ender.cataclysm.event.ServerEventHandler to FORGE
[16Apr2026 02:26:28.484] [modloading-worker-0/DEBUG] [net.minecraftforge.fml.javafmlmod.AutomaticEventSubscriber/LOADING]: Auto-subscribing com.github.L_Ender.cataclysm.CommonProxy to MOD
[16Apr2026 02:26:28.486] [modloading-worker-0/DEBUG] [net.minecraftforge.fml.config.ConfigTracker/CONFIG]: Config file enchantinginfuser-server.toml for enchantinginfuser tracking
[16Apr2026 02:26:28.486] [modloading-worker-0/DEBUG] [net.minecraftforge.fml.javafmlmod.AutomaticEventSubscriber/LOADING]: Auto-subscribing com.github.L_Ender.cataclysm.Cataclysm to FORGE
[16Apr2026 02:26:28.499] [modloading-worker-0/DEBUG] [betterjungletemples/]: Loaded com.yungnickyoung.minecraft.betterjungletemples.services.ForgePlatformHelper@587b235 for service interface com.yungnickyoung.minecraft.betterjungletemples.services.IPlatformHelper
[16Apr2026 02:26:28.501] [modloading-worker-0/DEBUG] [betterjungletemples/]: Loaded com.yungnickyoung.minecraft.betterjungletemples.services.ForgeModulesLoader@363f96a2 for service interface com.yungnickyoung.minecraft.betterjungletemples.services.IModulesLoader
[16Apr2026 02:26:28.504] [modloading-worker-0/DEBUG] [betterjungletemples/]: Loaded com.yungnickyoung.minecraft.betterjungletemples.services.ForgeProcessorProvider@7db514e8 for service interface com.yungnickyoung.minecraft.betterjungletemples.services.IProcessorProvider
[16Apr2026 02:26:28.506] [modloading-worker-0/DEBUG] [net.minecraftforge.fml.config.ConfigTracker/CONFIG]: Config file betterjungletemples-forge-1_20.toml for betterjungletemples tracking
[16Apr2026 02:26:28.509] [modloading-worker-0/DEBUG] [net.minecraftforge.fml.javafmlmod.AutomaticEventSubscriber/LOADING]: Attempting to inject @EventBusSubscriber classes into the eventbus for betterjungletemples
[16Apr2026 02:26:28.527] [modloading-worker-0/DEBUG] [net.minecraftforge.fml.javafmlmod.AutomaticEventSubscriber/LOADING]: Attempting to inject @EventBusSubscriber classes into the eventbus for mcwroofs
[16Apr2026 02:26:28.528] [modloading-worker-0/DEBUG] [mixin/]: Mixing GameProfileCacheAccessor from skinrestorer.mixins.json into net.minecraft.server.players.GameProfileCache
[16Apr2026 02:26:28.530] [modloading-worker-0/DEBUG] [net.minecraftforge.fml.javafmlmod.AutomaticEventSubscriber/LOADING]: Auto-subscribing com.mcwroofs.kikoz.MacawsRoofs to MOD
[16Apr2026 02:26:28.557] [modloading-worker-0/DEBUG] [net.minecraftforge.fml.javafmlmod.AutomaticEventSubscriber/LOADING]: Attempting to inject @EventBusSubscriber classes into the eventbus for skinrestorer
[16Apr2026 02:26:28.557] [modloading-worker-0/DEBUG] [net.minecraftforge.fml.javafmlmod.AutomaticEventSubscriber/LOADING]: Auto-subscribing net.lionarius.skinrestorer.forge.SkinRestorerForge to FORGE
[16Apr2026 02:26:28.578] [main/DEBUG] [mixin/]: Mixing common.RegistryDataLoaderMixin from lithostitched.mixins.json into net.minecraft.resources.RegistryDataLoader
[16Apr2026 02:26:28.654] [main/DEBUG] [net.minecraftforge.common.capabilities.CapabilityManager/CAPABILITIES]: Attempting to automatically register: Lcom/tiviacz/travelersbackpack/capability/ITravelersBackpack;
[16Apr2026 02:26:28.654] [main/DEBUG] [net.minecraftforge.common.capabilities.CapabilityManager/CAPABILITIES]: Attempting to automatically register: Lnet/minecraftforge/energy/IEnergyStorage;
[16Apr2026 02:26:28.655] [main/DEBUG] [net.minecraftforge.common.capabilities.CapabilityManager/CAPABILITIES]: Attempting to automatically register: Lnet/minecraftforge/fluids/capability/IFluidHandler;
[16Apr2026 02:26:28.655] [main/DEBUG] [net.minecraftforge.common.capabilities.CapabilityManager/CAPABILITIES]: Attempting to automatically register: Lnet/minecraftforge/fluids/capability/IFluidHandlerItem;
[16Apr2026 02:26:28.655] [main/DEBUG] [net.minecraftforge.common.capabilities.CapabilityManager/CAPABILITIES]: Attempting to automatically register: Lnet/minecraftforge/items/IItemHandler;
[16Apr2026 02:26:28.924] [main/DEBUG] [mixin/]: Mixing SelfModFlowingFluidMixin from moonlight.mixins.json into net.mehvahdjukaar.moonlight.api.fluids.ModFlowingFluid
[16Apr2026 02:26:28.925] [main/DEBUG] [mixin/]: Renaming synthetic method lambda$afterInit$0(Lnet/mehvahdjukaar/moonlight/api/client/forge/ModFluidType;)Lnet/minecraftforge/fluids/FluidType; to md26f194$lambda$afterInit$0$0 in moonlight.mixins.json:SelfModFlowingFluidMixin
[16Apr2026 02:26:29.109] [main/DEBUG] [mixin/]: Mixing common.ForgeEventFactoryMixin from aether.mixins.json into net.minecraftforge.event.ForgeEventFactory
[16Apr2026 02:26:29.419] [main/DEBUG] [mixin/]: Mixing SelfItemDisplayTileMixin from moonlight.mixins.json into net.mehvahdjukaar.moonlight.api.block.ItemDisplayTile
[16Apr2026 02:26:29.693] [main/DEBUG] [mixin/]: Mixing self.SelfSpeakerBlockTileMixin from supplementaries.mixins.json into net.mehvahdjukaar.supplementaries.common.block.tiles.SpeakerBlockTile
[16Apr2026 02:26:30.637] [main/DEBUG] [mixin/]: Mixing impl.MixinBlockHelper from glitchcore.forge.mixins.json into glitchcore.util.BlockHelper
[16Apr2026 02:26:30.695] [main/DEBUG] [mixin/]: Mixing self.SelfDispenserMinecraftMixin from supplementaries.mixins.json into net.mehvahdjukaar.supplementaries.common.entities.dispenser_minecart.DispenserMinecartEntity
[16Apr2026 02:26:30.698] [main/DEBUG] [mixin/]: Renaming synthetic method lambda$reviveCaps$1()Lnet/minecraftforge/items/wrapper/InvWrapper; to md26f194$lambda$reviveCaps$1$0 in supplementaries.mixins.json:self.SelfDispenserMinecraftMixin
[16Apr2026 02:26:30.698] [main/DEBUG] [mixin/]: Renaming synthetic method lambda$new$0()Lnet/minecraftforge/items/wrapper/InvWrapper; to md26f194$lambda$new$0$1 in supplementaries.mixins.json:self.SelfDispenserMinecraftMixin
[16Apr2026 02:26:31.347] [main/DEBUG] [dev.architectury.core.item.ArchitecturySpawnEggItem/]: Registering spawn egg mimic_spawn_egg for artifacts:mimic
[16Apr2026 02:26:31.396] [main/INFO] [Moonlight/]: Initialized block sets in 19ms
[16Apr2026 02:26:31.819] [main/DEBUG] [mixin/]: Mixing AttributeMapMixin from attributeslib.mixins.json into net.minecraft.world.entity.ai.attributes.AttributeMap
[16Apr2026 02:26:31.822] [main/DEBUG] [mixin/]: Renaming synthetic method lambda$setAttributesUpdating$0(Lnet/minecraft/world/entity/ai/attributes/Attribute;Lcom/mojang/datafixers/util/Pair;)V to md26f194$lambda$setAttributesUpdating$0$0 in attributeslib.mixins.json:AttributeMapMixin
[16Apr2026 02:26:31.985] [main/DEBUG] [placebo/]: Registered 5 recipe types.
[16Apr2026 02:26:32.478] [main/DEBUG] [mixin/]: Mixing ForgeHooksMixin from apotheosis.mixins.json into net.minecraftforge.common.ForgeHooks
[16Apr2026 02:26:32.527] [main/DEBUG] [mixin/]: Mixing access.SpawnPlacementsAccessor from platform-common.mixins.json into net.minecraft.world.entity.SpawnPlacements
[16Apr2026 02:26:32.527] [main/DEBUG] [mixin/]: Renaming @Accessor method getDATA_BY_TYPE()Ljava/util/Map; to getDATA_BY_TYPE_$md$26f194$0 in platform-common.mixins.json:access.SpawnPlacementsAccessor
[16Apr2026 02:26:32.627] [main/DEBUG] [net.minecraftforge.fml.config.ConfigTracker/CONFIG]: Loading configs type COMMON
[16Apr2026 02:26:32.629] [main/DEBUG] [net.minecraftforge.fml.config.ConfigFileTypeHandler/CONFIG]: Built TOML config for /workspaces/papas-con-mayo/servidor_minecraft/config/betteroceanmonuments-forge-1_20.toml
[16Apr2026 02:26:32.629] [main/DEBUG] [net.minecraftforge.fml.config.ConfigFileTypeHandler/CONFIG]: Loaded TOML config file /workspaces/papas-con-mayo/servidor_minecraft/config/betteroceanmonuments-forge-1_20.toml
[16Apr2026 02:26:32.630] [main/DEBUG] [net.minecraftforge.fml.config.ConfigFileTypeHandler/CONFIG]: Watching TOML config file /workspaces/papas-con-mayo/servidor_minecraft/config/betteroceanmonuments-forge-1_20.toml for changes
[16Apr2026 02:26:32.631] [Thread-2/DEBUG] [net.minecraftforge.fml.config.ConfigFileTypeHandler/CONFIG]: Config file betteroceanmonuments-forge-1_20.toml changed, sending notifies
[16Apr2026 02:26:32.632] [Thread-2/DEBUG] [net.minecraftforge.fml.config.ConfigFileTypeHandler/CONFIG]: Config file betteroceanmonuments-forge-1_20.toml changed, sending notifies
[16Apr2026 02:26:32.632] [main/DEBUG] [net.minecraftforge.fml.config.ConfigFileTypeHandler/CONFIG]: Built TOML config for /workspaces/papas-con-mayo/servidor_minecraft/config/citadel-common.toml
[16Apr2026 02:26:32.633] [main/DEBUG] [net.minecraftforge.fml.config.ConfigFileTypeHandler/CONFIG]: Loaded TOML config file /workspaces/papas-con-mayo/servidor_minecraft/config/citadel-common.toml
[16Apr2026 02:26:32.633] [main/DEBUG] [net.minecraftforge.fml.config.ConfigFileTypeHandler/CONFIG]: Watching TOML config file /workspaces/papas-con-mayo/servidor_minecraft/config/citadel-common.toml for changes
[16Apr2026 02:26:32.634] [Thread-2/DEBUG] [net.minecraftforge.fml.config.ConfigFileTypeHandler/CONFIG]: Config file citadel-common.toml changed, sending notifies
[16Apr2026 02:26:32.634] [Thread-2/DEBUG] [net.minecraftforge.fml.config.ConfigFileTypeHandler/CONFIG]: Config file citadel-common.toml changed, sending notifies
[16Apr2026 02:26:32.634] [main/DEBUG] [net.minecraftforge.fml.config.ConfigFileTypeHandler/CONFIG]: Built TOML config for /workspaces/papas-con-mayo/servidor_minecraft/config/travelersbackpack-common.toml
[16Apr2026 02:26:32.635] [main/DEBUG] [net.minecraftforge.fml.config.ConfigFileTypeHandler/CONFIG]: Loaded TOML config file /workspaces/papas-con-mayo/servidor_minecraft/config/travelersbackpack-common.toml
[16Apr2026 02:26:32.635] [main/DEBUG] [net.minecraftforge.fml.config.ConfigFileTypeHandler/CONFIG]: Watching TOML config file /workspaces/papas-con-mayo/servidor_minecraft/config/travelersbackpack-common.toml for changes
[16Apr2026 02:26:32.635] [Thread-2/DEBUG] [net.minecraftforge.fml.config.ConfigFileTypeHandler/CONFIG]: Config file travelersbackpack-common.toml changed, sending notifies
[16Apr2026 02:26:32.636] [Thread-2/DEBUG] [net.minecraftforge.fml.config.ConfigFileTypeHandler/CONFIG]: Config file travelersbackpack-common.toml changed, sending notifies
[16Apr2026 02:26:32.636] [main/DEBUG] [net.minecraftforge.fml.config.ConfigFileTypeHandler/CONFIG]: Built TOML config for /workspaces/papas-con-mayo/servidor_minecraft/config/waystones-common.toml
[16Apr2026 02:26:32.637] [main/DEBUG] [net.minecraftforge.fml.config.ConfigFileTypeHandler/CONFIG]: Loaded TOML config file /workspaces/papas-con-mayo/servidor_minecraft/config/waystones-common.toml
[16Apr2026 02:26:32.637] [main/DEBUG] [net.minecraftforge.fml.config.ConfigFileTypeHandler/CONFIG]: Watching TOML config file /workspaces/papas-con-mayo/servidor_minecraft/config/waystones-common.toml for changes
[16Apr2026 02:26:32.644] [Thread-2/DEBUG] [net.minecraftforge.fml.config.ConfigFileTypeHandler/CONFIG]: Config file waystones-common.toml changed, sending notifies
[16Apr2026 02:26:32.644] [main/DEBUG] [net.minecraftforge.fml.config.ConfigFileTypeHandler/CONFIG]: Built TOML config for /workspaces/papas-con-mayo/servidor_minecraft/config/aether-common.toml
[16Apr2026 02:26:32.644] [main/DEBUG] [net.minecraftforge.fml.config.ConfigFileTypeHandler/CONFIG]: Loaded TOML config file /workspaces/papas-con-mayo/servidor_minecraft/config/aether-common.toml
[16Apr2026 02:26:32.645] [main/DEBUG] [net.minecraftforge.fml.config.ConfigFileTypeHandler/CONFIG]: Watching TOML config file /workspaces/papas-con-mayo/servidor_minecraft/config/aether-common.toml for changes
[16Apr2026 02:26:32.645] [main/DEBUG] [net.minecraftforge.fml.config.ConfigFileTypeHandler/CONFIG]: Built TOML config for /workspaces/papas-con-mayo/servidor_minecraft/config/alexsmobs.toml
[16Apr2026 02:26:32.648] [main/DEBUG] [net.minecraftforge.fml.config.ConfigFileTypeHandler/CONFIG]: Loaded TOML config file /workspaces/papas-con-mayo/servidor_minecraft/config/alexsmobs.toml
[16Apr2026 02:26:32.649] [main/DEBUG] [net.minecraftforge.fml.config.ConfigFileTypeHandler/CONFIG]: Watching TOML config file /workspaces/papas-con-mayo/servidor_minecraft/config/alexsmobs.toml for changes
[16Apr2026 02:26:32.652] [Thread-2/DEBUG] [net.minecraftforge.fml.config.ConfigFileTypeHandler/CONFIG]: Config file waystones-common.toml changed, sending notifies
[16Apr2026 02:26:32.685] [Thread-2/DEBUG] [net.minecraftforge.fml.config.ConfigFileTypeHandler/CONFIG]: Config file alexsmobs.toml changed, sending notifies
[16Apr2026 02:26:32.686] [main/DEBUG] [net.minecraftforge.fml.config.ConfigFileTypeHandler/CONFIG]: Built TOML config for /workspaces/papas-con-mayo/servidor_minecraft/config/guardvillagers-common.toml
[16Apr2026 02:26:32.687] [main/DEBUG] [net.minecraftforge.fml.config.ConfigFileTypeHandler/CONFIG]: Loaded TOML config file /workspaces/papas-con-mayo/servidor_minecraft/config/guardvillagers-common.toml
[16Apr2026 02:26:32.687] [main/DEBUG] [net.minecraftforge.fml.config.ConfigFileTypeHandler/CONFIG]: Watching TOML config file /workspaces/papas-con-mayo/servidor_minecraft/config/guardvillagers-common.toml for changes
[16Apr2026 02:26:32.687] [main/WARN] [net.minecraftforge.common.ForgeConfigSpec/CORE]: Configuration file /workspaces/papas-con-mayo/servidor_minecraft/config/guardvillagers-common.toml is not correct. Correcting
[16Apr2026 02:26:32.688] [main/DEBUG] [net.minecraftforge.common.ForgeConfigSpec/CORE]: The comment on key villager stuff.Profession Whitelist for guard conversion does not match the spec. This may create a backup.
[16Apr2026 02:26:32.688] [main/DEBUG] [net.minecraftforge.common.ForgeConfigSpec/CORE]: The comment on key guard stuff.Structure pieces that spawn guards does not match the spec. This may create a backup.
[16Apr2026 02:26:32.690] [main/DEBUG] [net.minecraftforge.fml.config.ConfigFileTypeHandler/CONFIG]: Built TOML config for /workspaces/papas-con-mayo/servidor_minecraft/config/betterdeserttemples-forge-1_20.toml
[16Apr2026 02:26:32.690] [main/DEBUG] [net.minecraftforge.fml.config.ConfigFileTypeHandler/CONFIG]: Loaded TOML config file /workspaces/papas-con-mayo/servidor_minecraft/config/betterdeserttemples-forge-1_20.toml
[16Apr2026 02:26:32.690] [main/DEBUG] [net.minecraftforge.fml.config.ConfigFileTypeHandler/CONFIG]: Watching TOML config file /workspaces/papas-con-mayo/servidor_minecraft/config/betterdeserttemples-forge-1_20.toml for changes
[16Apr2026 02:26:32.692] [main/DEBUG] [net.minecraftforge.fml.config.ConfigFileTypeHandler/CONFIG]: Built TOML config for /workspaces/papas-con-mayo/servidor_minecraft/config/carryon-common.toml
[16Apr2026 02:26:32.693] [main/DEBUG] [net.minecraftforge.fml.config.ConfigFileTypeHandler/CONFIG]: Loaded TOML config file /workspaces/papas-con-mayo/servidor_minecraft/config/carryon-common.toml
[16Apr2026 02:26:32.693] [main/DEBUG] [net.minecraftforge.fml.config.ConfigFileTypeHandler/CONFIG]: Watching TOML config file /workspaces/papas-con-mayo/servidor_minecraft/config/carryon-common.toml for changes
[16Apr2026 02:26:32.720] [Thread-2/DEBUG] [net.minecraftforge.fml.config.ConfigFileTypeHandler/CONFIG]: Config file alexsmobs.toml changed, sending notifies
[16Apr2026 02:26:32.774] [Thread-2/DEBUG] [net.minecraftforge.fml.config.ConfigFileTypeHandler/CONFIG]: Config file carryon-common.toml changed, sending notifies
[16Apr2026 02:26:32.775] [main/DEBUG] [net.minecraftforge.fml.config.ConfigFileTypeHandler/CONFIG]: Built TOML config for /workspaces/papas-con-mayo/servidor_minecraft/config/supplementaries-common.toml
[16Apr2026 02:26:32.777] [main/DEBUG] [net.minecraftforge.fml.config.ConfigFileTypeHandler/CONFIG]: Loaded TOML config file /workspaces/papas-con-mayo/servidor_minecraft/config/supplementaries-common.toml
[16Apr2026 02:26:32.777] [main/DEBUG] [net.minecraftforge.fml.config.ConfigFileTypeHandler/CONFIG]: Watching TOML config file /workspaces/papas-con-mayo/servidor_minecraft/config/supplementaries-common.toml for changes
[16Apr2026 02:26:32.781] [main/DEBUG] [net.minecraftforge.fml.config.ConfigFileTypeHandler/CONFIG]: Built TOML config for /workspaces/papas-con-mayo/servidor_minecraft/config/farmersdelight-common.toml
[16Apr2026 02:26:32.781] [main/DEBUG] [net.minecraftforge.fml.config.ConfigFileTypeHandler/CONFIG]: Loaded TOML config file /workspaces/papas-con-mayo/servidor_minecraft/config/farmersdelight-common.toml
[16Apr2026 02:26:32.781] [main/DEBUG] [net.minecraftforge.fml.config.ConfigFileTypeHandler/CONFIG]: Watching TOML config file /workspaces/papas-con-mayo/servidor_minecraft/config/farmersdelight-common.toml for changes
[16Apr2026 02:26:32.782] [main/DEBUG] [net.minecraftforge.fml.config.ConfigFileTypeHandler/CONFIG]: Built TOML config for /workspaces/papas-con-mayo/servidor_minecraft/config/moonlight-common.toml
[16Apr2026 02:26:32.783] [main/DEBUG] [net.minecraftforge.fml.config.ConfigFileTypeHandler/CONFIG]: Loaded TOML config file /workspaces/papas-con-mayo/servidor_minecraft/config/moonlight-common.toml
[16Apr2026 02:26:32.783] [main/DEBUG] [net.minecraftforge.fml.config.ConfigFileTypeHandler/CONFIG]: Watching TOML config file /workspaces/papas-con-mayo/servidor_minecraft/config/moonlight-common.toml for changes
[16Apr2026 02:26:32.784] [main/DEBUG] [net.minecraftforge.fml.config.ConfigFileTypeHandler/CONFIG]: Built TOML config for /workspaces/papas-con-mayo/servidor_minecraft/config/hiccups_legacy-common.toml
[16Apr2026 02:26:32.785] [main/DEBUG] [net.minecraftforge.fml.config.ConfigFileTypeHandler/CONFIG]: Loaded TOML config file /workspaces/papas-con-mayo/servidor_minecraft/config/hiccups_legacy-common.toml
[16Apr2026 02:26:32.785] [main/DEBUG] [net.minecraftforge.fml.config.ConfigFileTypeHandler/CONFIG]: Watching TOML config file /workspaces/papas-con-mayo/servidor_minecraft/config/hiccups_legacy-common.toml for changes
[16Apr2026 02:26:32.785] [main/DEBUG] [net.minecraftforge.fml.config.ConfigFileTypeHandler/CONFIG]: Built TOML config for /workspaces/papas-con-mayo/servidor_minecraft/config/sarosessentialsmod-common.toml
[16Apr2026 02:26:32.786] [main/DEBUG] [net.minecraftforge.fml.config.ConfigFileTypeHandler/CONFIG]: Loaded TOML config file /workspaces/papas-con-mayo/servidor_minecraft/config/sarosessentialsmod-common.toml
[16Apr2026 02:26:32.786] [main/DEBUG] [net.minecraftforge.fml.config.ConfigFileTypeHandler/CONFIG]: Watching TOML config file /workspaces/papas-con-mayo/servidor_minecraft/config/sarosessentialsmod-common.toml for changes
[16Apr2026 02:26:32.788] [main/DEBUG] [net.minecraftforge.fml.config.ConfigFileTypeHandler/CONFIG]: Built TOML config for /workspaces/papas-con-mayo/servidor_minecraft/config/curios-common.toml
[16Apr2026 02:26:32.788] [main/DEBUG] [net.minecraftforge.fml.config.ConfigFileTypeHandler/CONFIG]: Loaded TOML config file /workspaces/papas-con-mayo/servidor_minecraft/config/curios-common.toml
[16Apr2026 02:26:32.788] [main/DEBUG] [net.minecraftforge.fml.config.ConfigFileTypeHandler/CONFIG]: Watching TOML config file /workspaces/papas-con-mayo/servidor_minecraft/config/curios-common.toml for changes
[16Apr2026 02:26:32.789] [main/DEBUG] [net.minecraftforge.fml.config.ConfigFileTypeHandler/CONFIG]: Built TOML config for /workspaces/papas-con-mayo/servidor_minecraft/config/cataclysm-common.toml
[16Apr2026 02:26:32.791] [main/DEBUG] [net.minecraftforge.fml.config.ConfigFileTypeHandler/CONFIG]: Loaded TOML config file /workspaces/papas-con-mayo/servidor_minecraft/config/cataclysm-common.toml
[16Apr2026 02:26:32.791] [main/DEBUG] [net.minecraftforge.fml.config.ConfigFileTypeHandler/CONFIG]: Watching TOML config file /workspaces/papas-con-mayo/servidor_minecraft/config/cataclysm-common.toml for changes
[16Apr2026 02:26:32.798] [main/DEBUG] [net.minecraftforge.fml.config.ConfigFileTypeHandler/CONFIG]: Built TOML config for /workspaces/papas-con-mayo/servidor_minecraft/config/CoroUtil/General.toml
[16Apr2026 02:26:32.798] [main/DEBUG] [net.minecraftforge.fml.config.ConfigFileTypeHandler/CONFIG]: Loaded TOML config file /workspaces/papas-con-mayo/servidor_minecraft/config/CoroUtil/General.toml
[16Apr2026 02:26:32.799] [main/DEBUG] [net.minecraftforge.fml.config.ConfigFileTypeHandler/CONFIG]: Watching TOML config file /workspaces/papas-con-mayo/servidor_minecraft/config/CoroUtil/General.toml for changes
[16Apr2026 02:26:32.800] [main/DEBUG] [net.minecraftforge.fml.config.ConfigFileTypeHandler/CONFIG]: Built TOML config for /workspaces/papas-con-mayo/servidor_minecraft/config/lootr-common.toml
[16Apr2026 02:26:32.800] [main/DEBUG] [net.minecraftforge.fml.config.ConfigFileTypeHandler/CONFIG]: Loaded TOML config file /workspaces/papas-con-mayo/servidor_minecraft/config/lootr-common.toml
[16Apr2026 02:26:32.800] [main/DEBUG] [net.minecraftforge.fml.config.ConfigFileTypeHandler/CONFIG]: Watching TOML config file /workspaces/papas-con-mayo/servidor_minecraft/config/lootr-common.toml for changes
[16Apr2026 02:26:32.804] [main/DEBUG] [net.minecraftforge.fml.config.ConfigFileTypeHandler/CONFIG]: Built TOML config for /workspaces/papas-con-mayo/servidor_minecraft/config/bettermineshafts-forge-1_20.toml
[16Apr2026 02:26:32.805] [main/DEBUG] [net.minecraftforge.fml.config.ConfigFileTypeHandler/CONFIG]: Loaded TOML config file /workspaces/papas-con-mayo/servidor_minecraft/config/bettermineshafts-forge-1_20.toml
[16Apr2026 02:26:32.805] [main/DEBUG] [net.minecraftforge.fml.config.ConfigFileTypeHandler/CONFIG]: Watching TOML config file /workspaces/papas-con-mayo/servidor_minecraft/config/bettermineshafts-forge-1_20.toml for changes
[16Apr2026 02:26:32.806] [main/DEBUG] [net.minecraftforge.fml.config.ConfigFileTypeHandler/CONFIG]: Built TOML config for /workspaces/papas-con-mayo/servidor_minecraft/config/betterjungletemples-forge-1_20.toml
[16Apr2026 02:26:32.806] [main/DEBUG] [net.minecraftforge.fml.config.ConfigFileTypeHandler/CONFIG]: Loaded TOML config file /workspaces/papas-con-mayo/servidor_minecraft/config/betterjungletemples-forge-1_20.toml
[16Apr2026 02:26:32.806] [main/DEBUG] [net.minecraftforge.fml.config.ConfigFileTypeHandler/CONFIG]: Watching TOML config file /workspaces/papas-con-mayo/servidor_minecraft/config/betterjungletemples-forge-1_20.toml for changes
[16Apr2026 02:26:32.815] [modloading-worker-0/INFO] [xaero.lib.XaeroLib/]: Loading XaeroLib common 1/2!
[16Apr2026 02:26:32.839] [Thread-2/DEBUG] [net.minecraftforge.fml.config.ConfigFileTypeHandler/CONFIG]: Config file carryon-common.toml changed, sending notifies
[16Apr2026 02:26:33.018] [Thread-2/DEBUG] [net.minecraftforge.fml.config.ConfigFileTypeHandler/CONFIG]: Config file sarosessentialsmod-common.toml changed, sending notifies
[16Apr2026 02:26:33.020] [Thread-2/DEBUG] [net.minecraftforge.fml.config.ConfigFileTypeHandler/CONFIG]: Config file bettermineshafts-forge-1_20.toml changed, sending notifies
[16Apr2026 02:26:33.024] [modloading-worker-0/DEBUG] [mixin/]: Mixing common.accessor.StoredUserListAccessor from aether.mixins.json into net.minecraft.server.players.StoredUserList
[16Apr2026 02:26:33.059] [modloading-worker-0/DEBUG] [mixin/]: Mixing PotionUtilsMixin from attributeslib.mixins.json into net.minecraft.world.item.alchemy.PotionUtils
[16Apr2026 02:26:33.090] [Forge Version Check/INFO] [net.minecraftforge.fml.VersionChecker/]: [aether] Starting version check at https://github.com/The-Aether-Team/The-Aether/raw/1.20.1-develop/update.json
[16Apr2026 02:26:33.120] [modloading-worker-0/INFO] [studio.lunareclipse.watching.Init/]: From The Fog Loaded Successfully!
[16Apr2026 02:26:33.150] [modloading-worker-0/INFO] [terrablender/]: Registered region minecraft:overworld to index 0 for type OVERWORLD
[16Apr2026 02:26:33.150] [modloading-worker-0/INFO] [terrablender/]: Registered region minecraft:nether to index 0 for type NETHER
[16Apr2026 02:26:33.150] [modloading-worker-0/INFO] [terrablender/]: Registered region vanillabackport:overworld to index 1 for type OVERWORLD
[16Apr2026 02:26:33.156] [modloading-worker-0/DEBUG] [mixin/]: Mixing MixinSlotAttribute from curios.mixins.json into top.theillusivec4.curios.api.SlotAttribute
[16Apr2026 02:26:33.162] [modloading-worker-0/DEBUG] [mixin/]: Mixing MixinCuriosApi from curios.mixins.json into top.theillusivec4.curios.api.CuriosApi
[16Apr2026 02:26:33.278] [Forge Version Check/DEBUG] [net.minecraftforge.fml.VersionChecker/]: [aether] Received version check data:
{
  "homepage": "https://modrinth.com/mod/aether",
  "promos": {
    "1.19.2-recommended": "1.19.2-1.5.1-forge",
    "1.19.4-recommended": "1.19.4-1.5.1-forge",
    "1.20.1-recommended": "1.20.1-1.5.2-neoforge",
    "1.20.2-recommended": "1.20.2-1.5.1-neoforge",
    "1.20.4-recommended": "1.20.4-1.5.1-neoforge"
  }
}
[16Apr2026 02:26:33.279] [Forge Version Check/INFO] [net.minecraftforge.fml.VersionChecker/]: [aether] Found status: UP_TO_DATE Current: 1.20.1-1.5.2-neoforge Target: null
[16Apr2026 02:26:33.282] [Forge Version Check/INFO] [net.minecraftforge.fml.VersionChecker/]: [siegeweapons] Starting version check at https://raw.githubusercontent.com/talhanation/siegeweapons/main/update.json
[16Apr2026 02:26:33.319] [Forge Version Check/DEBUG] [net.minecraftforge.fml.VersionChecker/]: [siegeweapons] Received version check data:
{
  "homepage": "https://modrinth.com/project/siegeweapons",
  "promos": {
    "1.20.1-recommended": "0.2.4"
  },
  "1.20.1": {
    "0.2.4": "Bug fixes and API adjustments",
    "0.2.2": "Initial beta release of siegeweapons, fixed villagers do not take jobs",
    "0.2.1": "Initial beta release of siegeweapons, fixed performance and crafting",
    "0.2.0": "Initial alpha release of siegeweapons"
  }
}
[16Apr2026 02:26:33.320] [Forge Version Check/INFO] [net.minecraftforge.fml.VersionChecker/]: [siegeweapons] Found status: AHEAD Current: 0.2.5 Target: null
[16Apr2026 02:26:33.322] [Forge Version Check/INFO] [net.minecraftforge.fml.VersionChecker/]: [mcwwindows] Starting version check at https://raw.githubusercontent.com/sketchmacaw/macawsmods/master/window.json
[16Apr2026 02:26:33.336] [Forge Version Check/DEBUG] [net.minecraftforge.fml.VersionChecker/]: [mcwwindows] Received version check data:
{
  "homepage": "https://www.curseforge.com/minecraft/mc-mods/macaws-windows",
  "promos": {
    "1.21.10-recommended": "2.4.2",
    "1.21.10-latest": "2.4.2",
    "1.21.9-recommended": "2.4.2",
    "1.21.9-latest": "2.4.2",
    "1.21.8-recommended": "2.4.2",
    "1.21.8-latest": "2.4.2",
    "1.21.7-recommended": "2.4.2",
    "1.21.7-latest": "2.4.2",
    "1.21.6-recommended": "2.4.2",
    "1.21.6-latest": "2.4.2",
    "1.21.5-recommended": "2.4.2",
    "1.21.5-latest": "2.4.2",
    "1.21.4-recommended": "2.4.2",
    "1.21.4-latest": "2.4.2",
    "1.21.3-recommended": "2.4.2",
    "1.21.3-latest": "2.4.2",
    "1.21.1-recommended": "2.4.2",
    "1.21.1-latest": "2.4.2",
    "1.21-recommended": "2.4.2",
    "1.21-latest": "2.4.2",
    "1.20.6-recommended": "2.4.2",
    "1.20.6-latest": "2.4.2",
    "1.20.4-recommended": "2.4.2",
    "1.20.4-latest": "2.4.2",
    "1.20.3-recommended": "2.4.2",
    "1.20.3-latest": "2.4.2",
    "1.20.2-recommended": "2.4.2",
    "1.20.2-latest": "2.4.2",
    "1.20.1-recommended": "2.4.2",
    "1.20.1-latest": "2.4.2",
    "1.20-recommended": "2.4.2",
    "1.20-latest": "2.4.2",
    "1.19.4-recommended": "2.4.2",
    "1.19.4-latest": "2.4.2",
    "1.19.3-recommended": "2.4.2",
    "1.19.3-latest": "2.4.2",
    "1.19.2-recommended": "2.4.2",
    "1.19.2-latest": "2.4.2",
    "1.19.1-recommended": "2.4.2",
    "1.19.1-latest": "2.4.2",
    "1.19-recommended": "2.4.2",
    "1.19-latest": "2.4.2",
    "1.18.2-recommended": "2.4.2",
    "1.18.2-latest": "2.4.2",
    "1.18.1-recommended": "2.4.2",
    "1.18.1-latest": "2.4.2",
    "1.17.1-recommended": "2.4.2",
    "1.17.1-latest": "2.4.2",
    "1.16.5-recommended": "2.4.2",
    "1.16.5-latest": "2.4.2",
    "1.15.2-latest": "1.0.2",
    "1.15.1-latest": "1.0.2",
    "1.14.4-latest": "1.0.2",
    "1.12.2-latest": "1.0.1",
    "1.15.2-recommended": "1.0.2",
    "1.15.1-recommended": "1.0.2",
    "1.14.4-recommended": "1.0.2",
    "1.12.2-recommended": "1.0.1"
  }
}
[16Apr2026 02:26:33.337] [Forge Version Check/INFO] [net.minecraftforge.fml.VersionChecker/]: [mcwwindows] Found status: UP_TO_DATE Current: 2.4.2 Target: null
[16Apr2026 02:26:33.340] [Forge Version Check/INFO] [net.minecraftforge.fml.VersionChecker/]: [mr_blossom_blade] Starting version check at https://api.modrinth.com/updates/UMmSTwE0/forge_updates.json
[16Apr2026 02:26:33.368] [main/DEBUG] [net.minecraftforge.fml.DeferredWorkQueue/LOADING]: Dispatching synchronous work for work queue COMMON_SETUP: 38 jobs
[16Apr2026 02:26:33.429] [main/INFO] [com.tiviacz.travelersbackpack.TravelersBackpack/]: Registered the FluidEffect with Unique ID of minecraft:water for Water (Fluid Amount Required: 1000) with the ID 0
[16Apr2026 02:26:33.429] [main/INFO] [com.tiviacz.travelersbackpack.TravelersBackpack/]: Registered the FluidEffect with Unique ID of minecraft:lava for Lava (Fluid Amount Required: 1000) with the ID 1
[16Apr2026 02:26:33.429] [main/INFO] [com.tiviacz.travelersbackpack.TravelersBackpack/]: Registered the FluidEffect with Unique ID of travelersbackpack:potion for Uncraftable Potion (Fluid Amount Required: 250) with the ID 2
[16Apr2026 02:26:33.430] [main/INFO] [com.tiviacz.travelersbackpack.TravelersBackpack/]: Registered the FluidEffect with Unique ID of minecraft:milk for Milk (Fluid Amount Required: 1000) with the ID 3
[16Apr2026 02:26:33.451] [Forge Version Check/DEBUG] [net.minecraftforge.fml.VersionChecker/]: [mr_blossom_blade] Received version check data:
{"homepage":"https://modrinth.com/mod/UMmSTwE0","promos":{"1.19.1-latest":"1.1+mod","1.20.3-recommended":"1.2+mod","1.20-latest":"1.2+mod","1.21-latest":"1.3+mod","1.20.2-latest":"1.2+mod","1.19.2-recommended":"1.1+mod","1.20.1-latest":"1.2+mod","1.19.3-recommended":"1.1+mod","1.21-recommended":"1.3+mod","1.20-recommended":"1.2+mod","1.19-latest":"1.1+mod","1.19-recommended":"1.1+mod","1.19.4-recommended":"1.1+mod","1.21.1-recommended":"1.3+mod","1.19.3-latest":"1.1+mod","1.21.1-latest":"1.3+mod","1.20.1-recommended":"1.2+mod","1.20.4-latest":"1.2+mod","1.19.4-latest":"1.1+mod","1.20.2-recommended":"1.2+mod","1.20.4-recommended":"1.2+mod","1.19.1-recommended":"1.1+mod","1.19.2-latest":"1.1+mod","1.20.3-latest":"1.2+mod"}}
[16Apr2026 02:26:33.453] [Forge Version Check/INFO] [net.minecraftforge.fml.VersionChecker/]: [mr_blossom_blade] Found status: OUTDATED Current: 1.2 Target: 1.2+mod
[16Apr2026 02:26:33.455] [Forge Version Check/INFO] [net.minecraftforge.fml.VersionChecker/]: [travelersbackpack] Starting version check at https://gist.githubusercontent.com/Tiviacz1337/906937677aa472285dff9d6c2a189d5e/raw
[16Apr2026 02:26:33.483] [main/INFO] [Supplementaries/]: Finished mod setup in: [0, 2, 0, 1, 0, 0, 25, 5] ms
[16Apr2026 02:26:33.486] [main/DEBUG] [mixin/]: Mixing common.accessor.LootContextParamSetsAccessor from aether.mixins.json into net.minecraft.world.level.storage.loot.parameters.LootContextParamSets
[16Apr2026 02:26:33.486] [main/DEBUG] [mixin/]: Renaming @Invoker method callRegister(Ljava/lang/String;Ljava/util/function/Consumer;)Lnet/minecraft/world/level/storage/loot/parameters/LootContextParamSet; to callRegister_$md$26f194$0 in aether.mixins.json:common.accessor.LootContextParamSetsAccessor
[16Apr2026 02:26:33.490] [main/DEBUG] [mixin/]: Mixing LootPoolMixin from platform.mixins.json into net.minecraft.world.level.storage.loot.LootPool
[16Apr2026 02:26:33.500] [Forge Version Check/DEBUG] [net.minecraftforge.fml.VersionChecker/]: [travelersbackpack] Received version check data:
{ 
        "homepage": "https://www.curseforge.com/minecraft/mc-mods/travelers-backpack", 
        "promos": {
		"1.20.4-recommended": "9.4.2",
		"1.20.4-latest": "9.4.2",
		"1.20.2-recommended": "9.2.4",
		"1.20.2-latest": "9.2.4",
		"1.20.1-recommended": "9.1.16",
		"1.20.1-latest": "9.1.16",
		"1.20-recommended": "9.0.2",
		"1.20-latest": "9.0.2",
		"1.19.4-recommended": "8.4.20",
		"1.19.4-latest": "8.4.20",
		"1.19.3-recommended": "8.3.9",
		"1.19.3-latest": "8.3.9",
		"1.19.2-recommended": "8.2.40",
		"1.19.2-latest": "8.2.40",
		"1.19.1-recommended": "8.1.1",
		"1.19.1-latest": "8.1.1",
		"1.19-recommended": "8.0.8",
		"1.19-latest": "8.0.8",
		"1.18.2-recommended": "7.1.48",
		"1.18.2-latest": "7.1.48",
		"1.18.1-recommended": "7.0.4",
		"1.18.1-latest": "7.0.5",
		"1.17.1-recommended": "6.0.52",
		"1.17.1-latest": "6.0.52",
		"1.16.5-recommended": "5.4.51",
		"1.16.5-latest": "5.4.51",
		"1.16.4-recommended": "5.3.8",
		"1.16.4-latest": "5.3.8",
		"1.16.3-recommended": "5.2.1",
		"1.16.3-latest": "5.2.1",
		"1.16.2-recommended": "5.1.1",
		"1.16.2-latest": "5.1.1",
		"1.16.1-recommended": "5.0.1",
		"1.16.1-latest": "5.0.1",
		"1.15.2-recommended": "4.0.8",
		"1.15.2-latest": "4.0.8",
		"1.14.4-recommended": "3.0.8",
		"1.14.4-latest": "3.0.8",
                "1.12.2-recommended": "1.0.34",
		"1.12.2-latest": "1.0.34"
        }, 
        "1.12.2": {
			"0.0.3a": "Added sleeping bag",
			"0.0.4a": "Added ability to wear backpack on player's back!",
			"0.0.5a": "Implemented swapping between tools!",
			"0.0.6a": "Added missing recipe for sleeping bag",
			"0.0.7a": "Fixes for server",
			"0.0.8a": "Added backpack renderer on player's back!",
			"0.0.9a": "Added tools render on backpack",
			"0.1.0a": "Fixed tile entity data loading",
			"0.1.1a": "Added hose, bug fixes",
			"0.1.2a": "Fixed server crash",
			"0.1.3a": "Added more backpack types!",
			"0.1.4a": "Added fluid render to block and wearable model",
			"0.1.5a": "Fixed some bugs and added more custom backpacks",
			"0.1.6a": "Added potions as fluids!",
			"0.1.7a": "Fixed rendering-thing on server",
			"0.1.8a": "Fixed some minor issues",
			"1.0.19.19": "First beta release",
			"1.0.20.20": "Mainly bug fixes",
			"1.0.21.21": "Bug fixes",
			"1.0.22.22": "Added backpack abilities",
			"1.0.23.23": "Bug fixes",
			"1.0.24.24": "Bug fixes",
			"1.0.25.25": "Bug fixes",
			"1.0.26.26": "Fixed NPE",
			"1.0.27": "Capability code clean-up, bug fix",
			"1.0.28": "Mod ID change, see note in 1.0.28 on the site",
			"1.0.29": "Mod ID change, see note in 1.0.29 on the site",
			"1.0.30": "Bug fixes, standard backpack texture improvements",
			"1.0.31": "Fixed bug that causes buckets to dissapear",
			"1.0.32": "Added in-game warning about modid change and method to keep backpacks after updating to newer version",
			"1.0.33": "Fixed backpack dissapear in explosions",
			"1.0.34": "Mainly bug fixes",
			"1.0.35": "Misc bug fixes"
        },
	"1.14.4":  { 
			"3.0.7": "Initial port",
			"3.0.8": "Compatibility for modded tools"
	},
	"1.15.2":  {
      			"4.0.0": "Initial port",
			"4.0.1": "FPS bug fix",
			"4.0.2": "Fixed unwanted backpack placement after death",
			"4.0.3": "Fixed NPE while using sleeping bag",
			"4.0.4": "Fixed crash, updated few textures",
			"4.0.5": "Bug fixes",
			"4.0.6": "Fixed backpack dissapear in explosions",
			"4.0.7": "Keybind for tool cycle",
			"4.0.8": "Compatibility for modded tools"
	},
	"1.16.1":  { 
			"5.0.0": "Initial port",
			"5.0.1": "Fixed backpack not saving contents, compatibility for modded tools"
	},
	"1.16.2":  { 
			"5.1.0": "Initial port",
			"5.1.1": "Fixed server crashes, backpack not saving contents, compatibility for modded tools"
	},
	"1.16.3":  { 
			"5.2.1": "Initial port"
	},
	"1.16.4":  { 
			"5.3.1": "Initial port",
			"5.3.2": "Bug fixes, game-breaking change",
			"5.3.3": "A lot of bug fixes",
			"5.3.4": "Dupe bug fix",
			"5.3.5": "Curios integration",
			"5.3.6": "Crafting grid dupe bug fix",
			"5.3.7": "Crash fix, curiosIntegration option migration",
			"5.3.8": "Fixed item saving bug"
	},
	"1.16.5":  { 
			"5.3.8": "Fixed item saving bug",
			"5.4.0": "Few new custom backpacks",
			"5.4.1": "Fixed villager trades",
			"5.4.2": "Fixed crash with turkish language and small tweaks",
			"5.4.3": "Fixed dupe bug",
			"5.4.4": "JEI dupe bug fix and more",
			"5.4.5": "Dyeable backpacks update! :>",
			"5.4.6": "More backpacks and bug fixes",
			"5.4.7": "Exploit and bug fixes",
			"5.4.8": "Fixed spawn point setting",
			"5.4.9": "20 new backpacks",
			"5.4.10": "Added backpack abilties",
			"5.4.11": "Code cleanup",
			"5.4.12": "Fixed crash",
			"5.4.13": "Added sorting buttons",
			"5.4.14": "Fixed LAN crash",
			"5.4.15": "Fixed few bugs",
			"5.4.16": "Fixed crash",
			"5.4.17": "Fixed bugs",
			"5.4.18": "Fixed crash",
			"5.4.19": "Fixed curio dupe bug",
			"5.4.20": "Added 9 new abilities",
			"5.4.21": "Added too many backpacks slowness effect",
			"5.4.22": "Fixed abilities",
			"5.4.23": "Added colorable sleeping bags",
			"5.4.24": "Bug fixes",
			"5.4.25": "Added slot memory",
			"5.4.26": "Added dedicated settings menu",
			"5.4.28": "Added milk and milk effect",
			"5.4.29": "Mobs can spawn with backpack equipped",
			"5.4.31": "Added /restore command",
			"5.4.32": "Added void protection config option",
			"5.4.33": "Fixed bad coded coordinates",
			"5.4.35": "Tweaked config and commands",
			"5.4.36": "Added backpack tiers",
			"5.4.37": "Changed tier upgrades recipes",
			"5.4.38": "Added enableTierUpgrades config option",
			"5.4.39": "Added Crafting widget",
			"5.4.40": "Fixed dupe bug",
			"5.4.41": "Backpack can be placed in fluids after death",
			"5.4.42": "Added compat with gravestone mods",
			"5.4.43": "Tweaked some recipes",
			"5.4.44": "Misc",
			"5.4.45": "Misc",
			"5.4.46": "Misc",
			"5.4.47": "Added tool slots widget",
			"5.4.48": "Fixed few bugs",
			"5.4.49": "Shift + Right Click with Empty Hand allows to place backpack on the ground",
			"5.4.50": "Sleeping bag can be used without backpack",
			"5.4.51": "Added loot to chests and fixed bugs"
	},
	"1.17.1":  { 
			"6.0.0": "Initial Release",
			"6.0.1": "Fixed datapack issue",
			"6.0.2": "Fixed crash with newest Forge",
			"6.0.3": "Fixed backpack disappearing on death",
			"6.0.4": "JEI integration and more",
			"6.0.5": "Dyeable backpacks update! :>",
			"6.0.6": "More backpacks and bug fixes",
			"6.0.7": "Fixed significant FPS drop",
			"6.0.8": "Fixed dupe bug",
			"6.0.9": "Fixed spawn point setting",
			"6.0.10": "20 new backpacks",
			"6.0.11": "Added backpack abilties",
			"6.0.12": "Code cleanup",
			"6.0.13": "Fixed crash",
			"6.0.14": "Added sorting buttons",
			"6.0.15": "Fixed LAN crash",
			"6.0.16": "Fixed few bugs",
			"6.0.17": "Fixed crash",
			"6.0.18": "Fixed bugs",
			"6.0.19": "Fixed crash",
			"6.0.20": "Fixed curio dupe bug",
			"6.0.21": "Added 9 new abilities",
			"6.0.22": "Added too many backpacks slowness effect",
			"6.0.23": "Fixed abilities",
			"6.0.24": "Added colorable sleeping bags",
			"6.0.25": "Bug fixes",
			"6.0.26": "Added slot memory",
			"6.0.27": "Added dedicated settings menu",
			"6.0.29": "Added milk and milk effect",
			"6.0.30": "Mobs can spawn with backpack equipped",
			"6.0.32": "Added /restore command",
			"6.0.33": "Added void protection config option",
			"6.0.34": "Fixed bad coded coordinates",
			"6.0.36": "Tweaked config and commands",
			"6.0.37": "Added backpack Tiers",
			"6.0.38": "Changed tier upgrades recipes",
			"6.0.39": "Added enableTierUpgrades config option",
			"6.0.40": "Added Crafting widget",
			"6.0.41": "Fixed dupe bug",
			"6.0.42": "Backpack can be placed in fluids after death",
			"6.0.43": "Added compat with gravestone mods",
			"6.0.44": "Added inventory tooltip in preview",
			"6.0.45": "Misc",
			"6.0.46": "Misc",
			"6.0.47": "Misc",
			"6.0.48": "Added tool slots widget",
			"6.0.49": "Fixed few bugs",
			"6.0.50": "Shift + Right Click with Empty Hand allows to place backpack on the ground",
			"6.0.51": "Sleeping bag can be used without backpack",
			"6.0.52": "Added loot to chests and fixed bugs"
	},
	"1.18.1":  { 
			"7.0.0": "Initial Release",
			"7.0.1": "Backpack lose items bug fix",
			"7.0.2": "New backpacks",
			"7.0.3": "Fixed dupe bug",
			"7.0.4": "Fixed spawn point setting"
	},
	"1.18.2":  { 
			"7.1.0": "Initial Release",
			"7.1.1": "Fixed spawn point setting",
			"7.1.2": "20 new backpacks",
			"7.1.3": "Added backpack abilties",
			"7.1.4": "Code cleanup",
			"7.1.5": "Fixed bug with duplicating buckets",
			"7.1.6": "Fixed crash",
			"7.1.7": "Added sorting buttons",
			"7.1.8": "Fixed LAN crash",
			"7.1.9": "Fixed few bugs",
			"7.1.10": "Fixed crash",
			"7.1.11": "Fixed bugs",
			"7.1.12": "Fixed crash",
			"7.1.13": "Fixed curio dupe bug",
			"7.1.14": "Added 9 new abilities",
			"7.1.15": "Added too many backpacks slowness effect",
			"7.1.16": "Fixed abilities",
			"7.1.17": "Added colorable sleeping bags",
			"7.1.18": "Bug fixes",
			"7.1.20": "Added slot memory",
			"7.1.21": "Added dedicated settings menu",
			"7.1.23": "Added milk and milk effect",
			"7.1.24": "Mobs can spawn with backpack equipped",
			"7.1.26": "Added /restore command",
			"7.1.27": "Added void protection config option",
			"7.1.28": "Fixed bad coded coordinates",
			"7.1.30": "Tweaked config and commands",
			"7.1.31": "Added backpack Tiers",
			"7.1.32": "Changed tier upgrades recipes",
			"7.1.33": "Added enableTierUpgrades config option",
			"7.1.34": "Added Crafting widget",
			"7.1.35": "Fixed dupe bug",
			"7.1.36": "Backpack can be placed in fluids after death",
			"7.1.37": "Added compat with gravestone mods",
			"7.1.38": "Added inventory preview in tooltip",
			"7.1.39": "Misc",
			"7.1.40": "Misc",
			"7.1.41": "Misc",
			"7.1.42": "Added tool slots widget",
			"7.1.43": "Fixed few bugs",
			"7.1.44": "Shift + Right Click with Empty Hand allows to place backpack on the ground",
			"7.1.45": "Sleeping bag can be used without backpack",
			"7.1.46": "Added loot to chests and fixed bugs",
			"7.1.47": "Configuration for backpack slots",
			"7.1.48": "Added recipes to recipe book"
			
	},
	"1.19":  { 
			"8.0.0": "Initial Release",
			"8.0.1": "Fixed crashes",
			"8.0.2": "20 new backpacks",
			"8.0.3": "Added backpack abilties",
			"8.0.4": "Updated Forge",
			"8.0.5": "Fixed few bugs",
			"8.0.6": "Code cleanup",
			"8.0.7": "Fixed crash",
			"8.0.8": "Added sorting buttons"
	},
	"1.19.1":  { 
			"8.1.0": "Initial Release",
			"8.1.1": "Fixed LAN crash"
	},
	"1.19.2":  { 
			"8.2.0": "Initial Release",
			"8.2.1": "Fixed few bugs",
			"8.2.2": "Fixed crash",
			"8.2.3": "Fixed bugs",
			"8.2.4": "Fixed crash",
			"8.2.5": "Fixed curio dupe bug",
			"8.2.6": "Added 9 new abilities",
			"8.2.7": "Added too many backpacks slowness effect",
			"8.2.8": "Fixed abilities",
			"8.2.9": "Added colorable sleeping bags",
			"8.2.10": "Bug fixes",
			"8.2.11": "Added slot memory",
			"8.2.12": "Added dedicated settings menu",
			"8.2.14": "Added milk and milk effect",
			"8.2.15": "Mobs can spawn with backpack equipped",
			"8.2.17": "Added /restore command",
			"8.2.18": "Added void protection config option",
			"8.2.19": "Fixed bad coded coordinates",
			"8.2.21": "Tweaked config and commands",
			"8.2.22": "Added backpack tiers",
			"8.2.23": "Changed tier upgrades recipes",
			"8.2.24": "Missing texture hotfix",
			"8.2.25": "Added enableTierUpgrades config option",
			"8.2.26": "Added Crafting widget",
			"8.2.27": "Fixed dupe bug",
			"8.2.28": "Backpack can be placed in fluids after death",
			"8.2.29": "Added compat with gravestone mods",
			"8.2.30": "Added inventory preview in tooltip",
			"8.2.31": "Misc",
			"8.2.32": "Misc",
			"8.2.33": "Misc",
			"8.2.34": "Added tool slots widget",
			"8.2.35": "Fixed few bugs",
			"8.2.36": "Shift + Right Click with Empty Hand allows to place backpack on the ground",
			"8.2.37": "Sleeping bag can be used without backpack",
			"8.2.38": "Added loot to chests and fixed bugs",
			"8.2.39": "Configuration for backpack slots",
			"8.2.40": "Added recipes to recipe book"
	},
	"1.19.3":  { 
			"8.3.0": "Initial Release",
			"8.3.2": "Added milk and milk effect",
			"8.3.3": "Mobs can spawn with backpack equipped",
			"8.3.5": "Added /restore command",
			"8.2.6": "Added void protection config option",
			"8.2.7": "Fixed bad coded coordinates",
			"8.2.9": "Tweaked config and commands"
	},
	"1.19.4":  { 
			"8.4.2": "Tweaked config and commands",
			"8.4.3": "Added backpack tiers",
			"8.4.4": "Changed tier upgrades recipes",
			"8.4.5": "Added enableTierUpgrades config option",
			"8.4.6": "Added support for new smithing table",
			"8.4.7": "Added support for new smithing table",
			"8.4.8": "Added Crafting widget",
			"8.4.9": "Fixed dupe bug",
			"8.4.10": "Backpack can be placed in fluids after death",
			"8.4.11": "Added compat with gravestone mods",
			"8.4.12": "Added inventory preview in tooltip",
			"8.4.13": "Misc",
			"8.4.14": "Misc",
			"8.4.15": "Misc",
			"8.4.16": "Added tool slots widget",
			"8.4.17": "Fixed few bugs",
			"8.4.18": "Shift + Right Click with Empty Hand allows to place backpack on the ground",
			"8.4.19": "Sleeping bag can be used without backpack",
			"8.4.20": "Added loot to chests and fixed bugs"
	},
	"1.20":  { 
			"9.0.0": "Initial update",
			"9.0.1": "Fixed disappearing backpack on contact with water",
			"9.0.2": "Fixed smithing bug and restored Curios compat"
	},
	"1.20.1":  { 
			"9.1.0": "Initial update",
			"9.1.1": "Initial update",
			"9.1.2": "Fixed dupe bug",
			"9.1.3": "Added compat with gravestone mods",
			"9.1.4": "Added inventory preview in tooltip",
			"9.1.5": "Misc",
			"9.1.6": "Misc",
			"9.1.7": "Misc",
			"9.1.8": "Added tool slots widget",
			"9.1.9": "Fixed few bugs",
			"9.1.10": "Shift + Right Click with Empty Hand allows to place backpack on the ground",
			"9.1.11": "Sleeping bag can be used without backpack",
			"9.1.12": "Configuration for backpack slots",
			"9.1.13": "Added loot to chests and fixed bugs",
			"9.1.14": "Added recipes to recipe book",
			"9.1.15": "Improvements",
			"9.1.16": "Stopped excessive drops of backpack from mob farms, added visibility button, fixed some bugs"
	},
	"1.20.2":  { 
			"9.2.0": "Initial update",
			"9.2.1": "Fixed few bugs",
			"9.2.2": "Shift + Right Click with Empty Hand allows to place backpack on the ground",
			"9.2.3": "Sleeping bag can be used without backpack",
			"9.2.4": "Added loot to chests and fixed bugs"
	},
	"1.20.4":  { 
			"9.4.0": "Initial update",
			"9.4.1": "Configuration for backpack slots",
			"9.4.2": "Added recipes to recipe book"
	}
}
[16Apr2026 02:26:33.502] [Forge Version Check/INFO] [net.minecraftforge.fml.VersionChecker/]: [travelersbackpack] Found status: AHEAD Current: 9.1.53 Target: null
[16Apr2026 02:26:33.503] [Forge Version Check/INFO] [net.minecraftforge.fml.VersionChecker/]: [mcwstairs] Starting version check at https://raw.githubusercontent.com/sketchmacaw/macawsmods/master/stairs.json
[16Apr2026 02:26:33.507] [main/DEBUG] [mixin/]: Mixing LootTablesMixin from placebo.mixins.json into net.minecraft.world.level.storage.loot.LootDataManager
[16Apr2026 02:26:33.507] [main/DEBUG] [mixin/]: Renaming synthetic method lambda$apply$0(Lnet/minecraft/world/level/storage/loot/LootDataId;Lnet/minecraft/world/level/storage/loot/LootTable;)V to md26f194$lambda$apply$0$0 in placebo.mixins.json:LootTablesMixin
[16Apr2026 02:26:33.512] [main/DEBUG] [mixin/]: Mixing MixinLootDataManager from architectury.mixins.json into net.minecraft.world.level.storage.loot.LootDataManager
[16Apr2026 02:26:33.513] [Forge Version Check/DEBUG] [net.minecraftforge.fml.VersionChecker/]: [mcwstairs] Received version check data:
{
  "homepage": "https://www.curseforge.com/minecraft/mc-mods/macaws-stairs",
  "promos": {
    "1.21.10-recommended": "1.0.2",
    "1.21.10-latest": "1.0.2",
    "1.21.9-recommended": "1.0.2",
    "1.21.9-latest": "1.0.2",
    "1.21.8-recommended": "1.0.2",
    "1.21.8-latest": "1.0.2",
    "1.21.7-recommended": "1.0.2",
    "1.21.7-latest": "1.0.2",
    "1.21.6-recommended": "1.0.2",
    "1.21.6-latest": "1.0.2",
    "1.21.5-recommended": "1.0.2",
    "1.21.5-latest": "1.0.2",
    "1.21.4-recommended": "1.0.2",
    "1.21.4-latest": "1.0.2",
    "1.21.3-recommended": "1.0.2",
    "1.21.3-latest": "1.0.2",
    "1.21.1-recommended": "1.0.2",
    "1.21.1-latest": "1.0.2",
    "1.21-recommended": "1.0.2",
    "1.21-latest": "1.0.2",
    "1.20.6-recommended": "1.0.2",
    "1.20.6-latest": "1.0.2",
    "1.20.4-recommended": "1.0.2",
    "1.20.4-latest": "1.0.2",
    "1.20.3-recommended": "1.0.2",
    "1.20.3-latest": "1.0.2",
    "1.20.2-recommended": "1.0.2",
    "1.20.2-latest": "1.0.2",
    "1.20.1-recommended": "1.0.2",
    "1.20.1-latest": "1.0.2",
    "1.20-recommended": "1.0.2",
    "1.20-latest": "1.0.2",
    "1.19.4-recommended": "1.0.2",
    "1.19.4-latest": "1.0.2",
    "1.19.3-recommended": "1.0.2",
    "1.19.3-latest": "1.0.2",
    "1.19.2-recommended": "1.0.2",
    "1.19.2-latest": "1.0.2",
    "1.19.1-recommended": "1.0.2",
    "1.19.1-latest": "1.0.2",
    "1.19-recommended": "1.0.2",
    "1.19-latest": "1.0.2",
    "1.18.2-recommended": "1.0.2",
    "1.18.2-latest": "1.0.2",
    "1.18.1-recommended": "1.0.2",
    "1.18.1-latest": "1.0.2",
    "1.17.1-recommended": "1.0.2",
    "1.17.1-latest": "1.0.2",
    "1.16.5-latest": "1.0.2",
    "1.16.5-recommended": "1.0.2"
  }
}
[16Apr2026 02:26:33.513] [main/DEBUG] [mixin/]: Mixing LootDataManagerForgeMixin from puzzleslib.forge.mixins.json into net.minecraft.world.level.storage.loot.LootDataManager
[16Apr2026 02:26:33.513] [Forge Version Check/INFO] [net.minecraftforge.fml.VersionChecker/]: [mcwstairs] Found status: UP_TO_DATE Current: 1.0.2 Target: null
[16Apr2026 02:26:33.513] [Forge Version Check/INFO] [net.minecraftforge.fml.VersionChecker/]: [mr_veinminer] Starting version check at https://api.modrinth.com/updates/OhduvhIc/forge_updates.json
[16Apr2026 02:26:33.571] [Forge Version Check/DEBUG] [net.minecraftforge.fml.VersionChecker/]: [mr_veinminer] Received version check data:
{"homepage":"https://modrinth.com/mod/OhduvhIc","promos":{"1.18.1-recommended":"1.1.0+mod","1.18-latest":"1.1.0+mod","1.19-latest":"1.1.0+mod","1.19.3-latest":"1.1.0+mod","1.18.2-recommended":"1.1.0+mod","1.17-recommended":"1.1.0+mod","1.19.4-latest":"1.1.0+mod","1.20.4-recommended":"1.2.1+mod","1.20.1-latest":"1.1.0+mod","1.20.2-latest":"1.2.1+mod","1.17-latest":"1.1.0+mod","1.19.3-recommended":"1.1.0+mod","1.19.2-latest":"1.1.0+mod","1.20-latest":"1.1.0+mod","1.18-recommended":"1.1.0+mod","1.20.4-latest":"1.2.1+mod","1.20.2-recommended":"1.2.1+mod","1.17.1-latest":"1.1.0+mod","1.20-recommended":"1.1.0+mod","1.20.3-latest":"1.2.1+mod","1.19.1-latest":"1.1.0+mod","1.20.3-recommended":"1.2.1+mod","1.17.1-recommended":"1.1.0+mod","1.19-recommended":"1.1.0+mod","1.20.1-recommended":"1.1.0+mod","1.18.1-latest":"1.1.0+mod","1.18.2-latest":"1.1.0+mod","1.19.4-recommended":"1.1.0+mod","1.19.1-recommended":"1.1.0+mod","1.19.2-recommended":"1.1.0+mod"}}
[16Apr2026 02:26:33.571] [Forge Version Check/INFO] [net.minecraftforge.fml.VersionChecker/]: [mr_veinminer] Found status: OUTDATED Current: 1.1.0 Target: 1.1.0+mod
[16Apr2026 02:26:33.571] [Forge Version Check/INFO] [net.minecraftforge.fml.VersionChecker/]: [guardvillagers] Starting version check at https://raw.githubusercontent.com/seymourimadeit/guardvillagers/master/update.json
[16Apr2026 02:26:33.583] [Forge Version Check/DEBUG] [net.minecraftforge.fml.VersionChecker/]: [guardvillagers] Received version check data:
{
	"homepage": "https://www.curseforge.com/minecraft/mc-mods/guard-villagers/files",
	"promos": {
		"1.14.4-latest": "1.0.5",
		"1.14.4-recommended": "1.0.5",
		"1.15.2-latest": "1.0.8",
		"1.15.2-recommended": "1.0.8",
		"1.16.1-latest": "1.1.4",
		"1.16.1-recommended": "1.1.4",
		"1.16.3-latest": "1.1.9",
		"1.16.3-recommended": "1.1.9",
                "1.16.4-latest": "1.2.6",
		"1.16.4-recommended": "1.2.6",
                "1.16.5-latest": "1.2.6",
		"1.16.5-recommended": "1.2.6",
		"1.17.1-latest": "1.3.4",
		"1.17.1-recommended": "1.3.4",
		"1.18-recommended": "1.4.0",
		"1.18-latest": "1.4.0",
		"1.18.1-recommended": "1.4.0",
		"1.18.1-latest": "1.4.0",
		"1.18.2-recommended": "1.4.3",
		"1.18.2-latest": "1.4.3",
		"1.19-recommended": "1.5.1",
		"1.19-latest": "1.5.1",
		"1.19.1-recommended": "1.5.1",
		"1.19.1-latest": "1.5.1",
		"1.19.2-recommended": "1.19.2-1.5.7",
		"1.19.2-latest": "1.19.2-1.5.7",
		"1.19.3-recommended": "1.19.3-1.5.5",
		"1.19.3-latest": "1.19.3-1.5.5",
		"1.19.4-recommended": "1.19.4-1.5.8",
		"1.19.4-latest": "1.19.4-1.5.8",
		"1.20-latest": "1.20-1.6.1",
		"1.20.1-latest": "1.20-1.6.5"
	}
}
[16Apr2026 02:26:33.584] [Forge Version Check/INFO] [net.minecraftforge.fml.VersionChecker/]: [guardvillagers] Found status: BETA Current: 1.20.1-1.6.17 Target: 1.20-1.6.5
[16Apr2026 02:26:33.584] [Forge Version Check/INFO] [net.minecraftforge.fml.VersionChecker/]: [mcwdoors] Starting version check at https://raw.githubusercontent.com/sketchmacaw/macawsmods/master/doors.json
[16Apr2026 02:26:33.595] [Forge Version Check/DEBUG] [net.minecraftforge.fml.VersionChecker/]: [mcwdoors] Received version check data:
{
  "homepage": "https://www.curseforge.com/minecraft/mc-mods/macaws-doors",
  "promos": {
    "1.21.10-recommended": "1.1.2",
    "1.21.10-latest": "1.1.2",
    "1.21.9-recommended": "1.1.2",
    "1.21.9-latest": "1.1.2",
    "1.21.8-recommended": "1.1.2",
    "1.21.8-latest": "1.1.2",
    "1.21.7-recommended": "1.1.2",
    "1.21.7-latest": "1.1.2",
    "1.21.6-recommended": "1.1.2",
    "1.21.6-latest": "1.1.2",
    "1.21.5-recommended": "1.1.2",
    "1.21.5-latest": "1.1.2",
    "1.21.4-recommended": "1.1.2",
    "1.21.4-latest": "1.1.2",
    "1.21.3-recommended": "1.1.2",
    "1.21.3-latest": "1.1.2",
    "1.21.1-recommended": "1.1.2",
    "1.21.1-latest": "1.1.2",
    "1.21-recommended": "1.1.2",
    "1.21-latest": "1.1.2",
    "1.20.6-recommended": "1.1.2",
    "1.20.6-latest": "1.1.2",
    "1.20.4-recommended": "1.1.2",
    "1.20.4-latest": "1.1.2",
    "1.20.3-recommended": "1.1.2",
    "1.20.3-latest": "1.1.2",
    "1.20.2-recommended": "1.1.2",
    "1.20.2-latest": "1.1.2",
    "1.20.1-recommended": "1.1.2",
    "1.20.1-latest": "1.1.2",
    "1.20-recommended": "1.1.2",
    "1.20-latest": "1.1.2",
    "1.19.4-recommended": "1.1.2",
    "1.19.4-latest": "1.1.2",
    "1.19.3-recommended": "1.1.2",
    "1.19.3-latest": "1.1.2",
    "1.19.2-recommended": "1.1.2",
    "1.19.2-latest": "1.1.2",
    "1.19.1-recommended": "1.1.2",
    "1.19.1-latest": "1.1.2",
    "1.19-recommended": "1.1.2",
    "1.19-latest": "1.1.2",
    "1.18.2-recommended": "1.1.2",
    "1.18.2-latest": "1.1.2",
    "1.18.1-recommended": "1.1.2",
    "1.18.1-latest": "1.1.2",
    "1.17.1-recommended": "1.1.2",
    "1.17.1-latest": "1.1.2",
    "1.16.5-recommended": "1.1.2",
    "1.16.5-latest": "1.1.2",
    "1.15.2-latest": "1.0.3",
    "1.15.1-latest": "1.0.3",
    "1.14.4-latest": "1.0.3",
    "1.12.2-latest": "1.0.3",
    "1.15.2-recommended": "1.0.3",
    "1.15.1-recommended": "1.0.3",
    "1.14.4-recommended": "1.0.3",
    "1.12.2-recommended": "1.0.3"
  }
}
[16Apr2026 02:26:33.596] [Forge Version Check/INFO] [net.minecraftforge.fml.VersionChecker/]: [mcwdoors] Found status: AHEAD Current: 1.1.5 Target: null
[16Apr2026 02:26:33.598] [Forge Version Check/INFO] [net.minecraftforge.fml.VersionChecker/]: [puzzlesaccessapi] Starting version check at https://raw.githubusercontent.com/Fuzss/modresources/main/update/puzzlesaccessapi.json
[16Apr2026 02:26:33.600] [main/INFO] [Moonlight/]: Initialized color sets in 63ms
[16Apr2026 02:26:33.600] [main/INFO] [terrablender/]: Registered region biomesoplenty:overworld_primary to index 2 for type OVERWORLD
[16Apr2026 02:26:33.601] [main/INFO] [terrablender/]: Registered region biomesoplenty:overworld_secondary to index 3 for type OVERWORLD
[16Apr2026 02:26:33.601] [main/INFO] [terrablender/]: Registered region biomesoplenty:overworld_rare to index 4 for type OVERWORLD
[16Apr2026 02:26:33.601] [main/INFO] [terrablender/]: Registered region biomesoplenty:nether_common to index 1 for type NETHER
[16Apr2026 02:26:33.601] [main/INFO] [terrablender/]: Registered region biomesoplenty:nether_rare to index 2 for type NETHER
[16Apr2026 02:26:33.616] [Forge Version Check/DEBUG] [net.minecraftforge.fml.VersionChecker/]: [puzzlesaccessapi] Received version check data:
{
    "homepage": "https://github.com/Fuzss/puzzlesaccessapi",
    "promos": {}
}
[16Apr2026 02:26:33.617] [Forge Version Check/INFO] [net.minecraftforge.fml.VersionChecker/]: [puzzlesaccessapi] Found status: BETA Current: 20.1.1 Target: null
[16Apr2026 02:26:33.618] [Forge Version Check/INFO] [net.minecraftforge.fml.VersionChecker/]: [forge] Starting version check at https://files.minecraftforge.net/net/minecraftforge/forge/promotions_slim.json
[16Apr2026 02:26:33.684] [main/DEBUG] [net.minecraftforge.fml.DeferredWorkQueue/LOADING]: Synchronous work queue completed in 315.7 ms
[16Apr2026 02:26:33.686] [modloading-worker-0/INFO] [xaero.lib.XaeroLib/]: Loading XaeroLib server 1/2!
[16Apr2026 02:26:33.686] [modloading-worker-0/INFO] [xaero.map.server.WorldMapServer/]: Loading Xaero's World Map - Stage 1/2 (Server)
[16Apr2026 02:26:33.688] [modloading-worker-0/INFO] [xaero.minimap.XaeroMinimap/]: Loading Xaero's Minimap - Stage 1/2 (Server)
[16Apr2026 02:26:33.691] [main/DEBUG] [net.minecraftforge.fml.DeferredWorkQueue/LOADING]: Dispatching synchronous work for work queue SIDED_SETUP: 3 jobs
[16Apr2026 02:26:33.691] [main/INFO] [xaero.map.server.WorldMapServer/]: Loading Xaero's World Map - Stage 2/2 (Server)
[16Apr2026 02:26:33.692] [main/INFO] [xaero.lib.XaeroLib/]: Loading XaeroLib common 2/2!
[16Apr2026 02:26:33.692] [main/INFO] [xaero.lib.XaeroLib/]: Loading XaeroLib server 2/2!
[16Apr2026 02:26:33.692] [main/INFO] [xaero.minimap.XaeroMinimap/]: Loading Xaero's Minimap - Stage 2/2 (Server)
[16Apr2026 02:26:33.693] [main/DEBUG] [net.minecraftforge.fml.DeferredWorkQueue/LOADING]: Synchronous work queue completed in 1.527 ms
[16Apr2026 02:26:33.760] [Forge Version Check/DEBUG] [net.minecraftforge.fml.VersionChecker/]: [forge] Received version check data:
{
  "homepage": "https://files.minecraftforge.net/net/minecraftforge/forge/",
  "promos": {
    "1.1-latest": "1.3.4.29",
    "1.2.3-latest": "1.4.1.64",
    "1.2.4-latest": "2.0.0.68",
    "1.2.5-latest": "3.4.9.171",
    "1.3.2-latest": "4.3.5.318",
    "1.4.0-latest": "5.0.0.326",
    "1.4.1-latest": "6.0.0.329",
    "1.4.2-latest": "6.0.1.355",
    "1.4.3-latest": "6.2.1.358",
    "1.4.4-latest": "6.3.0.378",
    "1.4.5-latest": "6.4.2.448",
    "1.4.6-latest": "6.5.0.489",
    "1.4.7-latest": "6.6.2.534",
    "1.5-latest": "7.7.0.598",
    "1.5.1-latest": "7.7.2.682",
    "1.5.2-latest": "7.8.1.738",
    "1.5.2-recommended": "7.8.1.738",
    "1.6.1-latest": "8.9.0.775",
    "1.6.2-latest": "9.10.1.871",
    "1.6.2-recommended": "9.10.1.871",
    "1.6.3-latest": "9.11.0.878",
    "1.6.4-latest": "9.11.1.1345",
    "1.6.4-recommended": "9.11.1.1345",
    "1.7.2-latest": "10.12.2.1161",
    "1.7.2-recommended": "10.12.2.1161",
    "1.7.10-latest": "10.13.4.1614",
    "1.7.10-recommended": "10.13.4.1614",
    "1.8-latest": "11.14.4.1577",
    "1.8-recommended": "11.14.4.1563",
    "1.8.8-latest": "11.15.0.1655",
    "1.8.9-latest": "11.15.1.2318",
    "1.8.9-recommended": "11.15.1.2318",
    "1.9-latest": "12.16.1.1938",
    "1.9-recommended": "12.16.1.1887",
    "1.9.4-latest": "12.17.0.2317",
    "1.9.4-recommended": "12.17.0.2317",
    "1.10-latest": "12.18.0.2000",
    "1.10.2-latest": "12.18.3.2511",
    "1.10.2-recommended": "12.18.3.2511",
    "1.11-latest": "13.19.1.2199",
    "1.11-recommended": "13.19.1.2189",
    "1.11.2-latest": "13.20.1.2588",
    "1.11.2-recommended": "13.20.1.2588",
    "1.12-latest": "14.21.1.2443",
    "1.12-recommended": "14.21.1.2387",
    "1.12.1-latest": "14.22.1.2485",
    "1.12.1-recommended": "14.22.1.2478",
    "1.12.2-latest": "14.23.5.2864",
    "1.12.2-recommended": "14.23.5.2859",
    "1.13.2-latest": "25.0.223",
    "1.14.2-latest": "26.0.63",
    "1.14.3-latest": "27.0.60",
    "1.14.4-latest": "28.2.28",
    "1.14.4-recommended": "28.2.26",
    "1.15-latest": "29.0.4",
    "1.15.1-latest": "30.0.51",
    "1.15.2-latest": "31.2.60",
    "1.15.2-recommended": "31.2.57",
    "1.16.1-latest": "32.0.108",
    "1.16.2-latest": "33.0.61",
    "1.16.3-latest": "34.1.42",
    "1.16.3-recommended": "34.1.0",
    "1.16.4-latest": "35.1.37",
    "1.16.4-recommended": "35.1.4",
    "1.16.5-latest": "36.2.42",
    "1.16.5-recommended": "36.2.34",
    "1.17.1-latest": "37.1.1",
    "1.17.1-recommended": "37.1.1",
    "1.18-latest": "38.0.17",
    "1.18.1-latest": "39.1.2",
    "1.18.1-recommended": "39.1.0",
    "1.18.2-recommended": "40.3.0",
    "1.18.2-latest": "40.3.12",
    "1.19-latest": "41.1.0",
    "1.19-recommended": "41.1.0",
    "1.19.1-latest": "42.0.9",
    "1.19.2-recommended": "43.5.0",
    "1.19.2-latest": "43.5.2",
    "1.19.3-latest": "44.1.23",
    "1.19.3-recommended": "44.1.0",
    "1.19.4-recommended": "45.4.0",
    "1.19.4-latest": "45.4.3",
    "1.20-latest": "46.0.14",
    "1.20.1-recommended": "47.4.10",
    "1.20.1-latest": "47.4.20",
    "1.20.2-latest": "48.1.0",
    "1.20.2-recommended": "48.1.0",
    "1.20.3-latest": "49.0.2",
    "1.20.4-latest": "49.2.7",
    "1.20.4-recommended": "49.2.0",
    "1.20.6-latest": "50.2.8",
    "1.20.6-recommended": "50.2.0",
    "1.21-latest": "51.0.33",
    "1.21.1-latest": "52.1.14",
    "1.21.1-recommended": "52.1.0",
    "1.21.3-latest": "53.1.10",
    "1.21.3-recommended": "53.1.0",
    "1.21.4-latest": "54.1.16",
    "1.21.4-recommended": "54.1.14",
    "1.21.5-latest": "55.1.10",
    "1.21.5-recommended": "55.1.0",
    "1.21.6-latest": "56.0.9",
    "1.21.7-latest": "57.0.3",
    "1.21.8-latest": "58.1.18",
    "1.21.8-recommended": "58.1.0",
    "1.21.9-latest": "59.0.5",
    "1.21.10-latest": "60.1.9",
    "1.21.10-recommended": "60.1.0",
    "1.21.11-latest": "61.1.5",
    "1.21.11-recommended": "61.1.0",
    "26.1-latest": "62.0.9",
    "26.1.1-latest": "63.0.2",
    "26.1.2-latest": "64.0.4"
  }
}
[16Apr2026 02:26:33.760] [Forge Version Check/INFO] [net.minecraftforge.fml.VersionChecker/]: [forge] Found status: OUTDATED Current: 47.3.7 Target: 47.4.10
[16Apr2026 02:26:33.761] [Forge Version Check/INFO] [net.minecraftforge.fml.VersionChecker/]: [supplementaries] Starting version check at https://api.modrinth.com/updates/supplementaries/forge_updates.json
[16Apr2026 02:26:33.793] [modloading-worker-0/INFO] [Jade/]: Start loading plugin at com.aetherteam.aether.integration.jade.AetherJadePlugin
[16Apr2026 02:26:33.803] [modloading-worker-0/INFO] [Jade/]: Start loading plugin at net.blay09.mods.waystones.compat.JadeIntegration
[16Apr2026 02:26:33.804] [modloading-worker-0/INFO] [Jade/]: Start loading plugin at dev.shadowsoffire.apotheosis.spawn.compat.SpawnerHwylaPlugin
[16Apr2026 02:26:33.805] [modloading-worker-0/INFO] [Jade/]: Start loading plugin at dev.shadowsoffire.apotheosis.ench.compat.EnchHwylaPlugin
[16Apr2026 02:26:33.806] [modloading-worker-0/INFO] [Jade/]: Start loading plugin at dev.shadowsoffire.apotheosis.adventure.compat.AdventureHwylaPlugin
[16Apr2026 02:26:33.808] [modloading-worker-0/INFO] [Jade/]: Start loading plugin at net.blay09.mods.balm.forge.compat.hudinfo.ForgeJadeModCompat
[16Apr2026 02:26:33.809] [modloading-worker-0/INFO] [Jade/]: Start loading plugin at net.mehvahdjukaar.supplementaries.integration.JadeCompat
[16Apr2026 02:26:33.811] [modloading-worker-0/INFO] [Jade/]: Start loading plugin at snownee.jade.addon.vanilla.VanillaPlugin
[16Apr2026 02:26:33.826] [modloading-worker-0/INFO] [Jade/]: Start loading plugin at snownee.jade.addon.universal.UniversalPlugin
[16Apr2026 02:26:33.831] [modloading-worker-0/INFO] [Jade/]: Start loading plugin at snownee.jade.addon.core.CorePlugin
[16Apr2026 02:26:33.848] [main/DEBUG] [net.minecraftforge.fml.DeferredWorkQueue/LOADING]: Dispatching synchronous work for work queue COMPLETE: 1 jobs
[16Apr2026 02:26:33.849] [main/INFO] [citadel/]: adding citadel surface rules via terrablender...
[16Apr2026 02:26:33.851] [main/INFO] [citadel/]: Added 0 vanilla biome surface rule types via terrablender
[16Apr2026 02:26:33.851] [main/INFO] [citadel/]: Added 0 modded biome surface rule types via terrablender
[16Apr2026 02:26:33.852] [main/DEBUG] [net.minecraftforge.fml.DeferredWorkQueue/LOADING]: Synchronous work queue completed in 3.248 ms
[16Apr2026 02:26:33.895] [Forge Version Check/DEBUG] [net.minecraftforge.fml.VersionChecker/]: [supplementaries] Received version check data:
{"homepage":"https://modrinth.com/mod/supplementaries","promos":{"1.20.1-latest":"1.20-3.1.43-forge","1.19.4-latest":"1.19.4-2.4.15","1.20-recommended":"1.20-2.5.2","1.19-recommended":"108","1.16.5-latest":"209","1.18-recommended":"65","1.19.2-latest":"1.19.2-2.4.20","1.16.4-recommended":"67","1.15.2-recommended":"1","1.16.3-recommended":"43","1.19.1-latest":"216","1.16.5-recommended":"209","1.20-latest":"1.20-2.5.2","1.18.1-latest":"192","1.16.4-latest":"67","1.17.1-recommended":"58","1.19.1-recommended":"216","1.16.3-latest":"43","1.18.1-recommended":"192","1.20.1-recommended":"1.20-3.1.43-forge","1.18.2-recommended":"1.18.2-1.5.18","1.17.1-latest":"58","1.19-latest":"108","1.18.2-latest":"1.18.2-1.5.18","1.15.2-latest":"1","1.19.2-recommended":"1.19.2-2.4.20","1.19.4-recommended":"1.19.4-2.4.15","1.18-latest":"68"}}
[16Apr2026 02:26:33.895] [Forge Version Check/INFO] [net.minecraftforge.fml.VersionChecker/]: [supplementaries] Found status: OUTDATED Current: 1.20-3.1.43 Target: 1.20-3.1.43-forge
[16Apr2026 02:26:33.895] [Forge Version Check/INFO] [net.minecraftforge.fml.VersionChecker/]: [mcwbridges] Starting version check at https://raw.githubusercontent.com/sketchmacaw/macawsmods/master/bridges.json
[16Apr2026 02:26:33.906] [Forge Version Check/DEBUG] [net.minecraftforge.fml.VersionChecker/]: [mcwbridges] Received version check data:
{
  "homepage": "https://www.curseforge.com/minecraft/mc-mods/macaws-bridges",
  "promos": {
    "1.21.10-recommended": "3.1.0",
    "1.21.10-latest": "3.1.0",
    "1.21.9-recommended": "3.1.0",
    "1.21.9-latest": "3.1.0",
    "1.21.8-recommended": "3.1.0",
    "1.21.8-latest": "3.1.0",
    "1.21.7-recommended": "3.1.0",
    "1.21.7-latest": "3.1.0",
    "1.21.6-recommended": "3.1.0",
    "1.21.6-latest": "3.1.0",
    "1.21.5-recommended": "3.1.0",
    "1.21.5-latest": "3.1.0",
    "1.21.4-recommended": "3.1.0",
    "1.21.4-latest": "3.1.0",
    "1.21.3-recommended": "3.1.0",
    "1.21.3-latest": "3.1.0",
    "1.21.1-recommended": "3.1.1",
    "1.21.1-latest": "3.1.1",
    "1.21-recommended": "3.1.1",
    "1.21-latest": "3.1.1",
    "1.20.6-recommended": "3.1.1",
    "1.20.6-latest": "3.1.1",
    "1.20.4-recommended": "3.1.0",
    "1.20.4-latest": "3.1.0",
    "1.20.3-recommended": "3.1.0",
    "1.20.3-latest": "3.1.0",
    "1.20.2-recommended": "3.1.0",
    "1.20.2-latest": "3.1.0",
    "1.20.1-recommended": "3.1.0",
    "1.20.1-latest": "3.1.0",
    "1.20-recommended": "3.1.0",
    "1.20-latest": "3.1.0",
    "1.19.4-recommended": "3.1.0",
    "1.19.4-latest": "3.1.0",
    "1.19.3-recommended": "3.1.0",
    "1.19.3-latest": "3.1.0",
    "1.19.2-recommended": "3.1.0",
    "1.19.2-latest": "3.1.0",
    "1.19.1-recommended": "3.1.0",
    "1.19.1-latest": "3.1.0",
    "1.19-recommended": "3.1.0",
    "1.19-latest": "3.1.0",
    "1.18.2-recommended": "3.1.0",
    "1.18.2-latest": "3.1.0",
    "1.18.1-recommended": "3.1.0",
    "1.18.1-latest": "3.1.0",
    "1.17.1-recommended": "3.1.0",
    "1.17.1-latest": "3.1.0",
    "1.16.5-recommended": "3.1.0",
    "1.16.5-latest": "3.1.0"
  }
}
[16Apr2026 02:26:33.907] [Forge Version Check/INFO] [net.minecraftforge.fml.VersionChecker/]: [mcwbridges] Found status: AHEAD Current: 3.1.2 Target: null
[16Apr2026 02:26:33.907] [Forge Version Check/INFO] [net.minecraftforge.fml.VersionChecker/]: [moonlight] Starting version check at https://api.modrinth.com/updates/moonlight/forge_updates.json
[16Apr2026 02:26:33.950] [main/DEBUG] [mixin/]: Mixing BlockStateCacheMixin from ferritecore.blockstatecache.mixin.json into net.minecraft.world.level.block.state.BlockBehaviour$BlockStateBase$Cache
[16Apr2026 02:26:34.033] [Forge Version Check/DEBUG] [net.minecraftforge.fml.VersionChecker/]: [moonlight] Received version check data:
{"homepage":"https://modrinth.com/mod/moonlight","promos":{"1.18-latest":"1.18.2-1.17.17","1.20.4-latest":"forge_1.20.4-2.9.9","1.19.1-latest":"1.19.2-2.1.9","1.16.5-latest":"1.9.0","1.18.1-recommended":"1.18.2-1.17.17","1.18-recommended":"1.18.2-1.17.17","1.19.1-recommended":"1.19.2-2.1.9","1.20.1-recommended":"1.20-2.16.28-forge","1.19.4-recommended":"1.19.4-2.4.15","1.19.2-recommended":"1.19.2-2.3.7","1.20.1-latest":"1.20-2.16.28-forge","1.18.2-latest":"1.18.2-1.17.17","1.19.2-latest":"1.19.2-2.3.7","1.19.4-latest":"1.19.4-2.4.15","1.18.1-latest":"1.18.2-1.17.17","1.20-latest":"1.20-2.5.4","1.20.4-recommended":"forge_1.20.4-2.9.9","1.18.2-recommended":"1.18.2-1.17.17","1.20-recommended":"1.20-2.5.4","1.16.5-recommended":"1.9.0"}}
[16Apr2026 02:26:34.033] [Forge Version Check/INFO] [net.minecraftforge.fml.VersionChecker/]: [moonlight] Found status: OUTDATED Current: 1.20-2.16.28 Target: 1.20-2.16.28-forge
[16Apr2026 02:26:34.033] [Forge Version Check/INFO] [net.minecraftforge.fml.VersionChecker/]: [mcwfences] Starting version check at https://raw.githubusercontent.com/sketchmacaw/macawsmods/master/fences.json
[16Apr2026 02:26:34.048] [Forge Version Check/DEBUG] [net.minecraftforge.fml.VersionChecker/]: [mcwfences] Received version check data:
{
  "homepage": "https://www.curseforge.com/minecraft/mc-mods/macaws-fences-and-walls",
  "promos": {
    "1.21.10-recommended": "1.2.1",
    "1.21.10-latest": "1.2.1",
    "1.21.9-recommended": "1.2.1",
    "1.21.9-latest": "1.2.1",
    "1.21.8-recommended": "1.2.1",
    "1.21.8-latest": "1.2.1",
    "1.21.7-recommended": "1.2.1",
    "1.21.7-latest": "1.2.1",
    "1.21.6-recommended": "1.2.1",
    "1.21.6-latest": "1.2.1",
    "1.21.5-recommended": "1.2.1",
    "1.21.5-latest": "1.2.1",
    "1.21.4-recommended": "1.2.1",
    "1.21.4-latest": "1.2.1",
    "1.21.3-recommended": "1.2.1",
    "1.21.3-latest": "1.2.1",
    "1.21.1-recommended": "1.2.1",
    "1.21.1-latest": "1.2.1",
    "1.21-recommended": "1.2.1",
    "1.21-latest": "1.2.1",
    "1.20.6-recommended": "1.2.1",
    "1.20.6-latest": "1.2.1",
    "1.20.4-recommended": "1.2.1",
    "1.20.4-latest": "1.2.1",
    "1.20.3-recommended": "1.2.1",
    "1.20.3-latest": "1.2.1",
    "1.20.2-recommended": "1.2.1",
    "1.20.2-latest": "1.2.1",
    "1.20.1-recommended": "1.2.1",
    "1.20.1-latest": "1.2.1",
    "1.20-recommended": "1.2.1",
    "1.20-latest": "1.2.1",
    "1.19.4-recommended": "1.2.1",
    "1.19.4-latest": "1.2.1",
    "1.19.3-recommended": "1.2.1",
    "1.19.3-latest": "1.2.1",
    "1.19.2-recommended": "1.2.1",
    "1.19.2-latest": "1.2.1",
    "1.19.1-recommended": "1.2.1",
    "1.19.1-latest": "1.2.1",
    "1.19-recommended": "1.2.1",
    "1.19-latest": "1.2.1",
    "1.18.2-recommended": "1.2.1",
    "1.18.2-latest": "1.2.1",
    "1.18.1-recommended": "1.2.1",
    "1.18.1-latest": "1.2.1",
    "1.17.1-recommended": "1.2.1",
    "1.17.1-latest": "1.2.1",
    "1.16.5-recommended": "1.2.1",
    "1.16.5-latest": "1.2.1",
    "1.15.2-latest": "1.0.0",
    "1.14.4-latest": "1.0.0",
    "1.12.2-latest": "1.0.0",
    "1.15.2-recommended": "1.0.0",
    "1.14.4-recommended": "1.0.0",
    "1.12.2-recommended": "1.0.0"
  }
}
[16Apr2026 02:26:34.048] [Forge Version Check/INFO] [net.minecraftforge.fml.VersionChecker/]: [mcwfences] Found status: UP_TO_DATE Current: 1.2.1 Target: null
[16Apr2026 02:26:34.049] [Forge Version Check/INFO] [net.minecraftforge.fml.VersionChecker/]: [ksyxis] Starting version check at https://raw.githubusercontent.com/VidTu/Ksyxis/main/updater_ksyxis_forge.json
[16Apr2026 02:26:34.069] [Forge Version Check/DEBUG] [net.minecraftforge.fml.VersionChecker/]: [ksyxis] Received version check data:
{
  "homepage": "https://modrinth.com/mod/ksyxis",
  "promos": {
    "1.21.8-latest": "1.3.4",
    "1.21.8-recommended": "1.3.4",
    "1.21.7-latest": "1.3.4",
    "1.21.7-recommended": "1.3.4",
    "1.21.6-latest": "1.3.4",
    "1.21.6-recommended": "1.3.4",
    "1.21.5-latest": "1.3.4",
    "1.21.5-recommended": "1.3.4",
    "1.21.4-latest": "1.3.4",
    "1.21.4-recommended": "1.3.4",
    "1.21.3-latest": "1.3.4",
    "1.21.3-recommended": "1.3.4",
    "1.21.2-latest": "1.3.4",
    "1.21.2-recommended": "1.3.4",
    "1.21.1-latest": "1.3.4",
    "1.21.1-recommended": "1.3.4",
    "1.21-latest": "1.3.4",
    "1.21-recommended": "1.3.4",
    "1.20.6-latest": "1.3.4",
    "1.20.6-recommended": "1.3.4",
    "1.20.5-latest": "1.3.4",
    "1.20.5-recommended": "1.3.4",
    "1.20.4-latest": "1.3.4",
    "1.20.4-recommended": "1.3.4",
    "1.20.3-latest": "1.3.4",
    "1.20.3-recommended": "1.3.4",
    "1.20.2-latest": "1.3.4",
    "1.20.2-recommended": "1.3.4",
    "1.20.1-latest": "1.3.4",
    "1.20.1-recommended": "1.3.4",
    "1.20-latest": "1.3.4",
    "1.20-recommended": "1.3.4",
    "1.19.4-latest": "1.3.4",
    "1.19.4-recommended": "1.3.4",
    "1.19.3-latest": "1.3.4",
    "1.19.3-recommended": "1.3.4",
    "1.19.2-latest": "1.3.4",
    "1.19.2-recommended": "1.3.4",
    "1.19.1-latest": "1.3.4",
    "1.19.1-recommended": "1.3.4",
    "1.19-latest": "1.3.4",
    "1.19-recommended": "1.3.4",
    "1.18.2-latest": "1.3.4",
    "1.18.2-recommended": "1.3.4",
    "1.18.1-latest": "1.3.4",
    "1.18.1-recommended": "1.3.4",
    "1.18-latest": "1.3.4",
    "1.18-recommended": "1.3.4",
    "1.17.1-latest": "1.3.4",
    "1.17.1-recommended": "1.3.4",
    "1.17-latest": "1.3.4",
    "1.17-recommended": "1.3.4",
    "1.16.5-latest": "1.3.4",
    "1.16.5-recommended": "1.3.4",
    "1.16.4-latest": "1.3.4",
    "1.16.4-recommended": "1.3.4",
    "1.16.3-latest": "1.3.4",
    "1.16.3-recommended": "1.3.4",
    "1.16.2-latest": "1.3.4",
    "1.16.2-recommended": "1.3.4",
    "1.16.1-latest": "1.3.4",
    "1.16.1-recommended": "1.3.4",
    "1.16-latest": "1.3.4",
    "1.16-recommended": "1.3.4",
    "1.15.2-latest": "1.3.4",
    "1.15.2-recommended": "1.3.4",
    "1.15.1-latest": "1.3.4",
    "1.15.1-recommended": "1.3.4",
    "1.15-latest": "1.3.4",
    "1.15-recommended": "1.3.4",
    "1.14.4-latest": "1.3.4",
    "1.14.4-recommended": "1.3.4",
    "1.14.3-latest": "1.3.4",
    "1.14.3-recommended": "1.3.4",
    "1.14.2-latest": "1.3.4",
    "1.14.2-recommended": "1.3.4",
    "1.14.1-latest": "1.3.4",
    "1.14.1-recommended": "1.3.4",
    "1.14-latest": "1.3.4",
    "1.14-recommended": "1.3.4",
    "1.13.2-latest": "1.3.4",
    "1.13.2-recommended": "1.3.4",
    "1.13.1-latest": "1.3.4",
    "1.13.1-recommended": "1.3.4",
    "1.13-latest": "1.3.4",
    "1.13-recommended": "1.3.4",
    "1.12.2-latest": "1.3.4",
    "1.12.2-recommended": "1.3.4",
    "1.12.1-latest": "1.3.4",
    "1.12.1-recommended": "1.3.4",
    "1.12-latest": "1.3.4",
    "1.12-recommended": "1.3.4",
    "1.11.2-latest": "1.3.4",
    "1.11.2-recommended": "1.3.4",
    "1.11.1-latest": "1.3.4",
    "1.11.1-recommended": "1.3.4",
    "1.11-latest": "1.3.4",
    "1.11-recommended": "1.3.4",
    "1.10.2-latest": "1.3.4",
    "1.10.2-recommended": "1.3.4",
    "1.10.1-latest": "1.3.4",
    "1.10.1-recommended": "1.3.4",
    "1.10-latest": "1.3.4",
    "1.10-recommended": "1.3.4",
    "1.9.4-latest": "1.3.4",
    "1.9.4-recommended": "1.3.4",
    "1.9.3-latest": "1.3.4",
    "1.9.3-recommended": "1.3.4",
    "1.9.2-latest": "1.3.4",
    "1.9.2-recommended": "1.3.4",
    "1.9.1-latest": "1.3.4",
    "1.9.1-recommended": "1.3.4",
    "1.9-latest": "1.3.4",
    "1.9-recommended": "1.3.4",
    "1.8.9-latest": "1.3.4",
    "1.8.9-recommended": "1.3.4",
    "1.8.8-latest": "1.3.4",
    "1.8.8-recommended": "1.3.4",
    "1.8.7-latest": "1.3.4",
    "1.8.7-recommended": "1.3.4",
    "1.8.6-latest": "1.3.4",
    "1.8.6-recommended": "1.3.4",
    "1.8.5-latest": "1.3.4",
    "1.8.5-recommended": "1.3.4",
    "1.8.4-latest": "1.3.4",
    "1.8.4-recommended": "1.3.4",
    "1.8.3-latest": "1.3.4",
    "1.8.3-recommended": "1.3.4",
    "1.8.2-latest": "1.3.4",
    "1.8.2-recommended": "1.3.4",
    "1.8.1-latest": "1.3.4",
    "1.8.1-recommended": "1.3.4",
    "1.8-latest": "1.3.4",
    "1.8-recommended": "1.3.4"
  }
}
[16Apr2026 02:26:34.069] [Forge Version Check/INFO] [net.minecraftforge.fml.VersionChecker/]: [ksyxis] Found status: UP_TO_DATE Current: 1.3.4 Target: null
[16Apr2026 02:26:34.070] [Forge Version Check/INFO] [net.minecraftforge.fml.VersionChecker/]: [cumulus_menus] Starting version check at https://github.com/The-Aether-Team/Cumulus/raw/1.20.1-develop/update.json
[16Apr2026 02:26:34.096] [Forge Version Check/DEBUG] [net.minecraftforge.fml.VersionChecker/]: [cumulus_menus] Received version check data:
{
  "homepage": "https://modrinth.com/mod/cumulus",
  "promos": {
    "1.19.2-recommended": "1.19.2-1.0.0-forge",
    "1.19.4-recommended": "1.19.4-1.0.0-forge",
    "1.20.1-recommended": "1.20.1-1.0.1-neoforge",
    "1.20.2-recommended": "1.20.2-1.0.2-neoforge",
    "1.20.4-recommended": "1.20.4-1.0.2-neoforge"
  }
}
[16Apr2026 02:26:34.097] [Forge Version Check/INFO] [net.minecraftforge.fml.VersionChecker/]: [cumulus_menus] Found status: UP_TO_DATE Current: 1.20.1-1.0.1-neoforge Target: null
[16Apr2026 02:26:34.097] [Forge Version Check/INFO] [net.minecraftforge.fml.VersionChecker/]: [mcwroofs] Starting version check at https://raw.githubusercontent.com/sketchmacaw/macawsmods/master/roofs.json
[16Apr2026 02:26:34.109] [Forge Version Check/DEBUG] [net.minecraftforge.fml.VersionChecker/]: [mcwroofs] Received version check data:
{
  "homepage": "https://www.curseforge.com/minecraft/mc-mods/macaws-roofs",
  "promos": {
    "1.21.10-recommended": "2.3.2",
    "1.21.10-latest": "2.3.2",
    "1.21.9-recommended": "2.3.2",
    "1.21.9-latest": "2.3.2",
    "1.21.8-recommended": "2.3.2",
    "1.21.8-latest": "2.3.2",
    "1.21.7-recommended": "2.3.2",
    "1.21.7-latest": "2.3.2",
    "1.21.6-recommended": "2.3.2",
    "1.21.6-latest": "2.3.2",
    "1.21.5-recommended": "2.3.2",
    "1.21.5-latest": "2.3.2",
    "1.21.4-recommended": "2.3.2",
    "1.21.4-latest": "2.3.2",
    "1.21.3-recommended": "2.3.2",
    "1.21.3-latest": "2.3.2",
    "1.21.1-recommended": "2.3.2",
    "1.21.1-latest": "2.3.2",
    "1.21-recommended": "2.3.2",
    "1.21-latest": "2.3.2",
    "1.21.1-recommended": "2.3.2",
    "1.21.1-latest": "2.3.2",
    "1.21.3-recommended": "2.3.2",
    "1.21.3-latest": "2.3.2",
    "1.21.4-recommended": "2.3.2",
    "1.21.4-latest": "2.3.2",
    "1.20.6-recommended": "2.3.2",
    "1.20.6-latest": "2.3.2",
    "1.20.4-recommended": "2.3.2",
    "1.20.4-latest": "2.3.2",
    "1.20.3-recommended": "2.3.2",
    "1.20.3-latest": "2.3.2",
    "1.20.2-recommended": "2.3.2",
    "1.20.2-latest": "2.3.2",
    "1.20.1-recommended": "2.3.2",
    "1.20.1-latest": "2.3.2",
    "1.20-recommended": "2.3.2",
    "1.20-latest": "2.3.2",
    "1.19.4-recommended": "2.3.2",
    "1.19.4-latest": "2.3.2",
    "1.19.3-recommended": "2.3.2",
    "1.19.3-latest": "2.3.2",
    "1.19.2-recommended": "2.3.2",
    "1.19.2-latest": "2.3.2",
    "1.19.1-recommended": "2.3.2",
    "1.19.1-latest": "2.3.2",
    "1.19-recommended": "2.3.2",
    "1.19-latest": "2.3.2",
    "1.18.2-recommended": "2.3.2",
    "1.18.2-latest": "2.3.2",
    "1.18.1-recommended": "2.3.2",
    "1.18.1-latest": "2.3.2",
    "1.17.1-recommended": "2.3.2",
    "1.17.1-latest": "2.3.2",
    "1.16.5-recommended": "2.3.2",
    "1.16.5-latest": "2.3.2"
  }
}
[16Apr2026 02:26:34.109] [Forge Version Check/INFO] [net.minecraftforge.fml.VersionChecker/]: [mcwroofs] Found status: UP_TO_DATE Current: 2.3.2 Target: null
[16Apr2026 02:26:34.109] [Forge Version Check/INFO] [net.minecraftforge.fml.VersionChecker/]: [puzzleslib] Starting version check at https://raw.githubusercontent.com/Fuzss/modresources/main/update/puzzleslib.json
[16Apr2026 02:26:34.122] [Forge Version Check/DEBUG] [net.minecraftforge.fml.VersionChecker/]: [puzzleslib] Received version check data:
{
    "homepage": "https://modrinth.com/mod/puzzles-lib",
    "promos": {
        "1.16.2-latest": "1.0.15",
        "1.16.2-recommended": "1.0.15",
        "1.16.3-latest": "1.0.15",
        "1.16.3-recommended": "1.0.15",
        "1.16.4-latest": "1.0.15",
        "1.16.4-recommended": "1.0.15",
        "1.16.5-latest": "1.0.15",
        "1.16.5-recommended": "1.0.15",
        "1.17.1-latest": "2.0.2",
        "1.17.1-recommended": "2.0.2",
        "1.18-latest": "3.2.1",
        "1.18-recommended": "3.2.1",
        "1.18.1-latest": "3.2.1",
        "1.18.1-recommended": "3.2.1",
        "1.18.2-latest": "3.5.10",
        "1.18.2-recommended": "3.5.10",
        "1.19-latest": "4.0.18",
        "1.19-recommended": "4.0.18",
        "1.19.1-latest": "4.2.4",
        "1.19.1-recommended": "4.2.4",
        "1.19.2-latest": "4.4.3",
        "1.19.2-recommended": "4.4.3",
        "1.19.3-latest": "5.0.33",
        "1.19.3-recommended": "5.0.33",
        "1.19.4-latest": "6.0.11",
        "1.19.4-recommended": "6.0.11",
        "1.20-latest": "7.0.9",
        "1.20-recommended": "7.0.9",
        "1.20.1-latest": "8.1.33",
        "1.20.1-recommended": "8.1.33",
        "1.20.4-latest": "20.4.53",
        "1.20.4-recommended": "20.4.53",
        "1.21-latest": "21.0.28",
        "1.21-recommended": "21.0.28",
        "1.21.1-latest": "21.1.39",
        "1.21.1-recommended": "21.1.39",
        "1.21.10-latest": "21.10.8",
        "1.21.10-recommended": "21.10.8",
        "1.21.11-latest": "21.11.1",
        "1.21.11-recommended": "21.11.1",
        "1.21.3-latest": "21.3.25",
        "1.21.3-recommended": "21.3.25",
        "1.21.4-latest": "21.4.14",
        "1.21.4-recommended": "21.4.14",
        "1.21.5-latest": "21.5.13",
        "1.21.5-recommended": "21.5.13",
        "1.21.6-latest": "21.6.6",
        "1.21.6-recommended": "21.6.6",
        "1.21.7-latest": "21.7.1",
        "1.21.7-recommended": "21.7.1",
        "1.21.8-latest": "21.8.9",
        "1.21.8-recommended": "21.8.9",
        "1.21.9-latest": "21.9.5",
        "1.21.9-recommended": "21.9.5"
    }
}
[16Apr2026 02:26:34.123] [Forge Version Check/INFO] [net.minecraftforge.fml.VersionChecker/]: [puzzleslib] Found status: UP_TO_DATE Current: 8.1.33 Target: null
[16Apr2026 02:26:34.130] [Forge Version Check/INFO] [net.minecraftforge.fml.VersionChecker/]: [enchantinginfuser] Starting version check at https://raw.githubusercontent.com/Fuzss/modresources/main/update/enchantinginfuser.json
[16Apr2026 02:26:34.157] [Forge Version Check/DEBUG] [net.minecraftforge.fml.VersionChecker/]: [enchantinginfuser] Received version check data:
{
    "homepage": "https://modrinth.com/mod/enchanting-infuser",
    "promos": {
        "1.16.2-latest": "1.0.2",
        "1.16.2-recommended": "1.0.2",
        "1.16.3-latest": "1.0.2",
        "1.16.3-recommended": "1.0.2",
        "1.16.4-latest": "1.0.2",
        "1.16.4-recommended": "1.0.2",
        "1.16.5-latest": "1.0.2",
        "1.16.5-recommended": "1.0.2",
        "1.17.1-latest": "2.0.0",
        "1.17.1-recommended": "2.0.0",
        "1.18-latest": "3.1.1",
        "1.18-recommended": "3.1.1",
        "1.18.1-latest": "3.1.1",
        "1.18.1-recommended": "3.1.1",
        "1.18.2-latest": "3.3.2",
        "1.18.2-recommended": "3.3.2",
        "1.19-latest": "4.0.3",
        "1.19-recommended": "4.0.3",
        "1.19.1-latest": "4.2.2",
        "1.19.1-recommended": "4.2.2",
        "1.19.2-latest": "4.2.2",
        "1.19.2-recommended": "4.2.2",
        "1.19.3-latest": "5.0.0",
        "1.19.3-recommended": "5.0.0",
        "1.19.4-latest": "6.0.0",
        "1.19.4-recommended": "6.0.0",
        "1.20-latest": "7.0.0",
        "1.20-recommended": "7.0.0",
        "1.20.1-latest": "8.0.3",
        "1.20.1-recommended": "8.0.3",
        "1.20.4-latest": "20.4.1",
        "1.20.4-recommended": "20.4.1",
        "1.21.1-latest": "21.1.4",
        "1.21.1-recommended": "21.1.4",
        "1.21.10-latest": "21.10.0",
        "1.21.10-recommended": "21.10.0",
        "1.21.11-latest": "21.11.0",
        "1.21.11-recommended": "21.11.0",
        "1.21.3-latest": "21.3.0",
        "1.21.3-recommended": "21.3.0",
        "1.21.4-latest": "21.4.0",
        "1.21.4-recommended": "21.4.0",
        "1.21.5-latest": "21.5.0",
        "1.21.5-recommended": "21.5.0",
        "1.21.6-latest": "21.6.0",
        "1.21.6-recommended": "21.6.0",
        "1.21.7-latest": "21.7.0",
        "1.21.7-recommended": "21.7.0",
        "1.21.8-latest": "21.8.2",
        "1.21.8-recommended": "21.8.2",
        "1.21.9-latest": "21.9.0",
        "1.21.9-recommended": "21.9.0"
    }
}
[16Apr2026 02:26:34.159] [Forge Version Check/INFO] [net.minecraftforge.fml.VersionChecker/]: [enchantinginfuser] Found status: UP_TO_DATE Current: 8.0.3 Target: null
[16Apr2026 02:26:34.166] [Forge Version Check/INFO] [net.minecraftforge.fml.VersionChecker/]: [mr_trek] Starting version check at https://api.modrinth.com/updates/h2jngREY/forge_updates.json
[16Apr2026 02:26:34.246] [main/DEBUG] [mixin/]: Mixing SubShapeAccess from ferritecore.blockstatecache.mixin.json into net.minecraft.world.phys.shapes.SubShape
[16Apr2026 02:26:34.254] [Forge Version Check/DEBUG] [net.minecraftforge.fml.VersionChecker/]: [mr_trek] Received version check data:
{"homepage":"https://modrinth.com/mod/h2jngREY","promos":{"1.19.4-latest":"B0.6.1.1+mod","1.21.2-latest":"B0.6.1.1+mod","1.19-latest":"B0.6.1.1+mod","1.21-latest":"B0.6.1.1+mod","1.21.7-latest":"B0.6.1.1+mod","1.21.8-latest":"B0.6.1.1+mod","1.21.9-latest":"B0.6.1.1+mod","26.1-latest":"B0.6.1.1+mod","26.1.1-latest":"B0.6.1.1+mod","1.21.4-latest":"B0.6.1.1+mod","1.21.6-latest":"B0.6.1.1+mod","26.1.2-latest":"B0.6.1.1+mod","1.19.1-latest":"B0.6.1.1+mod","1.19.2-latest":"B0.6.1.1+mod","1.19.3-latest":"B0.6.1.1+mod","1.21.11-latest":"B0.6.1.1+mod","1.20.2-latest":"B0.6.1.1+mod","1.21.3-latest":"B0.6.1.1+mod","1.20.3-latest":"B0.6.1.1+mod","1.20.5-latest":"B0.6.1.1+mod","1.20.6-latest":"B0.6.1.1+mod","1.20.4-latest":"B0.6.1.1+mod","1.21.5-latest":"B0.6.1.1+mod","1.21.10-latest":"B0.6.1.1+mod","1.21.1-latest":"B0.6.1.1+mod","1.20-latest":"B0.6.1.1+mod","1.20.1-latest":"B0.6.1.1+mod"}}
[16Apr2026 02:26:34.255] [Forge Version Check/INFO] [net.minecraftforge.fml.VersionChecker/]: [mr_trek] Found status: BETA Current: 1-B0.6.1.1 Target: B0.6.1.1+mod
[16Apr2026 02:26:37.778] [main/INFO] [com.mojang.authlib.yggdrasil.YggdrasilAuthenticationService/]: Environment: authHost='https://authserver.mojang.com', accountsHost='https://api.mojang.com', sessionHost='https://sessionserver.mojang.com', servicesHost='https://api.minecraftservices.com', name='PROD'
[16Apr2026 02:26:37.814] [main/DEBUG] [mixin/]: Mixing common.DirectoryLockMixin from aether.mixins.json into net.minecraft.util.DirectoryLock
[16Apr2026 02:26:40.454] [main/DEBUG] [mixin/]: Mixing access.PackRepositoryAccessor from platform-common.mixins.json into net.minecraft.server.packs.repository.PackRepository
[16Apr2026 02:26:40.464] [main/WARN] [net.minecraft.server.packs.VanillaPackResourcesBuilder/]: Assets URL 'union:/workspaces/papas-con-mayo/servidor_minecraft/libraries/net/minecraft/server/1.20.1-20230612.114412/server-1.20.1-20230612.114412-srg.jar%23251!/assets/.mcassetsroot' uses unexpected schema
[16Apr2026 02:26:40.465] [main/WARN] [net.minecraft.server.packs.VanillaPackResourcesBuilder/]: Assets URL 'union:/workspaces/papas-con-mayo/servidor_minecraft/libraries/net/minecraft/server/1.20.1-20230612.114412/server-1.20.1-20230612.114412-srg.jar%23251!/data/.mcassetsroot' uses unexpected schema
[16Apr2026 02:26:40.525] [main/DEBUG] [mixin/]: Mixing WorldLoaderMixin from moonlight-common.mixins.json into net.minecraft.server.WorldLoader
[16Apr2026 02:26:40.546] [main/DEBUG] [net.minecraftforge.server.ServerLifecycleHooks/CORE]: Generating PackInfo named mod:kuma_api for mod file 
[16Apr2026 02:26:40.546] [main/DEBUG] [net.minecraftforge.server.ServerLifecycleHooks/CORE]: Generating PackInfo named mod:geckolib for mod file /workspaces/papas-con-mayo/servidor_minecraft/mods/geckolib-forge-1.20.1-4.8.3.jar
[16Apr2026 02:26:40.546] [main/DEBUG] [net.minecraftforge.server.ServerLifecycleHooks/CORE]: Generating PackInfo named mod:aether for mod file /workspaces/papas-con-mayo/servidor_minecraft/mods/aether-1.20.1-1.5.2-neoforge.jar
[16Apr2026 02:26:40.546] [main/DEBUG] [net.minecraftforge.server.ServerLifecycleHooks/CORE]: Generating PackInfo named mod:lithostitched for mod file /workspaces/papas-con-mayo/servidor_minecraft/mods/lithostitched-forge-1.20.1-1.4.11.jar
[16Apr2026 02:26:40.547] [main/DEBUG] [net.minecraftforge.server.ServerLifecycleHooks/CORE]: Generating PackInfo named mod:xaerolib for mod file 
[16Apr2026 02:26:40.547] [main/DEBUG] [net.minecraftforge.server.ServerLifecycleHooks/CORE]: Generating PackInfo named mod:betteroceanmonuments for mod file /workspaces/papas-con-mayo/servidor_minecraft/mods/YungsBetterOceanMonuments-1.20-Forge-3.0.4.jar
[16Apr2026 02:26:40.547] [main/DEBUG] [net.minecraftforge.server.ServerLifecycleHooks/CORE]: Generating PackInfo named mod:siegeweapons for mod file /workspaces/papas-con-mayo/servidor_minecraft/mods/siegeweapons-1.20.1-0.2.5.jar
[16Apr2026 02:26:40.547] [main/DEBUG] [net.minecraftforge.server.ServerLifecycleHooks/CORE]: Generating PackInfo named mod:mcwwindows for mod file /workspaces/papas-con-mayo/servidor_minecraft/mods/mcw-mcwwindows-2.4.2-mc1.20.1forge.jar
[16Apr2026 02:26:40.547] [main/DEBUG] [net.minecraftforge.server.ServerLifecycleHooks/CORE]: Generating PackInfo named mod:mr_blossom_blade for mod file /workspaces/papas-con-mayo/servidor_minecraft/mods/blossom-blade-1.2.jar
[16Apr2026 02:26:40.547] [main/DEBUG] [net.minecraftforge.server.ServerLifecycleHooks/CORE]: Generating PackInfo named mod:waystones for mod file /workspaces/papas-con-mayo/servidor_minecraft/mods/waystones-forge-1.20.1-14.1.20.jar
[16Apr2026 02:26:40.547] [main/DEBUG] [net.minecraftforge.server.ServerLifecycleHooks/CORE]: Generating PackInfo named mod:xaeroworldmap for mod file /workspaces/papas-con-mayo/servidor_minecraft/mods/xaeroworldmap-forge-1.20.1-1.40.11.jar
[16Apr2026 02:26:40.548] [main/DEBUG] [net.minecraftforge.server.ServerLifecycleHooks/CORE]: Generating PackInfo named mod:placebo for mod file /workspaces/papas-con-mayo/servidor_minecraft/mods/Placebo-1.20.1-8.6.3.jar
[16Apr2026 02:26:40.548] [main/DEBUG] [net.minecraftforge.server.ServerLifecycleHooks/CORE]: Generating PackInfo named mod:citadel for mod file /workspaces/papas-con-mayo/servidor_minecraft/mods/citadel-2.6.3-1.20.1.jar
[16Apr2026 02:26:40.548] [main/DEBUG] [net.minecraftforge.server.ServerLifecycleHooks/CORE]: Generating PackInfo named mod:alexsmobs for mod file /workspaces/papas-con-mayo/servidor_minecraft/mods/alexsmobs-1.22.9.jar
[16Apr2026 02:26:40.548] [main/DEBUG] [net.minecraftforge.server.ServerLifecycleHooks/CORE]: Generating PackInfo named mod:travelersbackpack for mod file /workspaces/papas-con-mayo/servidor_minecraft/mods/travelersbackpack-forge-1.20.1-9.1.53.jar
[16Apr2026 02:26:40.548] [main/DEBUG] [net.minecraftforge.server.ServerLifecycleHooks/CORE]: Generating PackInfo named mod:artifacts for mod file /workspaces/papas-con-mayo/servidor_minecraft/mods/artifacts-forge-9.5.19.jar
[16Apr2026 02:26:40.550] [main/DEBUG] [net.minecraftforge.server.ServerLifecycleHooks/CORE]: Generating PackInfo named mod:yungsapi for mod file /workspaces/papas-con-mayo/servidor_minecraft/mods/YungsApi-1.20-Forge-4.0.6.jar
[16Apr2026 02:26:40.550] [main/DEBUG] [net.minecraftforge.server.ServerLifecycleHooks/CORE]: Generating PackInfo named mod:mcwstairs for mod file /workspaces/papas-con-mayo/servidor_minecraft/mods/mcw-mcwstairs-1.0.2-mc1.20.1forge.jar
[16Apr2026 02:26:40.550] [main/DEBUG] [net.minecraftforge.server.ServerLifecycleHooks/CORE]: Generating PackInfo named mod:mr_veinminer for mod file /workspaces/papas-con-mayo/servidor_minecraft/mods/veinminer-1.1.0.jar
[16Apr2026 02:26:40.550] [main/DEBUG] [net.minecraftforge.server.ServerLifecycleHooks/CORE]: Generating PackInfo named mod:glitchcore for mod file /workspaces/papas-con-mayo/servidor_minecraft/mods/GlitchCore-forge-1.20.1-0.0.1.1.jar
[16Apr2026 02:26:40.550] [main/DEBUG] [net.minecraftforge.server.ServerLifecycleHooks/CORE]: Generating PackInfo named mod:guardvillagers for mod file /workspaces/papas-con-mayo/servidor_minecraft/mods/guardvillagers-1.20.1-1.6.17.jar
[16Apr2026 02:26:40.551] [main/DEBUG] [net.minecraftforge.server.ServerLifecycleHooks/CORE]: Generating PackInfo named mod:relics for mod file /workspaces/papas-con-mayo/servidor_minecraft/mods/relics-1.20.1-0.8.0.13.jar
[16Apr2026 02:26:40.552] [main/DEBUG] [net.minecraftforge.server.ServerLifecycleHooks/CORE]: Generating PackInfo named mod:apotheosis for mod file /workspaces/papas-con-mayo/servidor_minecraft/mods/Apotheosis-1.20.1-7.4.8.jar
[16Apr2026 02:26:40.552] [main/DEBUG] [net.minecraftforge.server.ServerLifecycleHooks/CORE]: Generating PackInfo named mod:betterdeserttemples for mod file /workspaces/papas-con-mayo/servidor_minecraft/mods/YungsBetterDesertTemples-1.20-Forge-3.0.3.jar
[16Apr2026 02:26:40.553] [main/DEBUG] [net.minecraftforge.server.ServerLifecycleHooks/CORE]: Generating PackInfo named mod:mcwdoors for mod file /workspaces/papas-con-mayo/servidor_minecraft/mods/mcw-doors-1.1.5-mc1.20.1forge.jar
[16Apr2026 02:26:40.553] [main/DEBUG] [net.minecraftforge.server.ServerLifecycleHooks/CORE]: Generating PackInfo named mod:balm for mod file /workspaces/papas-con-mayo/servidor_minecraft/mods/balm-forge-1.20.1-7.3.38-all.jar
[16Apr2026 02:26:40.554] [main/DEBUG] [net.minecraftforge.server.ServerLifecycleHooks/CORE]: Generating PackInfo named mod:terralith for mod file /workspaces/papas-con-mayo/servidor_minecraft/mods/Terralith_1.20.x_v2.5.4.jar
[16Apr2026 02:26:40.557] [main/DEBUG] [net.minecraftforge.server.ServerLifecycleHooks/CORE]: Generating PackInfo named mod:immersive_armors for mod file /workspaces/papas-con-mayo/servidor_minecraft/mods/immersive_armors-1.7.1+1.20.1-forge.jar
[16Apr2026 02:26:40.557] [main/DEBUG] [net.minecraftforge.server.ServerLifecycleHooks/CORE]: Generating PackInfo named mod:carryon for mod file /workspaces/papas-con-mayo/servidor_minecraft/mods/carryon-forge-1.20.1-2.1.2.7.jar
[16Apr2026 02:26:40.557] [main/DEBUG] [net.minecraftforge.server.ServerLifecycleHooks/CORE]: Generating PackInfo named mod:puzzlesaccessapi for mod file 
[16Apr2026 02:26:40.561] [main/DEBUG] [net.minecraftforge.server.ServerLifecycleHooks/CORE]: Generating PackInfo named mod:dungeons_arise_seven_seas for mod file /workspaces/papas-con-mayo/servidor_minecraft/mods/DungeonsAriseSevenSeas-1.19.2-1.0.2-forge.jar
[16Apr2026 02:26:40.561] [main/DEBUG] [net.minecraftforge.server.ServerLifecycleHooks/CORE]: Generating PackInfo named mod:cloth_config for mod file /workspaces/papas-con-mayo/servidor_minecraft/mods/cloth-config-11.1.136-forge.jar
[16Apr2026 02:26:40.562] [main/DEBUG] [net.minecraftforge.server.ServerLifecycleHooks/CORE]: Generating PackInfo named mod:forge for mod file /workspaces/papas-con-mayo/servidor_minecraft/libraries/net/minecraftforge/forge/1.20.1-47.3.7/forge-1.20.1-47.3.7-universal.jar
[16Apr2026 02:26:40.562] [main/DEBUG] [net.minecraftforge.server.ServerLifecycleHooks/CORE]: Generating PackInfo named mod:supplementaries for mod file /workspaces/papas-con-mayo/servidor_minecraft/mods/supplementaries-1.20-3.1.43-forge.jar
[16Apr2026 02:26:40.562] [main/DEBUG] [net.minecraftforge.server.ServerLifecycleHooks/CORE]: Generating PackInfo named mod:dungeons_arise for mod file /workspaces/papas-con-mayo/servidor_minecraft/mods/DungeonsArise-1.20.x-2.1.58-release.jar
[16Apr2026 02:26:40.562] [main/DEBUG] [net.minecraftforge.server.ServerLifecycleHooks/CORE]: Generating PackInfo named mod:hiccups_legacy for mod file /workspaces/papas-con-mayo/servidor_minecraft/mods/hiccups_legacy-2.0.0.jar
[16Apr2026 02:26:40.562] [main/DEBUG] [net.minecraftforge.server.ServerLifecycleHooks/CORE]: Generating PackInfo named mod:mcwbridges for mod file /workspaces/papas-con-mayo/servidor_minecraft/mods/mcw-bridges-3.1.2-mc1.20.1forge.jar
[16Apr2026 02:26:40.563] [main/DEBUG] [net.minecraftforge.server.ServerLifecycleHooks/CORE]: Generating PackInfo named mod:farmersdelight for mod file /workspaces/papas-con-mayo/servidor_minecraft/mods/FarmersDelight-1.20.1-1.2.11.jar
[16Apr2026 02:26:40.563] [main/DEBUG] [net.minecraftforge.server.ServerLifecycleHooks/CORE]: Generating PackInfo named mod:terrablender for mod file /workspaces/papas-con-mayo/servidor_minecraft/mods/TerraBlender-forge-1.20.1-3.0.1.10.jar
[16Apr2026 02:26:40.563] [main/DEBUG] [net.minecraftforge.server.ServerLifecycleHooks/CORE]: Generating PackInfo named mod:moonlight for mod file /workspaces/papas-con-mayo/servidor_minecraft/mods/moonlight-1.20-2.16.28-forge.jar
[16Apr2026 02:26:40.563] [main/DEBUG] [net.minecraftforge.server.ServerLifecycleHooks/CORE]: Generating PackInfo named mod:endermanoverhaul for mod file /workspaces/papas-con-mayo/servidor_minecraft/mods/endermanoverhaul-forge-1.20.1-1.0.4.jar
[16Apr2026 02:26:40.563] [main/DEBUG] [net.minecraftforge.server.ServerLifecycleHooks/CORE]: Generating PackInfo named mod:biomesoplenty for mod file /workspaces/papas-con-mayo/servidor_minecraft/mods/BiomesOPlenty-forge-1.20.1-19.0.0.96.jar
[16Apr2026 02:26:40.563] [main/DEBUG] [net.minecraftforge.server.ServerLifecycleHooks/CORE]: Generating PackInfo named mod:mixinsquared for mod file 
[16Apr2026 02:26:40.564] [main/DEBUG] [net.minecraftforge.server.ServerLifecycleHooks/CORE]: Generating PackInfo named mod:jade for mod file /workspaces/papas-con-mayo/servidor_minecraft/mods/Jade-1.20.1-Forge-11.13.2.jar
[16Apr2026 02:26:40.564] [main/DEBUG] [net.minecraftforge.server.ServerLifecycleHooks/CORE]: Generating PackInfo named mod:another_furniture for mod file /workspaces/papas-con-mayo/servidor_minecraft/mods/another_furniture-forge-1.20.1-3.0.4.jar
[16Apr2026 02:26:40.564] [main/DEBUG] [net.minecraftforge.server.ServerLifecycleHooks/CORE]: Generating PackInfo named mod:chunky for mod file /workspaces/papas-con-mayo/servidor_minecraft/mods/Chunky-1.3.146.jar
[16Apr2026 02:26:40.564] [main/DEBUG] [net.minecraftforge.server.ServerLifecycleHooks/CORE]: Generating PackInfo named mod:mcwfences for mod file /workspaces/papas-con-mayo/servidor_minecraft/mods/mcw-mcwfences-1.2.1-mc1.20.1forge.jar
[16Apr2026 02:26:40.565] [main/DEBUG] [net.minecraftforge.server.ServerLifecycleHooks/CORE]: Generating PackInfo named mod:watching for mod file /workspaces/papas-con-mayo/servidor_minecraft/mods/From-The-Fog-1.20-v1.9.2-Forge-Fabric.jar
[16Apr2026 02:26:40.565] [main/DEBUG] [net.minecraftforge.server.ServerLifecycleHooks/CORE]: Generating PackInfo named mod:platform for mod file /workspaces/papas-con-mayo/servidor_minecraft/mods/Platform-forge-1.20.1-1.3.2.jar
[16Apr2026 02:26:40.568] [main/DEBUG] [net.minecraftforge.server.ServerLifecycleHooks/CORE]: Generating PackInfo named mod:vanillabackport for mod file /workspaces/papas-con-mayo/servidor_minecraft/mods/VanillaBackport-forge-1.20.1-1.1.6.3.jar
[16Apr2026 02:26:40.569] [main/DEBUG] [net.minecraftforge.server.ServerLifecycleHooks/CORE]: Generating PackInfo named mod:resourcefulconfig for mod file /workspaces/papas-con-mayo/servidor_minecraft/mods/resourcefulconfig-forge-1.20.1-2.1.3.jar
[16Apr2026 02:26:40.569] [main/DEBUG] [net.minecraftforge.server.ServerLifecycleHooks/CORE]: Generating PackInfo named mod:ksyxis for mod file /workspaces/papas-con-mayo/servidor_minecraft/mods/Ksyxis-1.3.4.jar
[16Apr2026 02:26:40.569] [main/DEBUG] [net.minecraftforge.server.ServerLifecycleHooks/CORE]: Generating PackInfo named mod:lionfishapi for mod file /workspaces/papas-con-mayo/servidor_minecraft/mods/lionfishapi-2.4.jar
[16Apr2026 02:26:40.569] [main/DEBUG] [net.minecraftforge.server.ServerLifecycleHooks/CORE]: Generating PackInfo named mod:spark for mod file /workspaces/papas-con-mayo/servidor_minecraft/mods/spark-1.10.53-forge.jar
[16Apr2026 02:26:40.570] [main/DEBUG] [net.minecraftforge.server.ServerLifecycleHooks/CORE]: Generating PackInfo named mod:mysticaloaktree for mod file /workspaces/papas-con-mayo/servidor_minecraft/mods/mysticaloaktree-1.20-1.11.jar
[16Apr2026 02:26:40.570] [main/DEBUG] [net.minecraftforge.server.ServerLifecycleHooks/CORE]: Generating PackInfo named mod:sarosessentialsmod for mod file /workspaces/papas-con-mayo/servidor_minecraft/mods/1.20.1-Forge-sarosessentialsmod-1.0.1.jar
[16Apr2026 02:26:40.570] [main/DEBUG] [net.minecraftforge.server.ServerLifecycleHooks/CORE]: Generating PackInfo named mod:cataclysm for mod file /workspaces/papas-con-mayo/servidor_minecraft/mods/L_Enders_Cataclysm-3.27.jar
[16Apr2026 02:26:40.570] [main/DEBUG] [net.minecraftforge.server.ServerLifecycleHooks/CORE]: Generating PackInfo named mod:curios for mod file /workspaces/papas-con-mayo/servidor_minecraft/mods/curios-forge-5.14.1+1.20.1.jar
[16Apr2026 02:26:40.570] [main/DEBUG] [net.minecraftforge.server.ServerLifecycleHooks/CORE]: Generating PackInfo named mod:xaerominimap for mod file /workspaces/papas-con-mayo/servidor_minecraft/mods/xaerominimap-forge-1.20.1-25.3.10.jar
[16Apr2026 02:26:40.571] [main/DEBUG] [net.minecraftforge.server.ServerLifecycleHooks/CORE]: Generating PackInfo named mod:immersive_paintings for mod file /workspaces/papas-con-mayo/servidor_minecraft/mods/immersive_paintings-0.6.11+1.20.1-forge.jar
[16Apr2026 02:26:40.571] [main/DEBUG] [net.minecraftforge.server.ServerLifecycleHooks/CORE]: Generating PackInfo named mod:attributeslib for mod file /workspaces/papas-con-mayo/servidor_minecraft/mods/ApothicAttributes-1.20.1-1.3.7.jar
[16Apr2026 02:26:40.571] [main/DEBUG] [net.minecraftforge.server.ServerLifecycleHooks/CORE]: Generating PackInfo named mod:resourcefullib for mod file /workspaces/papas-con-mayo/servidor_minecraft/mods/resourcefullib-forge-1.20.1-2.1.29.jar
[16Apr2026 02:26:40.571] [main/DEBUG] [net.minecraftforge.server.ServerLifecycleHooks/CORE]: Generating PackInfo named mod:immediatelyfast for mod file /workspaces/papas-con-mayo/servidor_minecraft/mods/ImmediatelyFast-Forge-1.5.4+1.20.4.jar
[16Apr2026 02:26:40.572] [main/DEBUG] [net.minecraftforge.server.ServerLifecycleHooks/CORE]: Generating PackInfo named mod:coroutil for mod file /workspaces/papas-con-mayo/servidor_minecraft/mods/coroutil-forge-1.20.1-1.3.7.jar
[16Apr2026 02:26:40.572] [main/DEBUG] [net.minecraftforge.server.ServerLifecycleHooks/CORE]: Generating PackInfo named mod:cumulus_menus for mod file 
[16Apr2026 02:26:40.572] [main/DEBUG] [net.minecraftforge.server.ServerLifecycleHooks/CORE]: Generating PackInfo named mod:mcwroofs for mod file /workspaces/papas-con-mayo/servidor_minecraft/mods/mcw-roofs-2.3.2-mc1.20.1forge.jar
[16Apr2026 02:26:40.573] [main/DEBUG] [net.minecraftforge.server.ServerLifecycleHooks/CORE]: Generating PackInfo named mod:creeperoverhaul for mod file /workspaces/papas-con-mayo/servidor_minecraft/mods/creeperoverhaul-3.0.2-forge.jar
[16Apr2026 02:26:40.573] [main/DEBUG] [net.minecraftforge.server.ServerLifecycleHooks/CORE]: Generating PackInfo named mod:architectury for mod file /workspaces/papas-con-mayo/servidor_minecraft/mods/architectury-9.2.14-forge.jar
[16Apr2026 02:26:40.573] [main/DEBUG] [net.minecraftforge.server.ServerLifecycleHooks/CORE]: Generating PackInfo named mod:octolib for mod file /workspaces/papas-con-mayo/servidor_minecraft/mods/OctoLib-FORGE-0.5.0.1+1.20.1.jar
[16Apr2026 02:26:40.573] [main/DEBUG] [net.minecraftforge.server.ServerLifecycleHooks/CORE]: Generating PackInfo named mod:lootr for mod file /workspaces/papas-con-mayo/servidor_minecraft/mods/lootr-forge-1.20-0.7.35.94.jar
[16Apr2026 02:26:40.574] [main/DEBUG] [net.minecraftforge.server.ServerLifecycleHooks/CORE]: Generating PackInfo named mod:ferritecore for mod file /workspaces/papas-con-mayo/servidor_minecraft/mods/ferritecore-6.0.1-forge.jar
[16Apr2026 02:26:40.574] [main/DEBUG] [net.minecraftforge.server.ServerLifecycleHooks/CORE]: Generating PackInfo named mod:puzzleslib for mod file /workspaces/papas-con-mayo/servidor_minecraft/mods/PuzzlesLib-v8.1.33-1.20.1-Forge.jar
[16Apr2026 02:26:40.574] [main/DEBUG] [net.minecraftforge.server.ServerLifecycleHooks/CORE]: Generating PackInfo named mod:nitrogen_internals for mod file 
[16Apr2026 02:26:40.574] [main/DEBUG] [net.minecraftforge.server.ServerLifecycleHooks/CORE]: Generating PackInfo named mod:moogs_structures for mod file /workspaces/papas-con-mayo/servidor_minecraft/mods/moogs_structure_lib-1.1.0-1.20-1.20.4-forge.jar
[16Apr2026 02:26:40.575] [main/DEBUG] [net.minecraftforge.server.ServerLifecycleHooks/CORE]: Generating PackInfo named mod:mns for mod file /workspaces/papas-con-mayo/servidor_minecraft/mods/MoogsNetherStructures-1.20-2.0.2.jar
[16Apr2026 02:26:40.575] [main/DEBUG] [net.minecraftforge.server.ServerLifecycleHooks/CORE]: Generating PackInfo named mod:fallingtree for mod file /workspaces/papas-con-mayo/servidor_minecraft/mods/FallingTree-1.20.1-4.3.4.jar
[16Apr2026 02:26:40.575] [main/DEBUG] [net.minecraftforge.server.ServerLifecycleHooks/CORE]: Generating PackInfo named mod:immersive_melodies for mod file /workspaces/papas-con-mayo/servidor_minecraft/mods/immersive_melodies-0.6.0+1.20.1-forge.jar
[16Apr2026 02:26:40.575] [main/DEBUG] [net.minecraftforge.server.ServerLifecycleHooks/CORE]: Generating PackInfo named mod:expandability for mod file 
[16Apr2026 02:26:40.576] [main/DEBUG] [net.minecraftforge.server.ServerLifecycleHooks/CORE]: Generating PackInfo named mod:bettermineshafts for mod file /workspaces/papas-con-mayo/servidor_minecraft/mods/YungsBetterMineshafts-1.20-Forge-4.0.4.jar
[16Apr2026 02:26:40.576] [main/DEBUG] [net.minecraftforge.server.ServerLifecycleHooks/CORE]: Generating PackInfo named mod:enchantinginfuser for mod file /workspaces/papas-con-mayo/servidor_minecraft/mods/EnchantingInfuser-v8.0.3-1.20.1-Forge.jar
[16Apr2026 02:26:40.576] [main/DEBUG] [net.minecraftforge.server.ServerLifecycleHooks/CORE]: Generating PackInfo named mod:skinrestorer for mod file /workspaces/papas-con-mayo/servidor_minecraft/mods/skinrestorer-2.7.0+1.20-forge.jar
[16Apr2026 02:26:40.576] [main/DEBUG] [net.minecraftforge.server.ServerLifecycleHooks/CORE]: Generating PackInfo named mod:mr_trek for mod file /workspaces/papas-con-mayo/servidor_minecraft/mods/trek-B0.6.1.1.jar
[16Apr2026 02:26:40.576] [main/DEBUG] [net.minecraftforge.server.ServerLifecycleHooks/CORE]: Generating PackInfo named mod:betterjungletemples for mod file /workspaces/papas-con-mayo/servidor_minecraft/mods/YungsBetterJungleTemples-1.20-Forge-2.0.5.jar
[16Apr2026 02:26:40.590] [main/DEBUG] [mixin/]: Mixing resources.NamespaceResourceManagerAccessor from moogs_structures-common.mixins.json into net.minecraft.server.packs.resources.FallbackResourceManager
[16Apr2026 02:26:40.610] [main/INFO] [Moonlight/]: Starting runtime resource generation for pack type SERVER_DATA with generators from mods [supplementaries]: [net.mehvahdjukaar.supplementaries.dynamicpack.ServerDynamicResourcesGenerator@31709b70]
[16Apr2026 02:26:40.611] [main/INFO] [Moonlight/]: Generating runtime assets for pack Supplementaries Generated Pack (supplementaries)
[16Apr2026 02:26:40.637] [pool-3-thread-1/DEBUG] [mixin/]: Mixing MixinNbtPredicate from curios.mixins.json into net.minecraft.advancements.critereon.NbtPredicate
[16Apr2026 02:26:40.666] [main/INFO] [Supplementaries/]: Generated runtime SERVER_DATA for pack Supplementaries Generated Pack (supplementaries) in: 54 ms (multithreaded)
[16Apr2026 02:26:40.666] [main/INFO] [Moonlight/]: Finished runtime resources generation for 1 packs in a total of 55 ms
[16Apr2026 02:26:41.827] [main/DEBUG] [mixin/]: Mixing common.OverworldBiomeBuilderMixin from platform-common.mixins.json into net.minecraft.world.level.biome.OverworldBiomeBuilder
[16Apr2026 02:26:42.384] [main/DEBUG] [mixin/]: Mixing PrimaryLevelDataMixin from citadel.mixins.json into net.minecraft.world.level.storage.PrimaryLevelData
[16Apr2026 02:26:42.387] [main/DEBUG] [mixin/]: Mixing MixinPrimaryLevelData from terrablender.mixins.json into net.minecraft.world.level.storage.PrimaryLevelData
[16Apr2026 02:26:42.517] [main/DEBUG] [net.minecraftforge.coremod.transformer.CoreModBaseTransformer/COREMOD]: Transforming net/minecraft/server/commands/EnchantCommand
[16Apr2026 02:26:42.539] [main/INFO] [net.minecraftforge.coremod.CoreMod.apotheosis/COREMODLOG]: Replaced 2 calls to Enchantment#getMaxLevel() in net/minecraft/server/commands/EnchantCommand
[16Apr2026 02:26:42.571] [main/DEBUG] [mixin/]: Mixing LocateVanillaMonumentCommandMixin from betteroceanmonuments.mixins.json into net.minecraft.server.commands.LocateCommand
[16Apr2026 02:26:42.572] [main/DEBUG] [mixin/]: Mixing LocateVanillaPyramidCommandMixin from betterdeserttemples.mixins.json into net.minecraft.server.commands.LocateCommand
[16Apr2026 02:26:42.574] [main/DEBUG] [mixin/]: Mixing structures.LocateCommandMixin from moogs_structures-common.mixins.json into net.minecraft.server.commands.LocateCommand
[16Apr2026 02:26:42.574] [main/DEBUG] [mixin/]: Renaming synthetic method lambda$moogs_structures_increaseLocateRadius$0(Lnet/minecraft/core/Holder;)Z to md26f194$lambda$moogs_structures_increaseLocateRadius$0$0 in moogs_structures-common.mixins.json:structures.LocateCommandMixin
[16Apr2026 02:26:42.576] [main/DEBUG] [mixin/]: Mixing LocateVanillaMineshaftCommandMixin from bettermineshafts.mixins.json into net.minecraft.server.commands.LocateCommand
[16Apr2026 02:26:42.577] [main/DEBUG] [mixin/]: Mixing LocateVanillaJungleTempleCommandMixin from betterjungletemples.mixins.json into net.minecraft.server.commands.LocateCommand
[16Apr2026 02:26:42.696] [main/DEBUG] [net.minecraftforge.coremod.transformer.CoreModBaseTransformer/COREMOD]: Transforming net/minecraft/server/commands/SummonCommand
[16Apr2026 02:26:43.053] [main/DEBUG] [mixin/]: Mixing debug.TagLoaderMixin from mixins.artifacts.common.json into net.minecraft.tags.TagLoader
[16Apr2026 02:26:43.059] [main/DEBUG] [mixin/]: Mixing accessor.RecipeManagerAccessor from farmersdelight.mixins.json into net.minecraft.world.item.crafting.RecipeManager
[16Apr2026 02:26:43.066] [main/INFO] [com.github.alexthe666.alexsmobs.AlexsMobs/]: Adding datapack listener capsid_recipes
[16Apr2026 02:26:43.227] [Worker-Main-3/ERROR] [net.minecraft.tags.TagLoader/]: Couldn't load tag hiccups_legacy:mystery as it is missing following references: hiccups_legacy:hideouszipplebackfly (from hiccups_legacy-2.0.0.jar), 
	hiccups_legacy:death_song_fly (from hiccups_legacy-2.0.0.jar), 
	hiccups_legacy:death_sonng (from hiccups_legacy-2.0.0.jar), 
	hiccups_legacy:flightmare_fly (from hiccups_legacy-2.0.0.jar), 
	hiccups_legacy:smother_smoke (from hiccups_legacy-2.0.0.jar), 
	hiccups_legacy:smother_smoke_fly (from hiccups_legacy-2.0.0.jar)
[16Apr2026 02:26:43.228] [Worker-Main-3/ERROR] [net.minecraft.tags.TagLoader/]: Couldn't load tag hiccups_legacy:black_scale_dragons as it is missing following references: hiccups_legacy:nightfury (from hiccups_legacy-2.0.0.jar), 
	hiccups_legacy:nightfuryfly (from hiccups_legacy-2.0.0.jar), 
	hiccups_legacy:nightterror (from hiccups_legacy-2.0.0.jar), 
	hiccups_legacy:nightterrorwalk (from hiccups_legacy-2.0.0.jar), 
	hiccups_legacy:skrill_fly (from hiccups_legacy-2.0.0.jar)
[16Apr2026 02:26:43.230] [Worker-Main-3/ERROR] [net.minecraft.tags.TagLoader/]: Couldn't load tag hiccups_legacy:green_scale_dragons as it is missing following references: hiccups_legacy:hideouszipplebackfly (from hiccups_legacy-2.0.0.jar)
[16Apr2026 02:26:43.231] [Worker-Main-3/ERROR] [net.minecraft.tags.TagLoader/]: Couldn't load tag hiccups_legacy:sharp as it is missing following references: hiccups_legacy:grim_gnasher_fly (from hiccups_legacy-2.0.0.jar), 
	hiccups_legacy:razorwhip_fly (from hiccups_legacy-2.0.0.jar)
[16Apr2026 02:26:43.233] [Worker-Main-3/ERROR] [net.minecraft.tags.TagLoader/]: Couldn't load tag hiccups_legacy:fly_dragons as it is missing following references: hiccups_legacy:deadly_nadder_fly (from hiccups_legacy-2.0.0.jar), 
	hiccups_legacy:death_song_fly (from hiccups_legacy-2.0.0.jar), 
	hiccups_legacy:flightmare_fly (from hiccups_legacy-2.0.0.jar), 
	hiccups_legacy:gronckle_fly (from hiccups_legacy-2.0.0.jar), 
	hiccups_legacy:hideouszipplebackfly (from hiccups_legacy-2.0.0.jar), 
	hiccups_legacy:monstrous_n_ightmare_fly (from hiccups_legacy-2.0.0.jar), 
	hiccups_legacy:nightfuryfly (from hiccups_legacy-2.0.0.jar), 
	hiccups_legacy:night_light_fly (from hiccups_legacy-2.0.0.jar), 
	hiccups_legacy:smother_smoke_fly (from hiccups_legacy-2.0.0.jar), 
	hiccups_legacy:terribleterrorfly (from hiccups_legacy-2.0.0.jar), 
	hiccups_legacy:lightfury_fly (from hiccups_legacy-2.0.0.jar), 
	hiccups_legacy:grim_gnasher_fly (from hiccups_legacy-2.0.0.jar), 
	hiccups_legacy:songwing_fly (from hiccups_legacy-2.0.0.jar), 
	hiccups_legacy:snow_wraith_fly (from hiccups_legacy-2.0.0.jar), 
	hiccups_legacy:whisperingdeath (from hiccups_legacy-2.0.0.jar), 
	hiccups_legacy:razorwhip_fly (from hiccups_legacy-2.0.0.jar), 
	hiccups_legacy:skrill_fly (from hiccups_legacy-2.0.0.jar), 
	hiccups_legacy:thunderdrum_fly (from hiccups_legacy-2.0.0.jar)
[16Apr2026 02:26:43.235] [Worker-Main-3/ERROR] [net.minecraft.tags.TagLoader/]: Couldn't load tag hiccups_legacy:white_scale_dragons as it is missing following references: hiccups_legacy:lightfury (from hiccups_legacy-2.0.0.jar), 
	hiccups_legacy:lightfury_fly (from hiccups_legacy-2.0.0.jar), 
	hiccups_legacy:snow_wraith_fly (from hiccups_legacy-2.0.0.jar), 
	hiccups_legacy:razorwhip_fly (from hiccups_legacy-2.0.0.jar)
[16Apr2026 02:26:43.237] [Worker-Main-3/ERROR] [net.minecraft.tags.TagLoader/]: Couldn't load tag hiccups_legacy:stoker as it is missing following references: hiccups_legacy:monstrous_n_ightmare_fly (from hiccups_legacy-2.0.0.jar), 
	hiccups_legacy:terribleterrorfly (from hiccups_legacy-2.0.0.jar), 
	hiccups_legacy:nightterror (from hiccups_legacy-2.0.0.jar), 
	hiccups_legacy:nightterrorwalk (from hiccups_legacy-2.0.0.jar)
[16Apr2026 02:26:43.241] [Worker-Main-3/ERROR] [net.minecraft.tags.TagLoader/]: Couldn't load tag hiccups_legacy:boulder as it is missing following references: hiccups_legacy:gronckle_fly (from hiccups_legacy-2.0.0.jar), 
	hiccups_legacy:whisperingdeath (from hiccups_legacy-2.0.0.jar)
[16Apr2026 02:26:43.241] [Worker-Main-3/ERROR] [net.minecraft.tags.TagLoader/]: Couldn't load tag hiccups_legacy:dragons as it is missing following references: hiccups_legacy:deadly_nadder_fly (from hiccups_legacy-2.0.0.jar), 
	hiccups_legacy:death_song_fly (from hiccups_legacy-2.0.0.jar), 
	hiccups_legacy:death_sonng (from hiccups_legacy-2.0.0.jar), 
	hiccups_legacy:flightmare_fly (from hiccups_legacy-2.0.0.jar), 
	hiccups_legacy:gronckle_fly (from hiccups_legacy-2.0.0.jar), 
	hiccups_legacy:hideouszipplebackfly (from hiccups_legacy-2.0.0.jar), 
	hiccups_legacy:monstrous_n_ightmare_fly (from hiccups_legacy-2.0.0.jar), 
	hiccups_legacy:nightfury (from hiccups_legacy-2.0.0.jar), 
	hiccups_legacy:nightfuryfly (from hiccups_legacy-2.0.0.jar), 
	hiccups_legacy:nightterror (from hiccups_legacy-2.0.0.jar), 
	hiccups_legacy:nightterrorwalk (from hiccups_legacy-2.0.0.jar), 
	hiccups_legacy:smother_smoke (from hiccups_legacy-2.0.0.jar), 
	hiccups_legacy:smother_smoke_fly (from hiccups_legacy-2.0.0.jar), 
	hiccups_legacy:terribleterrorfly (from hiccups_legacy-2.0.0.jar), 
	hiccups_legacy:whisperingdeath (from hiccups_legacy-2.0.0.jar), 
	hiccups_legacy:lightfury (from hiccups_legacy-2.0.0.jar), 
	hiccups_legacy:lightfury_fly (from hiccups_legacy-2.0.0.jar), 
	hiccups_legacy:grim_gnasher_fly (from hiccups_legacy-2.0.0.jar), 
	hiccups_legacy:songwing_fly (from hiccups_legacy-2.0.0.jar), 
	hiccups_legacy:snow_wraith_fly (from hiccups_legacy-2.0.0.jar), 
	hiccups_legacy:razorwhip_fly (from hiccups_legacy-2.0.0.jar), 
	hiccups_legacy:skrill_fly (from hiccups_legacy-2.0.0.jar), 
	hiccups_legacy:thunderdrum_fly (from hiccups_legacy-2.0.0.jar)
[16Apr2026 02:26:43.242] [Worker-Main-3/ERROR] [net.minecraft.tags.TagLoader/]: Couldn't load tag hiccups_legacy:red_scale_dragons as it is missing following references: hiccups_legacy:monstrous_n_ightmare_fly (from hiccups_legacy-2.0.0.jar)
[16Apr2026 02:26:43.242] [Worker-Main-3/ERROR] [net.minecraft.tags.TagLoader/]: Couldn't load tag hiccups_legacy:brown_scale_dragons as it is missing following references: hiccups_legacy:death_song_fly (from hiccups_legacy-2.0.0.jar), 
	hiccups_legacy:death_sonng (from hiccups_legacy-2.0.0.jar), 
	hiccups_legacy:gronckle_fly (from hiccups_legacy-2.0.0.jar)
[16Apr2026 02:26:43.242] [Worker-Main-3/ERROR] [net.minecraft.tags.TagLoader/]: Couldn't load tag hiccups_legacy:blue_scale_dragons as it is missing following references: hiccups_legacy:deadly_nadder_fly (from hiccups_legacy-2.0.0.jar), 
	hiccups_legacy:flightmare_fly (from hiccups_legacy-2.0.0.jar), 
	hiccups_legacy:whisperingdeath (from hiccups_legacy-2.0.0.jar), 
	hiccups_legacy:thunderdrum_fly (from hiccups_legacy-2.0.0.jar)
[16Apr2026 02:26:43.243] [Worker-Main-3/ERROR] [net.minecraft.tags.TagLoader/]: Couldn't load tag hiccups_legacy:purple_scale_dragons as it is missing following references: hiccups_legacy:songwing_fly (from hiccups_legacy-2.0.0.jar)
[16Apr2026 02:26:43.243] [Worker-Main-3/ERROR] [net.minecraft.tags.TagLoader/]: Couldn't load tag hiccups_legacy:strike as it is missing following references: hiccups_legacy:lightfury (from hiccups_legacy-2.0.0.jar), 
	hiccups_legacy:lightfury_fly (from hiccups_legacy-2.0.0.jar), 
	hiccups_legacy:nightfury (from hiccups_legacy-2.0.0.jar), 
	hiccups_legacy:nightfuryfly (from hiccups_legacy-2.0.0.jar), 
	hiccups_legacy:night_light_fly (from hiccups_legacy-2.0.0.jar), 
	hiccups_legacy:snow_wraith_fly (from hiccups_legacy-2.0.0.jar), 
	hiccups_legacy:songwing_fly (from hiccups_legacy-2.0.0.jar)
[16Apr2026 02:26:43.248] [Worker-Main-3/ERROR] [net.minecraft.tags.TagLoader/]: Couldn't load tag hiccups_legacy:tidal as it is missing following references: hiccups_legacy:thunderdrum_fly (from hiccups_legacy-2.0.0.jar)
[16Apr2026 02:26:43.248] [Worker-Main-3/ERROR] [net.minecraft.tags.TagLoader/]: Couldn't load tag hiccups_legacy:tracker as it is missing following references: hiccups_legacy:deadly_nadder_fly (from hiccups_legacy-2.0.0.jar)
[16Apr2026 02:26:43.366] [Worker-Main-1/ERROR] [net.minecraft.tags.TagLoader/]: Couldn't load tag forge:is_stony as it is missing following references: #minecraft:stony_peaks (from hiccups_legacy-2.0.0.jar), 
	#minecraft:stony_shore (from hiccups_legacy-2.0.0.jar), 
	#minecraft:windswept_gravelly_hills (from hiccups_legacy-2.0.0.jar)
[16Apr2026 02:26:43.455] [Worker-Main-1/DEBUG] [net.minecraftforge.coremod.transformer.CoreModBaseTransformer/COREMOD]: Transforming net/minecraft/world/entity/raid/Raid
[16Apr2026 02:26:43.540] [Worker-Main-3/ERROR] [net.minecraft.tags.TagLoader/]: Couldn't load tag minecraft:swords as it is missing following references: hiccups_legacy:inferno_fire (from hiccups_legacy-2.0.0.jar), 
	hiccups_legacy:inferno_retracted (from hiccups_legacy-2.0.0.jar)
[16Apr2026 02:26:43.541] [Worker-Main-3/ERROR] [net.minecraft.tags.TagLoader/]: Couldn't load tag minecraft:axes as it is missing following references: hiccups_legacy:heather_axe_closed (from hiccups_legacy-2.0.0.jar)
[16Apr2026 02:26:43.541] [Worker-Main-3/ERROR] [net.minecraft.tags.TagLoader/]: Couldn't load tag minecraft:tools as it is missing following references: #minecraft:swords (from vanilla), 
	#minecraft:axes (from vanilla)
[16Apr2026 02:26:43.542] [Worker-Main-3/ERROR] [net.minecraft.tags.TagLoader/]: Couldn't load tag minecraft:breaks_decorated_pots as it is missing following references: #minecraft:tools (from vanilla)
[16Apr2026 02:26:43.542] [Worker-Main-3/ERROR] [net.minecraft.tags.TagLoader/]: Couldn't load tag guardvillagers:convertible_guard_items as it is missing following references: #minecraft:swords (from guardvillagers-1.20.1-1.6.17.jar)
[16Apr2026 02:26:43.544] [Worker-Main-3/ERROR] [net.minecraft.tags.TagLoader/]: Couldn't load tag forge:tools as it is missing following references: #minecraft:swords (from forge-1.20.1-47.3.7-universal.jar), 
	#minecraft:axes (from forge-1.20.1-47.3.7-universal.jar)
[16Apr2026 02:26:43.553] [Worker-Main-3/ERROR] [net.minecraft.tags.TagLoader/]: Couldn't load tag immersive_armors:axes as it is missing following references: #minecraft:axes (from immersive_armors-1.7.1+1.20.1-forge.jar)
[16Apr2026 02:26:44.613] [Worker-Main-2/ERROR] [net.minecraftforge.common.ForgeHooks/]: Couldn't parse element loot_tables:apotheosis:book
com.google.gson.JsonSyntaxException: Expected name to be an item, was unknown string 'patchouli:guide_book'
	at net.minecraft.util.GsonHelper.m_13866_(GsonHelper.java:145) ~[server-1.20.1-20230612.114412-srg.jar%23251!/:?]
	at java.util.Optional.orElseThrow(Optional.java:403) ~[?:?]
	at net.minecraft.util.GsonHelper.m_13874_(GsonHelper.java:145) ~[server-1.20.1-20230612.114412-srg.jar%23251!/:?]
	at net.minecraft.util.GsonHelper.m_13909_(GsonHelper.java:153) ~[server-1.20.1-20230612.114412-srg.jar%23251!/:?]
	at net.minecraft.world.level.storage.loot.entries.LootItem$Serializer.m_7267_(LootItem.java:55) ~[server-1.20.1-20230612.114412-srg.jar%23251!/:?]
	at net.minecraft.world.level.storage.loot.entries.LootItem$Serializer.m_7267_(LootItem.java:40) ~[server-1.20.1-20230612.114412-srg.jar%23251!/:?]
	at net.minecraft.world.level.storage.loot.entries.LootPoolSingletonContainer$Serializer.m_5921_(LootPoolSingletonContainer.java:151) ~[server-1.20.1-20230612.114412-srg.jar%23251!/:?]
	at net.minecraft.world.level.storage.loot.entries.LootPoolSingletonContainer$Serializer.m_5921_(LootPoolSingletonContainer.java:129) ~[server-1.20.1-20230612.114412-srg.jar%23251!/:?]
	at net.minecraft.world.level.storage.loot.entries.LootPoolEntryContainer$Serializer.m_7561_(LootPoolEntryContainer.java:86) ~[server-1.20.1-20230612.114412-srg.jar%23251!/:?]
	at net.minecraft.world.level.storage.loot.entries.LootPoolEntryContainer$Serializer.m_7561_(LootPoolEntryContainer.java:74) ~[server-1.20.1-20230612.114412-srg.jar%23251!/:?]
	at net.minecraft.world.level.storage.loot.GsonAdapterFactory$JsonAdapter.deserialize(GsonAdapterFactory.java:102) ~[server-1.20.1-20230612.114412-srg.jar%23251!/:?]
	at com.google.gson.internal.bind.TreeTypeAdapter.read(TreeTypeAdapter.java:76) ~[gson-2.10.jar%2372!/:?]
	at com.google.gson.internal.bind.TypeAdapterRuntimeTypeWrapper.read(TypeAdapterRuntimeTypeWrapper.java:40) ~[gson-2.10.jar%2372!/:?]
	at com.google.gson.internal.bind.ArrayTypeAdapter.read(ArrayTypeAdapter.java:72) ~[gson-2.10.jar%2372!/:?]
	at com.google.gson.Gson.fromJson(Gson.java:1214) ~[gson-2.10.jar%2372!/:?]
	at com.google.gson.Gson.fromJson(Gson.java:1319) ~[gson-2.10.jar%2372!/:?]
	at com.google.gson.Gson.fromJson(Gson.java:1290) ~[gson-2.10.jar%2372!/:?]
	at com.google.gson.internal.bind.TreeTypeAdapter$GsonContextImpl.deserialize(TreeTypeAdapter.java:179) ~[gson-2.10.jar%2372!/:?]
	at net.minecraft.util.GsonHelper.m_13808_(GsonHelper.java:463) ~[server-1.20.1-20230612.114412-srg.jar%23251!/:?]
	at net.minecraft.util.GsonHelper.m_13836_(GsonHelper.java:471) ~[server-1.20.1-20230612.114412-srg.jar%23251!/:?]
	at net.minecraft.world.level.storage.loot.LootPool$Serializer.deserialize(LootPool.java:192) ~[server-1.20.1-20230612.114412-srg.jar%23251!/:?]
	at net.minecraft.world.level.storage.loot.LootPool$Serializer.deserialize(LootPool.java:189) ~[server-1.20.1-20230612.114412-srg.jar%23251!/:?]
	at com.google.gson.internal.bind.TreeTypeAdapter.read(TreeTypeAdapter.java:76) ~[gson-2.10.jar%2372!/:?]
	at com.google.gson.internal.bind.TypeAdapterRuntimeTypeWrapper.read(TypeAdapterRuntimeTypeWrapper.java:40) ~[gson-2.10.jar%2372!/:?]
	at com.google.gson.internal.bind.ArrayTypeAdapter.read(ArrayTypeAdapter.java:72) ~[gson-2.10.jar%2372!/:?]
	at com.google.gson.Gson.fromJson(Gson.java:1214) ~[gson-2.10.jar%2372!/:?]
	at com.google.gson.Gson.fromJson(Gson.java:1319) ~[gson-2.10.jar%2372!/:?]
	at com.google.gson.Gson.fromJson(Gson.java:1290) ~[gson-2.10.jar%2372!/:?]
	at com.google.gson.internal.bind.TreeTypeAdapter$GsonContextImpl.deserialize(TreeTypeAdapter.java:179) ~[gson-2.10.jar%2372!/:?]
	at net.minecraft.util.GsonHelper.m_13808_(GsonHelper.java:463) ~[server-1.20.1-20230612.114412-srg.jar%23251!/:?]
	at net.minecraft.util.GsonHelper.m_13845_(GsonHelper.java:481) ~[server-1.20.1-20230612.114412-srg.jar%23251!/:?]
	at net.minecraft.world.level.storage.loot.LootTable$Serializer.deserialize(LootTable.java:294) ~[server-1.20.1-20230612.114412-srg.jar%23251!/:?]
	at net.minecraft.world.level.storage.loot.LootTable$Serializer.deserialize(LootTable.java:291) ~[server-1.20.1-20230612.114412-srg.jar%23251!/:?]
	at com.google.gson.internal.bind.TreeTypeAdapter.read(TreeTypeAdapter.java:76) ~[gson-2.10.jar%2372!/:?]
	at com.google.gson.Gson.fromJson(Gson.java:1214) ~[gson-2.10.jar%2372!/:?]
	at com.google.gson.Gson.fromJson(Gson.java:1319) ~[gson-2.10.jar%2372!/:?]
	at com.google.gson.Gson.fromJson(Gson.java:1261) ~[gson-2.10.jar%2372!/:?]
	at net.minecraftforge.common.ForgeHooks.loadLootTable(ForgeHooks.java:871) ~[forge-1.20.1-47.3.7-universal.jar%23256!/:?]
	at net.minecraftforge.common.ForgeHooks.lambda$getLootTableDeserializer$3(ForgeHooks.java:848) ~[forge-1.20.1-47.3.7-universal.jar%23256!/:?]
	at net.minecraft.world.level.storage.loot.LootDataType.deserialize(LootDataType.java:45) ~[server-1.20.1-20230612.114412-srg.jar%23251!/:?]
	at net.minecraft.world.level.storage.loot.LootDataManager.lambda$scheduleElementParse$4(LootDataManager.java:56) ~[server-1.20.1-20230612.114412-srg.jar%23251!/:?]
	at java.util.HashMap.forEach(HashMap.java:1421) ~[?:?]
	at net.minecraft.world.level.storage.loot.LootDataManager.m_278660_(LootDataManager.java:55) ~[server-1.20.1-20230612.114412-srg.jar%23251!/:?]
	at java.util.concurrent.CompletableFuture$AsyncRun.run(CompletableFuture.java:1804) ~[?:?]
	at java.util.concurrent.CompletableFuture$AsyncRun.exec(CompletableFuture.java:1796) ~[?:?]
	at java.util.concurrent.ForkJoinTask.doExec(ForkJoinTask.java:373) ~[?:?]
	at java.util.concurrent.ForkJoinPool$WorkQueue.topLevelExec(ForkJoinPool.java:1182) ~[?:?]
	at java.util.concurrent.ForkJoinPool.scan(ForkJoinPool.java:1655) ~[?:?]
	at java.util.concurrent.ForkJoinPool.runWorker(ForkJoinPool.java:1622) ~[?:?]
	at java.util.concurrent.ForkJoinWorkerThread.run(ForkJoinWorkerThread.java:165) ~[?:?]
[16Apr2026 02:26:44.964] [main/INFO] [placebo/]: Registered 34 additional loot tables.
[16Apr2026 02:26:45.076] [main/INFO] [net.minecraft.world.item.crafting.RecipeManager/]: Skipping loading recipe supplementaries:inspirations/blackboard_clear as it's serializer returned null
[16Apr2026 02:26:45.130] [main/ERROR] [net.minecraft.world.item.crafting.RecipeManager/]: Parsing error loading recipe hiccups_legacy:eel_bucket_recipe
com.google.gson.JsonSyntaxException: Unknown item 'hiccups_legacy:eel_pox_cu'
	at net.minecraftforge.common.crafting.CraftingHelper.getItem(CraftingHelper.java:160) ~[forge-1.20.1-47.3.7-universal.jar%23256!/:?]
	at net.minecraftforge.common.crafting.CraftingHelper.getItemStack(CraftingHelper.java:186) ~[forge-1.20.1-47.3.7-universal.jar%23256!/:?]
	at net.minecraft.world.item.crafting.ShapedRecipe.m_151274_(ShapedRecipe.java:286) ~[server-1.20.1-20230612.114412-srg.jar%23251!/:?]
	at net.minecraft.world.item.crafting.ShapedRecipe$Serializer.m_6729_(ShapedRecipe.java:311) ~[server-1.20.1-20230612.114412-srg.jar%23251!/:?]
	at net.minecraft.world.item.crafting.ShapedRecipe$Serializer.m_6729_(ShapedRecipe.java:301) ~[server-1.20.1-20230612.114412-srg.jar%23251!/:?]
	at net.minecraftforge.common.extensions.IForgeRecipeSerializer.fromJson(IForgeRecipeSerializer.java:23) ~[forge-1.20.1-47.3.7-universal.jar%23256!/:?]
	at net.minecraft.world.item.crafting.RecipeManager.fromJson(RecipeManager.java:171) ~[server-1.20.1-20230612.114412-srg.jar%23251!/:?]
	at net.minecraft.world.item.crafting.RecipeManager.m_5787_(RecipeManager.java:67) ~[server-1.20.1-20230612.114412-srg.jar%23251!/:?]
	at net.minecraft.world.item.crafting.RecipeManager.m_5787_(RecipeManager.java:34) ~[server-1.20.1-20230612.114412-srg.jar%23251!/:?]
	at net.minecraft.server.packs.resources.SimplePreparableReloadListener.m_10789_(SimplePreparableReloadListener.java:13) ~[server-1.20.1-20230612.114412-srg.jar%23251!/:?]
	at java.util.concurrent.CompletableFuture$UniAccept.tryFire(CompletableFuture.java:718) ~[?:?]
	at java.util.concurrent.CompletableFuture$Completion.run(CompletableFuture.java:482) ~[?:?]
	at net.minecraft.server.packs.resources.SimpleReloadInstance.m_143940_(SimpleReloadInstance.java:69) ~[server-1.20.1-20230612.114412-srg.jar%23251!/:?]
	at net.minecraft.Util.m_214652_(Util.java:783) ~[server-1.20.1-20230612.114412-srg.jar%23251!/:?]
	at net.minecraft.Util.m_214679_(Util.java:772) ~[server-1.20.1-20230612.114412-srg.jar%23251!/:?]
	at net.minecraft.server.Main.main(Main.java:166) ~[server-1.20.1-20230612.114412-srg.jar%23251!/:?]
	at jdk.internal.reflect.NativeMethodAccessorImpl.invoke0(Native Method) ~[?:?]
	at jdk.internal.reflect.NativeMethodAccessorImpl.invoke(NativeMethodAccessorImpl.java:77) ~[?:?]
	at jdk.internal.reflect.DelegatingMethodAccessorImpl.invoke(DelegatingMethodAccessorImpl.java:43) ~[?:?]
	at java.lang.reflect.Method.invoke(Method.java:569) ~[?:?]
	at net.minecraftforge.fml.loading.targets.CommonLaunchHandler.runTarget(CommonLaunchHandler.java:111) ~[fmlloader-1.20.1-47.3.7.jar%2369!/:?]
	at net.minecraftforge.fml.loading.targets.CommonLaunchHandler.serverService(CommonLaunchHandler.java:103) ~[fmlloader-1.20.1-47.3.7.jar%2369!/:?]
	at net.minecraftforge.fml.loading.targets.CommonServerLaunchHandler.lambda$makeService$0(CommonServerLaunchHandler.java:27) ~[fmlloader-1.20.1-47.3.7.jar%2369!/:?]
	at cpw.mods.modlauncher.LaunchServiceHandlerDecorator.launch(LaunchServiceHandlerDecorator.java:30) ~[modlauncher-10.0.9.jar%2355!/:?]
	at cpw.mods.modlauncher.LaunchServiceHandler.launch(LaunchServiceHandler.java:53) ~[modlauncher-10.0.9.jar%2355!/:?]
	at cpw.mods.modlauncher.LaunchServiceHandler.launch(LaunchServiceHandler.java:71) ~[modlauncher-10.0.9.jar%2355!/:?]
	at cpw.mods.modlauncher.Launcher.run(Launcher.java:108) ~[modlauncher-10.0.9.jar%2355!/:?]
	at cpw.mods.modlauncher.Launcher.main(Launcher.java:78) ~[modlauncher-10.0.9.jar%2355!/:?]
	at cpw.mods.modlauncher.BootstrapLaunchConsumer.accept(BootstrapLaunchConsumer.java:26) ~[modlauncher-10.0.9.jar%2355!/:?]
	at cpw.mods.modlauncher.BootstrapLaunchConsumer.accept(BootstrapLaunchConsumer.java:23) ~[modlauncher-10.0.9.jar%2355!/:?]
	at cpw.mods.bootstraplauncher.BootstrapLauncher.main(BootstrapLauncher.java:141) ~[bootstraplauncher-1.1.2.jar:?]
[16Apr2026 02:26:45.221] [main/INFO] [net.minecraft.world.item.crafting.RecipeManager/]: Skipping loading recipe supplementaries:inspirations/flag_dye as it's serializer returned null
[16Apr2026 02:26:45.228] [main/ERROR] [net.minecraft.world.item.crafting.RecipeManager/]: Parsing error loading recipe hiccups_legacy:handlerecipe
com.google.gson.JsonSyntaxException: Unknown item 'hiccups_legacy:infernohandle'
	at net.minecraftforge.common.crafting.CraftingHelper.getItem(CraftingHelper.java:160) ~[forge-1.20.1-47.3.7-universal.jar%23256!/:?]
	at net.minecraftforge.common.crafting.CraftingHelper.getItemStack(CraftingHelper.java:186) ~[forge-1.20.1-47.3.7-universal.jar%23256!/:?]
	at net.minecraft.world.item.crafting.ShapedRecipe.m_151274_(ShapedRecipe.java:286) ~[server-1.20.1-20230612.114412-srg.jar%23251!/:?]
	at net.minecraft.world.item.crafting.ShapedRecipe$Serializer.m_6729_(ShapedRecipe.java:311) ~[server-1.20.1-20230612.114412-srg.jar%23251!/:?]
	at net.minecraft.world.item.crafting.ShapedRecipe$Serializer.m_6729_(ShapedRecipe.java:301) ~[server-1.20.1-20230612.114412-srg.jar%23251!/:?]
	at net.minecraftforge.common.extensions.IForgeRecipeSerializer.fromJson(IForgeRecipeSerializer.java:23) ~[forge-1.20.1-47.3.7-universal.jar%23256!/:?]
	at net.minecraft.world.item.crafting.RecipeManager.fromJson(RecipeManager.java:171) ~[server-1.20.1-20230612.114412-srg.jar%23251!/:?]
	at net.minecraft.world.item.crafting.RecipeManager.m_5787_(RecipeManager.java:67) ~[server-1.20.1-20230612.114412-srg.jar%23251!/:?]
	at net.minecraft.world.item.crafting.RecipeManager.m_5787_(RecipeManager.java:34) ~[server-1.20.1-20230612.114412-srg.jar%23251!/:?]
	at net.minecraft.server.packs.resources.SimplePreparableReloadListener.m_10789_(SimplePreparableReloadListener.java:13) ~[server-1.20.1-20230612.114412-srg.jar%23251!/:?]
	at java.util.concurrent.CompletableFuture$UniAccept.tryFire(CompletableFuture.java:718) ~[?:?]
	at java.util.concurrent.CompletableFuture$Completion.run(CompletableFuture.java:482) ~[?:?]
	at net.minecraft.server.packs.resources.SimpleReloadInstance.m_143940_(SimpleReloadInstance.java:69) ~[server-1.20.1-20230612.114412-srg.jar%23251!/:?]
	at net.minecraft.Util.m_214652_(Util.java:783) ~[server-1.20.1-20230612.114412-srg.jar%23251!/:?]
	at net.minecraft.Util.m_214679_(Util.java:772) ~[server-1.20.1-20230612.114412-srg.jar%23251!/:?]
	at net.minecraft.server.Main.main(Main.java:166) ~[server-1.20.1-20230612.114412-srg.jar%23251!/:?]
	at jdk.internal.reflect.NativeMethodAccessorImpl.invoke0(Native Method) ~[?:?]
	at jdk.internal.reflect.NativeMethodAccessorImpl.invoke(NativeMethodAccessorImpl.java:77) ~[?:?]
	at jdk.internal.reflect.DelegatingMethodAccessorImpl.invoke(DelegatingMethodAccessorImpl.java:43) ~[?:?]
	at java.lang.reflect.Method.invoke(Method.java:569) ~[?:?]
	at net.minecraftforge.fml.loading.targets.CommonLaunchHandler.runTarget(CommonLaunchHandler.java:111) ~[fmlloader-1.20.1-47.3.7.jar%2369!/:?]
	at net.minecraftforge.fml.loading.targets.CommonLaunchHandler.serverService(CommonLaunchHandler.java:103) ~[fmlloader-1.20.1-47.3.7.jar%2369!/:?]
	at net.minecraftforge.fml.loading.targets.CommonServerLaunchHandler.lambda$makeService$0(CommonServerLaunchHandler.java:27) ~[fmlloader-1.20.1-47.3.7.jar%2369!/:?]
	at cpw.mods.modlauncher.LaunchServiceHandlerDecorator.launch(LaunchServiceHandlerDecorator.java:30) ~[modlauncher-10.0.9.jar%2355!/:?]
	at cpw.mods.modlauncher.LaunchServiceHandler.launch(LaunchServiceHandler.java:53) ~[modlauncher-10.0.9.jar%2355!/:?]
	at cpw.mods.modlauncher.LaunchServiceHandler.launch(LaunchServiceHandler.java:71) ~[modlauncher-10.0.9.jar%2355!/:?]
	at cpw.mods.modlauncher.Launcher.run(Launcher.java:108) ~[modlauncher-10.0.9.jar%2355!/:?]
	at cpw.mods.modlauncher.Launcher.main(Launcher.java:78) ~[modlauncher-10.0.9.jar%2355!/:?]
	at cpw.mods.modlauncher.BootstrapLaunchConsumer.accept(BootstrapLaunchConsumer.java:26) ~[modlauncher-10.0.9.jar%2355!/:?]
	at cpw.mods.modlauncher.BootstrapLaunchConsumer.accept(BootstrapLaunchConsumer.java:23) ~[modlauncher-10.0.9.jar%2355!/:?]
	at cpw.mods.bootstraplauncher.BootstrapLauncher.main(BootstrapLauncher.java:141) ~[bootstraplauncher-1.1.2.jar:?]
[16Apr2026 02:26:45.326] [main/INFO] [net.minecraft.world.item.crafting.RecipeManager/]: Skipping loading recipe supplementaries:inspirations/flag_clear as it's serializer returned null
[16Apr2026 02:26:45.379] [main/ERROR] [net.minecraft.world.item.crafting.RecipeManager/]: Parsing error loading recipe hiccups_legacy:inferno_recipe
com.google.gson.JsonSyntaxException: Unknown item 'hiccups_legacy:infernohandle'
	at net.minecraft.world.item.crafting.ShapedRecipe.m_151280_(ShapedRecipe.java:292) ~[server-1.20.1-20230612.114412-srg.jar%23251!/:?]
	at java.util.Optional.orElseThrow(Optional.java:403) ~[?:?]
	at net.minecraft.world.item.crafting.ShapedRecipe.m_151278_(ShapedRecipe.java:291) ~[server-1.20.1-20230612.114412-srg.jar%23251!/:?]
	at net.minecraft.world.item.crafting.Ingredient.m_43919_(Ingredient.java:219) ~[server-1.20.1-20230612.114412-srg.jar%23251!/:?]
	at net.minecraftforge.common.crafting.VanillaIngredientSerializer.parse(VanillaIngredientSerializer.java:27) ~[forge-1.20.1-47.3.7-universal.jar%23256!/:?]
	at net.minecraftforge.common.crafting.CraftingHelper.getIngredient(CraftingHelper.java:148) ~[forge-1.20.1-47.3.7-universal.jar%23256!/:?]
	at net.minecraft.world.item.crafting.Ingredient.m_288218_(Ingredient.java:194) ~[server-1.20.1-20230612.114412-srg.jar%23251!/:?]
	at net.minecraft.world.item.crafting.ShapedRecipe.m_44210_(ShapedRecipe.java:278) ~[server-1.20.1-20230612.114412-srg.jar%23251!/:?]
	at net.minecraft.world.item.crafting.ShapedRecipe$Serializer.m_6729_(ShapedRecipe.java:306) ~[server-1.20.1-20230612.114412-srg.jar%23251!/:?]
	at net.minecraft.world.item.crafting.ShapedRecipe$Serializer.m_6729_(ShapedRecipe.java:301) ~[server-1.20.1-20230612.114412-srg.jar%23251!/:?]
	at net.minecraftforge.common.extensions.IForgeRecipeSerializer.fromJson(IForgeRecipeSerializer.java:23) ~[forge-1.20.1-47.3.7-universal.jar%23256!/:?]
	at net.minecraft.world.item.crafting.RecipeManager.fromJson(RecipeManager.java:171) ~[server-1.20.1-20230612.114412-srg.jar%23251!/:?]
	at net.minecraft.world.item.crafting.RecipeManager.m_5787_(RecipeManager.java:67) ~[server-1.20.1-20230612.114412-srg.jar%23251!/:?]
	at net.minecraft.world.item.crafting.RecipeManager.m_5787_(RecipeManager.java:34) ~[server-1.20.1-20230612.114412-srg.jar%23251!/:?]
	at net.minecraft.server.packs.resources.SimplePreparableReloadListener.m_10789_(SimplePreparableReloadListener.java:13) ~[server-1.20.1-20230612.114412-srg.jar%23251!/:?]
	at java.util.concurrent.CompletableFuture$UniAccept.tryFire(CompletableFuture.java:718) ~[?:?]
	at java.util.concurrent.CompletableFuture$Completion.run(CompletableFuture.java:482) ~[?:?]
	at net.minecraft.server.packs.resources.SimpleReloadInstance.m_143940_(SimpleReloadInstance.java:69) ~[server-1.20.1-20230612.114412-srg.jar%23251!/:?]
	at net.minecraft.Util.m_214652_(Util.java:783) ~[server-1.20.1-20230612.114412-srg.jar%23251!/:?]
	at net.minecraft.Util.m_214679_(Util.java:772) ~[server-1.20.1-20230612.114412-srg.jar%23251!/:?]
	at net.minecraft.server.Main.main(Main.java:166) ~[server-1.20.1-20230612.114412-srg.jar%23251!/:?]
	at jdk.internal.reflect.NativeMethodAccessorImpl.invoke0(Native Method) ~[?:?]
	at jdk.internal.reflect.NativeMethodAccessorImpl.invoke(NativeMethodAccessorImpl.java:77) ~[?:?]
	at jdk.internal.reflect.DelegatingMethodAccessorImpl.invoke(DelegatingMethodAccessorImpl.java:43) ~[?:?]
	at java.lang.reflect.Method.invoke(Method.java:569) ~[?:?]
	at net.minecraftforge.fml.loading.targets.CommonLaunchHandler.runTarget(CommonLaunchHandler.java:111) ~[fmlloader-1.20.1-47.3.7.jar%2369!/:?]
	at net.minecraftforge.fml.loading.targets.CommonLaunchHandler.serverService(CommonLaunchHandler.java:103) ~[fmlloader-1.20.1-47.3.7.jar%2369!/:?]
	at net.minecraftforge.fml.loading.targets.CommonServerLaunchHandler.lambda$makeService$0(CommonServerLaunchHandler.java:27) ~[fmlloader-1.20.1-47.3.7.jar%2369!/:?]
	at cpw.mods.modlauncher.LaunchServiceHandlerDecorator.launch(LaunchServiceHandlerDecorator.java:30) ~[modlauncher-10.0.9.jar%2355!/:?]
	at cpw.mods.modlauncher.LaunchServiceHandler.launch(LaunchServiceHandler.java:53) ~[modlauncher-10.0.9.jar%2355!/:?]
	at cpw.mods.modlauncher.LaunchServiceHandler.launch(LaunchServiceHandler.java:71) ~[modlauncher-10.0.9.jar%2355!/:?]
	at cpw.mods.modlauncher.Launcher.run(Launcher.java:108) ~[modlauncher-10.0.9.jar%2355!/:?]
	at cpw.mods.modlauncher.Launcher.main(Launcher.java:78) ~[modlauncher-10.0.9.jar%2355!/:?]
	at cpw.mods.modlauncher.BootstrapLaunchConsumer.accept(BootstrapLaunchConsumer.java:26) ~[modlauncher-10.0.9.jar%2355!/:?]
	at cpw.mods.modlauncher.BootstrapLaunchConsumer.accept(BootstrapLaunchConsumer.java:23) ~[modlauncher-10.0.9.jar%2355!/:?]
	at cpw.mods.bootstraplauncher.BootstrapLauncher.main(BootstrapLauncher.java:141) ~[bootstraplauncher-1.1.2.jar:?]
[16Apr2026 02:26:45.420] [main/INFO] [net.minecraft.world.item.crafting.RecipeManager/]: Loaded 27 recipes
[16Apr2026 02:26:45.422] [main/ERROR] [net.minecraft.server.ServerFunctionLibrary/]: Failed to load function watching:check
java.util.concurrent.CompletionException: java.lang.IllegalArgumentException: Whilst parsing command on line 1: Unknown or incomplete command, see below for error at position 0: <--[HERE]
	at java.util.concurrent.CompletableFuture.encodeThrowable(CompletableFuture.java:315) ~[?:?]
	at java.util.concurrent.CompletableFuture.completeThrowable(CompletableFuture.java:320) ~[?:?]
	at java.util.concurrent.CompletableFuture$AsyncSupply.run(CompletableFuture.java:1770) ~[?:?]
	at java.util.concurrent.CompletableFuture$AsyncSupply.exec(CompletableFuture.java:1760) ~[?:?]
	at java.util.concurrent.ForkJoinTask.doExec(ForkJoinTask.java:373) ~[?:?]
	at java.util.concurrent.ForkJoinPool$WorkQueue.topLevelExec(ForkJoinPool.java:1182) ~[?:?]
	at java.util.concurrent.ForkJoinPool.scan(ForkJoinPool.java:1655) ~[?:?]
	at java.util.concurrent.ForkJoinPool.runWorker(ForkJoinPool.java:1622) ~[?:?]
	at java.util.concurrent.ForkJoinWorkerThread.run(ForkJoinWorkerThread.java:165) ~[?:?]
Caused by: java.lang.IllegalArgumentException: Whilst parsing command on line 1: Unknown or incomplete command, see below for error at position 0: <--[HERE]
	at net.minecraft.commands.CommandFunction.m_77984_(CommandFunction.java:63) ~[server-1.20.1-20230612.114412-srg.jar%23251!/:?]
	at net.minecraft.server.ServerFunctionLibrary.m_214320_(ServerFunctionLibrary.java:83) ~[server-1.20.1-20230612.114412-srg.jar%23251!/:?]
	at java.util.concurrent.CompletableFuture$AsyncSupply.run(CompletableFuture.java:1768) ~[?:?]
	... 6 more
[16Apr2026 02:26:45.635] [main/INFO] [net.minecraft.advancements.AdvancementList/]: Loaded 3429 advancements
[16Apr2026 02:26:45.653] [main/INFO] [placebo/]: Registered 26 additional recipes.
[16Apr2026 02:26:45.712] [main/INFO] [Supplementaries/]: Loaded 27 flute songs
[16Apr2026 02:26:45.722] [main/INFO] [top.theillusivec4.curios.Curios/]: Loaded 20 curio slots
[16Apr2026 02:26:45.734] [main/INFO] [top.theillusivec4.curios.Curios/]: Loaded 13 curio entities
[16Apr2026 02:26:45.766] [main/INFO] [placebo/]: Registered 16 gear_sets.
[16Apr2026 02:26:45.774] [main/INFO] [Apotheosis : Enchantment/]: Registered 29 enchanting_stats.
[16Apr2026 02:26:45.776] [main/INFO] [Apotheosis : Adventure/]: Registered 6 rarities.
[16Apr2026 02:26:45.793] [main/INFO] [Apotheosis : Adventure/]: Registered 81 affixes.
[16Apr2026 02:26:45.800] [main/WARN] [Apotheosis : Adventure/]: Insufficient number of affixes to satisfy the loot rules (ignoring backup rules) of rarity apotheosis:mythic for category helmetRequired: 3; Provided: 2
[16Apr2026 02:26:45.801] [main/WARN] [Apotheosis : Adventure/]: Insufficient number of affixes to satisfy the loot rules (ignoring backup rules) of rarity apotheosis:mythic for category bootsRequired: 3; Provided: 2
[16Apr2026 02:26:45.802] [main/WARN] [Apotheosis : Adventure/]: Insufficient number of affixes to satisfy the loot rules (ignoring backup rules) of rarity apotheosis:ancient for category bowRequired: 5; Provided: 4
[16Apr2026 02:26:45.803] [main/WARN] [Apotheosis : Adventure/]: Insufficient number of affixes to satisfy the loot rules (ignoring backup rules) of rarity apotheosis:ancient for category crossbowRequired: 5; Provided: 4
[16Apr2026 02:26:45.803] [main/WARN] [Apotheosis : Adventure/]: Insufficient number of affixes to satisfy the loot rules (ignoring backup rules) of rarity apotheosis:ancient for category pickaxeRequired: 5; Provided: 4
[16Apr2026 02:26:45.803] [main/WARN] [Apotheosis : Adventure/]: Insufficient number of affixes to satisfy the loot rules (ignoring backup rules) of rarity apotheosis:ancient for category shovelRequired: 5; Provided: 4
[16Apr2026 02:26:45.804] [main/WARN] [Apotheosis : Adventure/]: Insufficient number of affixes to satisfy the loot rules (ignoring backup rules) of rarity apotheosis:ancient for category shieldRequired: 5; Provided: 4
[16Apr2026 02:26:45.804] [main/WARN] [Apotheosis : Adventure/]: Insufficient number of affixes to satisfy the loot rules (ignoring backup rules) of rarity apotheosis:ancient for category helmetRequired: 4; Provided: 2
[16Apr2026 02:26:45.805] [main/WARN] [Apotheosis : Adventure/]: Insufficient number of affixes to satisfy the loot rules (ignoring backup rules) of rarity apotheosis:ancient for category bootsRequired: 4; Provided: 2
[16Apr2026 02:26:45.819] [main/INFO] [Apotheosis : Adventure/]: Registered 19 gems.
[16Apr2026 02:26:45.827] [main/INFO] [Apotheosis : Adventure/]: Registered 67 affix_loot_entries.
[16Apr2026 02:26:45.835] [main/INFO] [Apotheosis : Adventure/]: Registered 17 bosses.
[16Apr2026 02:26:45.847] [main/INFO] [Apotheosis : Adventure/]: Registered 8 rogue_spawners.
[16Apr2026 02:26:45.850] [main/INFO] [Apotheosis : Adventure/]: Registered 5 minibosses.
[16Apr2026 02:26:45.856] [main/INFO] [Apotheosis : Village/]: Registered 28 wanderer_trades.
[16Apr2026 02:26:48.081] [main/DEBUG] [net.minecraftforge.coremod.transformer.CoreModBaseTransformer/COREMOD]: Transforming net/minecraft/world/entity/npc/VillagerTrades$EnchantBookForEmeralds
[16Apr2026 02:26:48.088] [main/INFO] [net.minecraftforge.coremod.CoreMod.apotheosis/COREMODLOG]: Replaced 1 calls to Enchantment#getMaxLevel() in net/minecraft/world/entity/npc/VillagerTrades$EnchantBookForEmeralds
[16Apr2026 02:26:48.088] [main/INFO] [net.minecraftforge.coremod.CoreMod.apotheosis/COREMODLOG]: Replaced 1 calls to Enchantment#isTreasureOnly() in net/minecraft/world/entity/npc/VillagerTrades$EnchantBookForEmeralds
[16Apr2026 02:26:48.089] [main/INFO] [net.minecraftforge.coremod.CoreMod.apotheosis/COREMODLOG]: Replaced 1 calls to Enchantment#isTradeable() in net/minecraft/world/entity/npc/VillagerTrades$EnchantBookForEmeralds
[16Apr2026 02:26:48.090] [main/DEBUG] [mixin/]: Mixing TreasureMapForEmeraldsMixin from supplementaries.mixins.json into net.minecraft.world.entity.npc.VillagerTrades$TreasureMapForEmeralds
[16Apr2026 02:26:48.099] [main/INFO] [Moonlight/]: Applied 18 data villager trades
[16Apr2026 02:26:48.141] [main/INFO] [Supplementaries/]: Finished additional setup in 0 ms
[16Apr2026 02:26:48.259] [main/DEBUG] [net.minecraftforge.common.ForgeHooks/WP]: Gathering id map for writing to world save world
[16Apr2026 02:26:48.296] [main/DEBUG] [net.minecraftforge.common.ForgeHooks/WP]: ID Map collection complete world
[16Apr2026 02:26:48.390] [Server thread/INFO] [net.minecraft.server.dedicated.DedicatedServer/]: Starting minecraft server version 1.20.1
[16Apr2026 02:26:48.390] [Server thread/INFO] [net.minecraft.server.dedicated.DedicatedServer/]: Loading properties
[16Apr2026 02:26:48.390] [Server thread/INFO] [net.minecraft.server.dedicated.DedicatedServer/]: Default game type: SURVIVAL
[16Apr2026 02:26:48.391] [Server thread/INFO] [net.minecraft.server.MinecraftServer/]: Generating keypair
[16Apr2026 02:26:48.511] [Server thread/INFO] [net.minecraft.server.dedicated.DedicatedServer/]: Starting Minecraft server on *:25565
[16Apr2026 02:26:48.546] [Server thread/DEBUG] [net.minecraftforge.network.DualStackUtils/]: Detected IPv6 address: "0:0:0:0:0:0:0:0"
[16Apr2026 02:26:48.563] [Server thread/DEBUG] [io.netty.util.internal.NativeLibraryLoader/]: -Dio.netty.native.workdir: /tmp (io.netty.tmpdir)
[16Apr2026 02:26:48.563] [Server thread/DEBUG] [io.netty.util.internal.NativeLibraryLoader/]: -Dio.netty.native.deleteLibAfterLoading: true
[16Apr2026 02:26:48.563] [Server thread/DEBUG] [io.netty.util.internal.NativeLibraryLoader/]: -Dio.netty.native.tryPatchShadedId: true
[16Apr2026 02:26:48.563] [Server thread/DEBUG] [io.netty.util.internal.NativeLibraryLoader/]: -Dio.netty.native.detectNativeLibraryDuplicates: true
[16Apr2026 02:26:48.605] [Server thread/DEBUG] [io.netty.util.internal.NativeLibraryLoader/]: Successfully loaded the library /tmp/libnetty_transport_native_epoll_x86_6414919222096521460667.so
[16Apr2026 02:26:48.608] [Server thread/DEBUG] [io.netty.util.NetUtil/]: -Djava.net.preferIPv4Stack: false
[16Apr2026 02:26:48.608] [Server thread/DEBUG] [io.netty.util.NetUtil/]: -Djava.net.preferIPv6Addresses: true
[16Apr2026 02:26:48.610] [Server thread/DEBUG] [io.netty.util.NetUtilInitializations/]: Loopback interface: lo (lo, 0:0:0:0:0:0:0:1%lo)
[16Apr2026 02:26:48.610] [Server thread/DEBUG] [io.netty.util.NetUtil/]: /proc/sys/net/core/somaxconn: 4096
[16Apr2026 02:26:48.615] [Server thread/INFO] [net.minecraft.server.network.ServerConnectionListener/]: Using epoll channel type
[16Apr2026 02:26:48.640] [Server thread/DEBUG] [io.netty.channel.MultithreadEventLoopGroup/]: -Dio.netty.eventLoopThreads: 8
[16Apr2026 02:26:48.660] [Server thread/DEBUG] [io.netty.util.internal.PlatformDependent/]: org.jctools-core.MpscChunkedArrayQueue: available
[16Apr2026 02:26:48.668] [Server thread/DEBUG] [io.netty.channel.DefaultChannelId/]: -Dio.netty.processId: 33850 (auto-detected)
[16Apr2026 02:26:48.669] [Server thread/DEBUG] [io.netty.channel.DefaultChannelId/]: -Dio.netty.machineId: 7c:1e:52:ff:fe:dd:7d:23 (auto-detected)
[16Apr2026 02:26:48.694] [Server thread/DEBUG] [io.netty.buffer.PooledByteBufAllocator/]: -Dio.netty.allocator.numHeapArenas: 8
[16Apr2026 02:26:48.694] [Server thread/DEBUG] [io.netty.buffer.PooledByteBufAllocator/]: -Dio.netty.allocator.numDirectArenas: 8
[16Apr2026 02:26:48.694] [Server thread/DEBUG] [io.netty.buffer.PooledByteBufAllocator/]: -Dio.netty.allocator.pageSize: 8192
[16Apr2026 02:26:48.694] [Server thread/DEBUG] [io.netty.buffer.PooledByteBufAllocator/]: -Dio.netty.allocator.maxOrder: 9
[16Apr2026 02:26:48.694] [Server thread/DEBUG] [io.netty.buffer.PooledByteBufAllocator/]: -Dio.netty.allocator.chunkSize: 4194304
[16Apr2026 02:26:48.695] [Server thread/DEBUG] [io.netty.buffer.PooledByteBufAllocator/]: -Dio.netty.allocator.smallCacheSize: 256
[16Apr2026 02:26:48.695] [Server thread/DEBUG] [io.netty.buffer.PooledByteBufAllocator/]: -Dio.netty.allocator.normalCacheSize: 64
[16Apr2026 02:26:48.695] [Server thread/DEBUG] [io.netty.buffer.PooledByteBufAllocator/]: -Dio.netty.allocator.maxCachedBufferCapacity: 32768
[16Apr2026 02:26:48.695] [Server thread/DEBUG] [io.netty.buffer.PooledByteBufAllocator/]: -Dio.netty.allocator.cacheTrimInterval: 8192
[16Apr2026 02:26:48.695] [Server thread/DEBUG] [io.netty.buffer.PooledByteBufAllocator/]: -Dio.netty.allocator.cacheTrimIntervalMillis: 0
[16Apr2026 02:26:48.695] [Server thread/DEBUG] [io.netty.buffer.PooledByteBufAllocator/]: -Dio.netty.allocator.useCacheForAllThreads: false
[16Apr2026 02:26:48.695] [Server thread/DEBUG] [io.netty.buffer.PooledByteBufAllocator/]: -Dio.netty.allocator.maxCachedByteBuffersPerChunk: 1023
[16Apr2026 02:26:48.709] [Server thread/DEBUG] [io.netty.buffer.ByteBufUtil/]: -Dio.netty.allocator.type: pooled
[16Apr2026 02:26:48.709] [Server thread/DEBUG] [io.netty.buffer.ByteBufUtil/]: -Dio.netty.threadLocalDirectBufferSize: 0
[16Apr2026 02:26:48.709] [Server thread/DEBUG] [io.netty.buffer.ByteBufUtil/]: -Dio.netty.maxThreadLocalCharBufferSize: 16384
[16Apr2026 02:26:48.730] [Server thread/WARN] [net.minecraft.server.dedicated.DedicatedServer/]: **** SERVER IS RUNNING IN OFFLINE/INSECURE MODE!
[16Apr2026 02:26:48.731] [Server thread/WARN] [net.minecraft.server.dedicated.DedicatedServer/]: The server will make no attempt to authenticate usernames. Beware.
[16Apr2026 02:26:48.732] [Server thread/WARN] [net.minecraft.server.dedicated.DedicatedServer/]: While this makes the game possible to play without internet access, it also opens up the ability for hackers to connect with any username they choose.
[16Apr2026 02:26:48.732] [Server thread/WARN] [net.minecraft.server.dedicated.DedicatedServer/]: To change this, set "online-mode" to "true" in the server.properties file.
[16Apr2026 02:26:48.780] [Server thread/DEBUG] [net.minecraftforge.fml.config.ConfigTracker/CONFIG]: Loading configs type SERVER
[16Apr2026 02:26:48.780] [Server thread/DEBUG] [net.minecraftforge.fml.config.ConfigFileTypeHandler/CONFIG]: Built TOML config for ./world/serverconfig/siegeweapons-server.toml
[16Apr2026 02:26:48.781] [Server thread/DEBUG] [net.minecraftforge.fml.config.ConfigFileTypeHandler/CONFIG]: Loaded TOML config file ./world/serverconfig/siegeweapons-server.toml
[16Apr2026 02:26:48.782] [Server thread/DEBUG] [net.minecraftforge.fml.config.ConfigFileTypeHandler/CONFIG]: Watching TOML config file ./world/serverconfig/siegeweapons-server.toml for changes
[16Apr2026 02:26:48.782] [Thread-2/DEBUG] [net.minecraftforge.fml.config.ConfigFileTypeHandler/CONFIG]: Config file siegeweapons-server.toml changed, sending notifies
[16Apr2026 02:26:48.782] [Thread-2/DEBUG] [net.minecraftforge.fml.config.ConfigFileTypeHandler/CONFIG]: Config file siegeweapons-server.toml changed, sending notifies
[16Apr2026 02:26:48.782] [Server thread/DEBUG] [net.minecraftforge.fml.config.ConfigFileTypeHandler/CONFIG]: Built TOML config for ./world/serverconfig/travelersbackpack-server.toml
[16Apr2026 02:26:48.784] [Server thread/DEBUG] [net.minecraftforge.fml.config.ConfigFileTypeHandler/CONFIG]: Loaded TOML config file ./world/serverconfig/travelersbackpack-server.toml
[16Apr2026 02:26:48.784] [Server thread/DEBUG] [net.minecraftforge.fml.config.ConfigFileTypeHandler/CONFIG]: Watching TOML config file ./world/serverconfig/travelersbackpack-server.toml for changes
[16Apr2026 02:26:48.792] [Thread-2/DEBUG] [net.minecraftforge.fml.config.ConfigFileTypeHandler/CONFIG]: Config file travelersbackpack-server.toml changed, sending notifies
[16Apr2026 02:26:48.792] [Server thread/DEBUG] [net.minecraftforge.fml.config.ConfigFileTypeHandler/CONFIG]: Built TOML config for ./world/serverconfig/aether-server.toml
[16Apr2026 02:26:48.793] [Server thread/DEBUG] [net.minecraftforge.fml.config.ConfigFileTypeHandler/CONFIG]: Loaded TOML config file ./world/serverconfig/aether-server.toml
[16Apr2026 02:26:48.793] [Server thread/DEBUG] [net.minecraftforge.fml.config.ConfigFileTypeHandler/CONFIG]: Watching TOML config file ./world/serverconfig/aether-server.toml for changes
[16Apr2026 02:26:48.795] [Server thread/DEBUG] [net.minecraftforge.fml.config.ConfigFileTypeHandler/CONFIG]: Built TOML config for ./world/serverconfig/forge-server.toml
[16Apr2026 02:26:48.795] [Thread-2/DEBUG] [net.minecraftforge.fml.config.ConfigFileTypeHandler/CONFIG]: Config file travelersbackpack-server.toml changed, sending notifies
[16Apr2026 02:26:48.795] [Server thread/DEBUG] [net.minecraftforge.fml.config.ConfigFileTypeHandler/CONFIG]: Loaded TOML config file ./world/serverconfig/forge-server.toml
[16Apr2026 02:26:48.795] [Server thread/DEBUG] [net.minecraftforge.fml.config.ConfigFileTypeHandler/CONFIG]: Watching TOML config file ./world/serverconfig/forge-server.toml for changes
[16Apr2026 02:26:48.796] [Server thread/DEBUG] [net.minecraftforge.common.ForgeConfig/FORGEMOD]: Loaded forge config file forge-server.toml
[16Apr2026 02:26:48.796] [Server thread/DEBUG] [net.minecraftforge.fml.config.ConfigFileTypeHandler/CONFIG]: Built TOML config for ./world/serverconfig/curios-server.toml
[16Apr2026 02:26:48.796] [Thread-2/DEBUG] [net.minecraftforge.fml.config.ConfigFileTypeHandler/CONFIG]: Config file forge-server.toml changed, sending notifies
[16Apr2026 02:26:48.797] [Server thread/DEBUG] [net.minecraftforge.fml.config.ConfigFileTypeHandler/CONFIG]: Loaded TOML config file ./world/serverconfig/curios-server.toml
[16Apr2026 02:26:48.797] [Thread-2/DEBUG] [net.minecraftforge.common.ForgeConfig/FORGEMOD]: Forge config just got changed on the file system!
[16Apr2026 02:26:48.797] [Server thread/DEBUG] [net.minecraftforge.fml.config.ConfigFileTypeHandler/CONFIG]: Watching TOML config file ./world/serverconfig/curios-server.toml for changes
[16Apr2026 02:26:48.800] [Server thread/DEBUG] [fuzs.puzzleslib.impl.config.core.ForgeConfigFileTypeHandler/CONFIG]: Built TOML config for /workspaces/papas-con-mayo/servidor_minecraft/config/enchantinginfuser-server.toml
[16Apr2026 02:26:48.800] [Server thread/DEBUG] [fuzs.puzzleslib.impl.config.core.ForgeConfigFileTypeHandler/CONFIG]: Loaded TOML config file /workspaces/papas-con-mayo/servidor_minecraft/config/enchantinginfuser-server.toml
[16Apr2026 02:26:48.802] [Server thread/DEBUG] [fuzs.puzzleslib.impl.config.core.ForgeConfigFileTypeHandler/CONFIG]: Watching TOML config file /workspaces/papas-con-mayo/servidor_minecraft/config/enchantinginfuser-server.toml for changes
[16Apr2026 02:26:48.808] [Server thread/INFO] [Enchanting Infuser API/]: Set new EnchantStatsProvider for mod apotheosis
[16Apr2026 02:26:48.808] [Server thread/INFO] [Puzzles Lib/]: Loading server config for enchantinginfuser
[16Apr2026 02:26:48.809] [Thread-2/DEBUG] [fuzs.puzzleslib.impl.config.core.ForgeConfigFileTypeHandler/CONFIG]: Config file enchantinginfuser-server.toml changed, sending notifies
[16Apr2026 02:26:48.810] [Thread-2/INFO] [Puzzles Lib/]: Reloading server config for enchantinginfuser
[16Apr2026 02:26:48.812] [Server thread/DEBUG] [mixin/]: Mixing accessor.BiomeSpecialEffectsBuilderForgeAccessor from puzzleslib.forge.mixins.json into net.minecraft.world.level.biome.BiomeSpecialEffects$Builder
[16Apr2026 02:26:49.246] [Server thread/INFO] [spark/]: Starting background profiler...
[16Apr2026 02:26:50.461] [Server thread/DEBUG] [platform/]: Found existing server config directory directory : ./world/serverconfig
[16Apr2026 02:26:50.461] [Server thread/DEBUG] [com.blackgear.platform.core.util.config.ConfigTracker/]: Loading configs type SERVER
[16Apr2026 02:26:50.461] [Server thread/DEBUG] [platform/]: Found existing server config directory directory : ./world/serverconfig
[16Apr2026 02:26:50.461] [Server thread/DEBUG] [com.blackgear.platform.core.util.config.ConfigTracker/]: Loading configs type SERVER
[16Apr2026 02:26:50.475] [Server thread/INFO] [terrablender/]: Initialized TerraBlender biomes for level stem minecraft:the_nether
[16Apr2026 02:26:50.960] [Server thread/INFO] [terrablender/]: Initialized TerraBlender biomes for level stem minecraft:overworld
[16Apr2026 02:26:50.961] [Server thread/INFO] [net.minecraft.server.dedicated.DedicatedServer/]: Preparing level "world"
[16Apr2026 02:26:50.976] [Server thread/DEBUG] [net.minecraftforge.coremod.transformer.CoreModBaseTransformer/COREMOD]: Transforming net/minecraft/world/level/levelgen/PhantomSpawner
[16Apr2026 02:26:50.982] [Server thread/DEBUG] [net.minecraftforge.coremod.transformer.CoreModBaseTransformer/COREMOD]: Transforming net/minecraft/world/level/levelgen/PatrolSpawner
[16Apr2026 02:26:50.985] [Server thread/DEBUG] [net.minecraftforge.coremod.transformer.CoreModBaseTransformer/COREMOD]: Transforming net/minecraft/world/entity/npc/CatSpawner
[16Apr2026 02:26:50.988] [Server thread/DEBUG] [net.minecraftforge.coremod.transformer.CoreModBaseTransformer/COREMOD]: Transforming net/minecraft/world/entity/ai/village/VillageSiege
[16Apr2026 02:26:50.996] [Server thread/DEBUG] [mixin/]: Mixing WandererSpawnerMixin from apotheosis.mixins.json into net.minecraft.world.entity.npc.WanderingTraderSpawner
[16Apr2026 02:26:50.997] [Server thread/DEBUG] [mixin/]: Mixing RedMerchantSpawnerMixin from supplementaries-common.mixins.json into net.minecraft.world.entity.npc.WanderingTraderSpawner
[16Apr2026 02:26:50.997] [Server thread/DEBUG] [mixin/]: Renaming synthetic method lambda$spawn$1(Lnet/minecraft/core/BlockPos;)Z to md26f194$lambda$spawn$1$0 in supplementaries-common.mixins.json:RedMerchantSpawnerMixin
[16Apr2026 02:26:50.997] [Server thread/DEBUG] [mixin/]: Renaming synthetic method lambda$spawn$0(Lnet/minecraft/core/Holder;)Z to md26f194$lambda$spawn$0$1 in supplementaries-common.mixins.json:RedMerchantSpawnerMixin
[16Apr2026 02:26:51.010] [Server thread/DEBUG] [mixin/]: Mixing ServerChunkManagerMixin from immersive_melodies.mixin.json into net.minecraft.server.level.ServerChunkCache
[16Apr2026 02:26:51.060] [Server thread/DEBUG] [mixin/]: Mixing common.ChunkMapMixin from lithostitched.mixins.json into net.minecraft.server.level.ChunkMap
[16Apr2026 02:26:51.061] [Server thread/DEBUG] [mixin/]: Renaming synthetic method lambda$wrapNoiseRouter$0(Lnet/minecraft/server/level/ServerLevel;Ldev/worldgen/lithostitched/worldgen/modifier/Modifier;)Z to md26f194$lambda$wrapNoiseRouter$0$0 in lithostitched.mixins.json:common.ChunkMapMixin
[16Apr2026 02:26:51.063] [Server thread/DEBUG] [mixin/]: Mixing ChunkMapAccessor from skinrestorer.mixins.json into net.minecraft.server.level.ChunkMap
[16Apr2026 02:26:51.093] [Server thread/DEBUG] [mixin/]: Mixing common.RandomStateAccessor from lithostitched.mixins.json into net.minecraft.world.level.levelgen.RandomState
[16Apr2026 02:26:51.373] [Server thread/DEBUG] [mixin/]: Mixing accessor.ChunkGeneratorStructureStateAccessor from betterdeserttemples.mixins.json into net.minecraft.world.level.chunk.ChunkGeneratorStructureState
[16Apr2026 02:26:51.374] [Server thread/DEBUG] [mixin/]: Mixing accessor.ChunkGeneratorStructureStateAccessor from betterjungletemples.mixins.json into net.minecraft.world.level.chunk.ChunkGeneratorStructureState
[16Apr2026 02:26:51.374] [Server thread/DEBUG] [mixin/]: Unexpected: Registered method getBiomeSource()Lnet/minecraft/world/level/biome/BiomeSource; in net.minecraft.world.level.chunk.ChunkGeneratorStructureState was not merged
[16Apr2026 02:26:51.443] [Server thread/DEBUG] [mixin/]: Mixing accessor.StructureManagerAccessor from betteroceanmonuments.mixins.json into net.minecraft.world.level.StructureManager
[16Apr2026 02:26:51.443] [Server thread/DEBUG] [mixin/]: Mixing accessor.StructureManagerAccessor from cataclysm.mixins.json into net.minecraft.world.level.StructureManager
[16Apr2026 02:26:51.443] [Server thread/DEBUG] [mixin/]: Mixing accessor.StructureManagerAccessor from betterjungletemples.mixins.json into net.minecraft.world.level.StructureManager
[16Apr2026 02:26:51.444] [Server thread/DEBUG] [mixin/]: Unexpected: Registered method getLevel()Lnet/minecraft/world/level/LevelAccessor; in net.minecraft.world.level.StructureManager was not merged
[16Apr2026 02:26:51.444] [Server thread/DEBUG] [mixin/]: Unexpected: Registered method getLevel()Lnet/minecraft/world/level/LevelAccessor; in net.minecraft.world.level.StructureManager was not merged
[16Apr2026 02:26:57.277] [Server thread/INFO] [Ksyxis/MinecraftServerMixin/MOD_KSYXIS]: Ksyxis: Hey. This is Ksyxis. We will now load the world and will try to do it quickly. If the game is not responding after this, it's probably us to blame or delete for good. This message appears always, even if the mod works flawlessly. (injector: modern, ci: CallbackInfo[TYPE=CallbackInfo,NAME=m_129940_,CANCELLABLE=false], server: net.minecraft.server.dedicated.DedicatedServer@5bf0f51c)
[16Apr2026 02:26:57.278] [Server thread/INFO] [net.minecraft.server.MinecraftServer/]: Preparing start region for dimension minecraft:overworld
[16Apr2026 02:26:57.280] [Server thread/DEBUG] [Ksyxis/MinecraftServerMixin/MOD_KSYXIS]: Ksyxis: Adding zero-level ticket in MinecraftServerMixin. (previousTicketLevel: 11, expectedPreviousTicketLevel: 11, server: net.minecraft.server.dedicated.DedicatedServer@5bf0f51c)
[16Apr2026 02:26:57.282] [Server thread/DEBUG] [Ksyxis/MinecraftServerMixin/MOD_KSYXIS]: Ksyxis: Reporting fake loaded chunks in MinecraftServerMixin. (fakeLoaded: 0, expectedFakeLoaded: 0 or 441, reallyLoaded: 441, expectedReallyLoaded: 441, server: net.minecraft.server.dedicated.DedicatedServer@5bf0f51c)
[16Apr2026 02:26:57.398] [Server thread/DEBUG] [mixin/]: Mixing common.level.ChunkSerializerMixin from vanillabackport.mixins.json into net.minecraft.world.level.chunk.storage.ChunkSerializer
[16Apr2026 02:26:57.399] [Server thread/DEBUG] [mixin/]: Mixing MixinChunkSerializer from architectury.mixins.json into net.minecraft.world.level.chunk.storage.ChunkSerializer
[16Apr2026 02:26:57.504] [Server thread/INFO] [net.minecraft.server.level.progress.LoggerChunkProgressListener/]: Time elapsed: 226 ms
[16Apr2026 02:26:57.505] [Server thread/INFO] [net.minecraft.server.dedicated.DedicatedServer/]: Done (8.726s)! For help, type "help"
[16Apr2026 02:26:57.530] [Server thread/DEBUG] [net.minecraftforge.network.DualStackUtils/]: Detected IPv6 address: "0:0:0:0:0:0:0:0"
[16Apr2026 02:26:57.649] [Server thread/DEBUG] [net.minecraftforge.common.ForgeI18n/CORE]: Loading I18N data entries: 11833
[16Apr2026 02:26:57.653] [Server thread/INFO] [net.minecraftforge.server.permission.PermissionAPI/]: Successfully initialized permission handler forge:default_handler
[16Apr2026 02:26:57.809] [Server thread/WARN] [net.minecraft.network.syncher.SynchedEntityData/]: defineId called for: class net.minecraft.world.entity.player.Player from class tschipp.carryon.common.carry.CarryOnDataManager
[16Apr2026 02:26:57.850] [Server thread/DEBUG] [mixin/]: Mixing FoodDataMixin from cataclysm.mixins.json into net.minecraft.world.food.FoodData
[16Apr2026 02:26:57.856] [Server thread/DEBUG] [mixin/]: Mixing AbilitiesMixin from attributeslib.mixins.json into net.minecraft.world.entity.player.Abilities
[16Apr2026 02:26:58.005] [Server thread/DEBUG] [io.netty.buffer.AbstractByteBuf/]: -Dio.netty.buffer.checkAccessible: true
[16Apr2026 02:26:58.006] [Server thread/DEBUG] [io.netty.buffer.AbstractByteBuf/]: -Dio.netty.buffer.checkBounds: true
[16Apr2026 02:26:58.007] [Server thread/DEBUG] [io.netty.util.ResourceLeakDetectorFactory/]: Loaded default ResourceLeakDetector: io.netty.util.ResourceLeakDetector@615dbffa
[16Apr2026 02:26:58.240] [Server thread/DEBUG] [net.minecraftforge.coremod.transformer.CoreModBaseTransformer/COREMOD]: Transforming net/minecraft/world/level/NaturalSpawner
[16Apr2026 02:26:58.281] [Server thread/DEBUG] [mixin/]: Mixing item.wearable.NaturalSpawnerMixin from mixins.artifacts.common.json into net.minecraft.world.level.NaturalSpawner
[16Apr2026 02:26:58.281] [Server thread/DEBUG] [mixin/]: Renaming synthetic method lambda$spawnCategoryForPosition$0(Lnet/minecraft/world/entity/Mob;Lnet/minecraft/world/item/ItemStack;)V to md26f194$lambda$spawnCategoryForPosition$0$0 in mixins.artifacts.common.json:item.wearable.NaturalSpawnerMixin
[16Apr2026 02:26:58.821] [Server thread/DEBUG] [mixin/]: Mixing accessor.BoundingBoxAccessor from yungsapi.mixins.json into net.minecraft.world.level.levelgen.structure.BoundingBox
[16Apr2026 02:26:58.822] [Server thread/DEBUG] [mixin/]: Mixing accessor.BoundingBoxAccessor from betterdeserttemples.mixins.json into net.minecraft.world.level.levelgen.structure.BoundingBox
[16Apr2026 02:26:58.822] [Server thread/DEBUG] [mixin/]: Mixing accessor.BoundingBoxAccessor from cataclysm.mixins.json into net.minecraft.world.level.levelgen.structure.BoundingBox
[16Apr2026 02:26:58.822] [Server thread/DEBUG] [mixin/]: Mixing BoundingBoxAccessor from bettermineshafts.mixins.json into net.minecraft.world.level.levelgen.structure.BoundingBox
[16Apr2026 02:26:58.823] [Server thread/DEBUG] [mixin/]: Unexpected: Registered method setMaxY(I)V in net.minecraft.world.level.levelgen.structure.BoundingBox was not merged
[16Apr2026 02:26:58.823] [Server thread/DEBUG] [mixin/]: Unexpected: Registered method setMinZ(I)V in net.minecraft.world.level.levelgen.structure.BoundingBox was not merged
[16Apr2026 02:26:58.823] [Server thread/DEBUG] [mixin/]: Unexpected: Registered method setMaxZ(I)V in net.minecraft.world.level.levelgen.structure.BoundingBox was not merged
[16Apr2026 02:26:58.824] [Server thread/DEBUG] [mixin/]: Unexpected: Registered method setMinX(I)V in net.minecraft.world.level.levelgen.structure.BoundingBox was not merged
[16Apr2026 02:26:58.824] [Server thread/DEBUG] [mixin/]: Unexpected: Registered method setMinY(I)V in net.minecraft.world.level.levelgen.structure.BoundingBox was not merged
[16Apr2026 02:26:58.824] [Server thread/DEBUG] [mixin/]: Unexpected: Registered method setMinZ(I)V in net.minecraft.world.level.levelgen.structure.BoundingBox was not merged
[16Apr2026 02:26:58.824] [Server thread/DEBUG] [mixin/]: Unexpected: Registered method setMaxY(I)V in net.minecraft.world.level.levelgen.structure.BoundingBox was not merged
[16Apr2026 02:26:58.824] [Server thread/DEBUG] [mixin/]: Unexpected: Registered method setMinX(I)V in net.minecraft.world.level.levelgen.structure.BoundingBox was not merged
[16Apr2026 02:26:58.824] [Server thread/DEBUG] [mixin/]: Unexpected: Registered method setMaxX(I)V in net.minecraft.world.level.levelgen.structure.BoundingBox was not merged
[16Apr2026 02:26:58.824] [Server thread/DEBUG] [mixin/]: Unexpected: Registered method setMinX(I)V in net.minecraft.world.level.levelgen.structure.BoundingBox was not merged
[16Apr2026 02:26:58.824] [Server thread/DEBUG] [mixin/]: Unexpected: Registered method setMaxZ(I)V in net.minecraft.world.level.levelgen.structure.BoundingBox was not merged
[16Apr2026 02:26:58.824] [Server thread/DEBUG] [mixin/]: Unexpected: Registered method setMaxX(I)V in net.minecraft.world.level.levelgen.structure.BoundingBox was not merged
[16Apr2026 02:26:58.824] [Server thread/DEBUG] [mixin/]: Unexpected: Registered method setMaxX(I)V in net.minecraft.world.level.levelgen.structure.BoundingBox was not merged
[16Apr2026 02:26:58.824] [Server thread/DEBUG] [mixin/]: Unexpected: Registered method setMinY(I)V in net.minecraft.world.level.levelgen.structure.BoundingBox was not merged
[16Apr2026 02:26:58.824] [Server thread/DEBUG] [mixin/]: Unexpected: Registered method setMaxZ(I)V in net.minecraft.world.level.levelgen.structure.BoundingBox was not merged
[16Apr2026 02:26:58.824] [Server thread/DEBUG] [mixin/]: Unexpected: Registered method setMinY(I)V in net.minecraft.world.level.levelgen.structure.BoundingBox was not merged
[16Apr2026 02:26:58.824] [Server thread/DEBUG] [mixin/]: Unexpected: Registered method setMaxY(I)V in net.minecraft.world.level.levelgen.structure.BoundingBox was not merged
[16Apr2026 02:26:58.824] [Server thread/DEBUG] [mixin/]: Unexpected: Registered method setMinZ(I)V in net.minecraft.world.level.levelgen.structure.BoundingBox was not merged
[16Apr2026 02:26:58.832] [Server thread/DEBUG] [net.minecraftforge.coremod.transformer.CoreModBaseTransformer/COREMOD]: Transforming net/minecraft/world/level/levelgen/structure/templatesystem/StructureTemplate
[16Apr2026 02:26:58.878] [Server thread/DEBUG] [mixin/]: Mixing common.StructureTemplateMixin from lithostitched.mixins.json into net.minecraft.world.level.levelgen.structure.templatesystem.StructureTemplate
[16Apr2026 02:26:58.879] [Server thread/DEBUG] [mixin/]: Mixing StructureTemplateMixin from betterdeserttemples.mixins.json into net.minecraft.world.level.levelgen.structure.templatesystem.StructureTemplate
[16Apr2026 02:26:58.879] [Server thread/DEBUG] [mixin/]: Renaming synthetic method lambda$betterdeserttemples_preventAutoWaterlogging$0(Lnet/minecraft/world/level/levelgen/structure/templatesystem/StructureProcessor;)Z to md26f194$lambda$betterdeserttemples_preventAutoWaterlogging$0$0 in betterdeserttemples.mixins.json:StructureTemplateMixin
[16Apr2026 02:26:58.880] [Server thread/DEBUG] [mixin/]: Mixing StructureTemplateMixin from cataclysm.mixins.json into net.minecraft.world.level.levelgen.structure.templatesystem.StructureTemplate
[16Apr2026 02:26:58.880] [Server thread/DEBUG] [mixin/]: Renaming synthetic method lambda$repurposedstructures_preventAutoWaterlogging$0(Lnet/minecraft/world/level/levelgen/structure/templatesystem/StructureProcessor;)Z to md26f194$lambda$repurposedstructures_preventAutoWaterlogging$0$1 in cataclysm.mixins.json:StructureTemplateMixin
[16Apr2026 02:26:58.881] [Server thread/DEBUG] [mixin/]: Mixing MixinStructureTemplate from lootr.mixins.json into net.minecraft.world.level.levelgen.structure.templatesystem.StructureTemplate
[16Apr2026 02:26:58.881] [Server thread/DEBUG] [mixin/]: Mixing structures.StructureTemplateMixin from moogs_structures-common.mixins.json into net.minecraft.world.level.levelgen.structure.templatesystem.StructureTemplate
[16Apr2026 02:26:58.881] [Server thread/DEBUG] [mixin/]: Renaming synthetic method lambda$moogs_structures_preventAutoWaterlogging$0(Lnet/minecraft/world/level/levelgen/structure/templatesystem/StructureProcessor;)Z to md26f194$lambda$moogs_structures_preventAutoWaterlogging$0$2 in moogs_structures-common.mixins.json:structures.StructureTemplateMixin
[16Apr2026 02:26:58.882] [Server thread/DEBUG] [mixin/]: Mixing structures.TemplateAccessor from moogs_structures-common.mixins.json into net.minecraft.world.level.levelgen.structure.templatesystem.StructureTemplate
[16Apr2026 02:26:58.882] [Server thread/DEBUG] [mixin/]: Mixing StructureTemplateMixin from betterjungletemples.mixins.json into net.minecraft.world.level.levelgen.structure.templatesystem.StructureTemplate
[16Apr2026 02:26:58.882] [Server thread/DEBUG] [mixin/]: Renaming synthetic method lambda$betterjungletemples_preventAutoWaterlogging$0(Lnet/minecraft/world/level/levelgen/structure/templatesystem/StructureProcessor;)Z to md26f194$lambda$betterjungletemples_preventAutoWaterlogging$0$3 in betterjungletemples.mixins.json:StructureTemplateMixin
[16Apr2026 02:27:05.288] [Server thread/DEBUG] [mixin/]: Mixing TrackedEntityAccessorInvoker from skinrestorer.mixins.json into net.minecraft.server.level.ChunkMap$TrackedEntity
[16Apr2026 02:27:05.289] [Server thread/DEBUG] [mixin/]: Mixing common.entities.ServerEntityMixin from vanillabackport.mixins.json into net.minecraft.server.level.ServerEntity
[16Apr2026 02:27:05.289] [Server thread/DEBUG] [mixin/]: Renaming synthetic method lambda$onSendChanges$0(Lnet/minecraft/world/entity/Entity;)V to md26f194$lambda$onSendChanges$0$0 in vanillabackport.mixins.json:common.entities.ServerEntityMixin
[16Apr2026 02:29:34.887] [Netty Epoll Server IO #1/DEBUG] [mixin/]: Mixing MapItemDataPacketMixin from moonlight-common.mixins.json into net.minecraft.network.protocol.game.ClientboundMapItemDataPacket
[16Apr2026 02:29:34.887] [Netty Epoll Server IO #1/DEBUG] [mixin/]: Renaming synthetic method lambda$moonlight$sendCustomDecorations$1(I)[Lnet/mehvahdjukaar/moonlight/api/map/CustomMapDecoration; to md26f194$lambda$moonlight$sendCustomDecorations$1$0 in moonlight-common.mixins.json:MapItemDataPacketMixin
[16Apr2026 02:29:34.888] [Netty Epoll Server IO #1/DEBUG] [mixin/]: Renaming synthetic method lambda$moonlight$sendCustomDecorations$0(Lnet/minecraft/network/FriendlyByteBuf;Lnet/mehvahdjukaar/moonlight/api/map/CustomMapDecoration;)Lnet/mehvahdjukaar/moonlight/api/map/CustomMapDecoration; to md26f194$lambda$moonlight$sendCustomDecorations$0$1 in moonlight-common.mixins.json:MapItemDataPacketMixin
[16Apr2026 02:29:34.984] [Netty Epoll Server IO #1/DEBUG] [io.netty.util.Recycler/]: -Dio.netty.recycler.maxCapacityPerThread: 4096
[16Apr2026 02:29:34.984] [Netty Epoll Server IO #1/DEBUG] [io.netty.util.Recycler/]: -Dio.netty.recycler.ratio: 8
[16Apr2026 02:29:34.984] [Netty Epoll Server IO #1/DEBUG] [io.netty.util.Recycler/]: -Dio.netty.recycler.chunkSize: 32
[16Apr2026 02:29:34.984] [Netty Epoll Server IO #1/DEBUG] [io.netty.util.Recycler/]: -Dio.netty.recycler.blocking: false
[16Apr2026 02:29:36.667] [Netty Epoll Server IO #2/DEBUG] [net.minecraftforge.network.HandshakeHandler/FMLHANDSHAKE]: Starting new modded impl connection. Found 29 messages to dispatch.
[16Apr2026 02:29:36.668] [Netty Epoll Server IO #2/DEBUG] [mixin/]: Mixing ServerLoginPacketListenerImplMixin from skinrestorer.mixins.json into net.minecraft.server.network.ServerLoginPacketListenerImpl
[16Apr2026 02:29:36.669] [Netty Epoll Server IO #2/DEBUG] [mixin/]: Renaming synthetic method lambda$skinrestorer$fetchSkin$2(Lnet/lionarius/skinrestorer/skin/provider/SkinProviderContext;)Lnet/lionarius/skinrestorer/util/Result; to md26f194$lambda$skinrestorer$fetchSkin$2$0 in skinrestorer.mixins.json:ServerLoginPacketListenerImplMixin
[16Apr2026 02:29:36.669] [Netty Epoll Server IO #2/DEBUG] [mixin/]: Renaming synthetic method lambda$skinrestorer$fetchSkin$1(Lnet/lionarius/skinrestorer/skin/provider/SkinProviderContext;Lnet/lionarius/skinrestorer/skin/provider/SkinProvider;)Lnet/lionarius/skinrestorer/util/Result; to md26f194$lambda$skinrestorer$fetchSkin$1$1 in skinrestorer.mixins.json:ServerLoginPacketListenerImplMixin
[16Apr2026 02:29:36.669] [Netty Epoll Server IO #2/DEBUG] [mixin/]: Renaming synthetic method lambda$waitForSkin$0()Ljava/lang/Void; to md26f194$lambda$waitForSkin$0$2 in skinrestorer.mixins.json:ServerLoginPacketListenerImplMixin
[16Apr2026 02:29:36.776] [Server thread/DEBUG] [net.minecraftforge.network.HandshakeHandler/FMLHANDSHAKE]: Sending ticking packet info 'net.minecraftforge.network.HandshakeMessages$S2CModData' to 'fml:handshake' sequence 0
[16Apr2026 02:29:36.826] [Server thread/DEBUG] [net.minecraftforge.network.HandshakeHandler/FMLHANDSHAKE]: Sending ticking packet info 'net.minecraftforge.network.HandshakeMessages$S2CModList' to 'fml:handshake' sequence 1
[16Apr2026 02:29:36.876] [Server thread/DEBUG] [net.minecraftforge.network.HandshakeHandler/FMLHANDSHAKE]: Sending ticking packet info 'Registry minecraft:command_argument_type' to 'fml:handshake' sequence 2
[16Apr2026 02:29:36.927] [Server thread/DEBUG] [net.minecraftforge.network.HandshakeHandler/FMLHANDSHAKE]: Sending ticking packet info 'Registry minecraft:recipe_serializer' to 'fml:handshake' sequence 3
[16Apr2026 02:29:36.976] [Server thread/DEBUG] [net.minecraftforge.network.HandshakeHandler/FMLHANDSHAKE]: Sending ticking packet info 'Registry aether:moa_type' to 'fml:handshake' sequence 4
[16Apr2026 02:29:37.026] [Server thread/DEBUG] [net.minecraftforge.network.HandshakeHandler/FMLHANDSHAKE]: Sending ticking packet info 'Registry minecraft:sound_event' to 'fml:handshake' sequence 5
[16Apr2026 02:29:37.076] [Server thread/DEBUG] [net.minecraftforge.network.HandshakeHandler/FMLHANDSHAKE]: Sending ticking packet info 'Registry minecraft:particle_type' to 'fml:handshake' sequence 6
[16Apr2026 02:29:37.117] [Netty Epoll Server IO #2/DEBUG] [net.minecraftforge.network.LoginWrapper/FMLHANDSHAKE]: Recieved login wrapper packet event for channel fml:handshake with index 1
[16Apr2026 02:29:37.120] [Netty Epoll Server IO #2/DEBUG] [net.minecraftforge.network.HandshakeHandler/FMLHANDSHAKE]: Received client indexed reply 1 of type net.minecraftforge.network.HandshakeMessages$C2SModListReply
[16Apr2026 02:29:37.120] [Netty Epoll Server IO #2/DEBUG] [net.minecraftforge.network.HandshakeHandler/FMLHANDSHAKE]: Received client connection with modlist [kuma_api, fabric_renderer_api_v1, geckolib, fabric_item_api_v1, aether, fabric_rendering_fluids_v1, fabric_models_v0, mcwwindows, fabric_convention_tags_v1, xaeroworldmap, placebo, citadel, alexsmobs, fabric_command_api_v1, fabric_block_view_api_v2, fabric_command_api_v2, yungsapi, mcwstairs, fabric_data_attachment_api_v1, guardvillagers, relics, apotheosis, mcwdoors, balm, fabric_screen_api_v1, immersive_armors, carryon, cloth_config, fabric_api, fabric_content_registries_v0, supplementaries, embeddium, rubidium, mcwbridges, farmersdelight, fabric_game_rule_api_v1, fabric_api_lookup_api_v1, mcwfences, vanillabackport, resourcefulconfig, lionfishapi, spark, mysticaloaktree, cataclysm, curios, advancednetherite, attributeslib, fabric_entity_events_v1, resourcefullib, cumulus_menus, mcwroofs, inventoryprofilesnext, architectury, fabric_loot_api_v2, transition, fabric_rendering_data_attachment_v1, nitrogen_internals, fabric_networking_api_v1, smallships, enchantinginfuser, fabric_lifecycle_events_v1, renderscale, fabric_key_binding_api_v1, fabric_client_tags_api_v1, fabric_dimensions_v1, fabric_transfer_api_v1, octolib, fabric_model_loading_api_v1, jei, xaerolib, fabric_screen_handler_api_v1, fabric_resource_loader_v0, siegeweapons, trender, fabric_rendering_v1, waystones, fabric_renderer_indigo, fabric_mining_level_api_v1, travelersbackpack, artifacts, glitchcore, fabric_particles_v1, puzzlesaccessapi, forge, fabric_transitive_access_wideners_v1, minecraft, hiccups_legacy, libipn, terrablender, biomesoplenty, moonlight, endermanoverhaul, fabric_api_base, fabric_blockrenderlayer_v1, mixinsquared, jade, another_furniture, platform, fabric_block_api_v1, fabric_resource_conditions_api_v1, ksyxis, kotlinforforge, xaerominimap, fabric_item_group_api_v1, immersive_paintings, entityculling, fabric_biome_api_v1, fabric_registry_sync_v0, immediatelyfast, coroutil, creeperoverhaul, appleskin, fabric_recipe_api_v1, lootr, ferritecore, fabric_object_builder_api_v1, embeddium_extra, puzzleslib, fabric_sound_api_v1, immersive_melodies, fabric_message_api_v1, expandability, fabric_data_generation_api_v1, fabric_events_interaction_v0]
[16Apr2026 02:29:37.121] [Netty Epoll Server IO #2/DEBUG] [net.minecraftforge.network.NetworkRegistry/NETREGISTRY]: Channel 'hiccups_legacy:hiccups_legacy' : Version test of '1' from client : ACCEPTED
[16Apr2026 02:29:37.121] [Netty Epoll Server IO #2/DEBUG] [net.minecraftforge.network.NetworkRegistry/NETREGISTRY]: Channel 'supplementaries:channel' : Version test of '0' from client : ACCEPTED
[16Apr2026 02:29:37.122] [Netty Epoll Server IO #2/DEBUG] [net.minecraftforge.network.NetworkRegistry/NETREGISTRY]: Channel 'skinshuffle:skin_refresh' : Version test of 'ABSENT 🤔' from client : ACCEPTED
[16Apr2026 02:29:37.122] [Netty Epoll Server IO #2/DEBUG] [net.minecraftforge.network.NetworkRegistry/NETREGISTRY]: Channel 'ic_ia:main' : Version test of '1' from client : ACCEPTED
[16Apr2026 02:29:37.122] [Netty Epoll Server IO #2/DEBUG] [net.minecraftforge.network.NetworkRegistry/NETREGISTRY]: Channel 'architectury:network' : Version test of '1' from client : ACCEPTED
[16Apr2026 02:29:37.122] [Netty Epoll Server IO #2/DEBUG] [net.minecraftforge.network.NetworkRegistry/NETREGISTRY]: Channel 'apotheosis:apotheosis' : Version test of '1.0.0' from client : ACCEPTED
[16Apr2026 02:29:37.122] [Netty Epoll Server IO #2/DEBUG] [net.minecraftforge.network.NetworkRegistry/NETREGISTRY]: Channel 'aether:main' : Version test of '1' from client : ACCEPTED
[16Apr2026 02:29:37.122] [Netty Epoll Server IO #2/DEBUG] [net.minecraftforge.network.NetworkRegistry/NETREGISTRY]: Channel 'carryon:carryonpackets' : Version test of '1.0' from client : ACCEPTED
[16Apr2026 02:29:37.122] [Netty Epoll Server IO #2/DEBUG] [net.minecraftforge.network.NetworkRegistry/NETREGISTRY]: Channel 'guardvillagers:main' : Version test of '1' from client : ACCEPTED
[16Apr2026 02:29:37.122] [Netty Epoll Server IO #2/DEBUG] [net.minecraftforge.network.NetworkRegistry/NETREGISTRY]: Channel 'minecraft:unregister' : Version test of 'FML3' from client : ACCEPTED
[16Apr2026 02:29:37.122] [Netty Epoll Server IO #2/DEBUG] [net.minecraftforge.network.NetworkRegistry/NETREGISTRY]: Channel 'endermanoverhaul:main' : Version test of '1' from client : ACCEPTED
[16Apr2026 02:29:37.122] [Netty Epoll Server IO #2/DEBUG] [net.minecraftforge.network.NetworkRegistry/NETREGISTRY]: Channel 'xaerominimap:main' : Version test of '1.0' from client : ACCEPTED
[16Apr2026 02:29:37.122] [Netty Epoll Server IO #2/DEBUG] [net.minecraftforge.network.NetworkRegistry/NETREGISTRY]: Channel 'citadel:main_channel' : Version test of '1' from client : ACCEPTED
[16Apr2026 02:29:37.122] [Netty Epoll Server IO #2/DEBUG] [net.minecraftforge.network.NetworkRegistry/NETREGISTRY]: Channel 'puzzleslib:1' : Version test of '1' from client : ACCEPTED
[16Apr2026 02:29:37.123] [Netty Epoll Server IO #2/DEBUG] [net.minecraftforge.network.NetworkRegistry/NETREGISTRY]: Channel 'platform:networking' : Version test of '1' from client : ACCEPTED
[16Apr2026 02:29:37.123] [Netty Epoll Server IO #2/DEBUG] [net.minecraftforge.network.NetworkRegistry/NETREGISTRY]: Channel 'nitrogen_internals:main' : Version test of '1' from client : ACCEPTED
[16Apr2026 02:29:37.123] [Netty Epoll Server IO #2/DEBUG] [net.minecraftforge.network.NetworkRegistry/NETREGISTRY]: Channel 'fallingtree:main' : Version test of 'ABSENT 🤔' from client : ACCEPTED
[16Apr2026 02:29:37.123] [Netty Epoll Server IO #2/DEBUG] [net.minecraftforge.network.NetworkRegistry/NETREGISTRY]: Channel 'travelersbackpack:network' : Version test of 'travelersbackpack:1' from client : ACCEPTED
[16Apr2026 02:29:37.123] [Netty Epoll Server IO #2/DEBUG] [net.minecraftforge.network.NetworkRegistry/NETREGISTRY]: Channel 'curios:main' : Version test of '1' from client : ACCEPTED
[16Apr2026 02:29:37.123] [Netty Epoll Server IO #2/DEBUG] [net.minecraftforge.network.NetworkRegistry/NETREGISTRY]: Channel 'placebo:placebo' : Version test of '1.0.0' from client : ACCEPTED
[16Apr2026 02:29:37.123] [Netty Epoll Server IO #2/DEBUG] [net.minecraftforge.network.NetworkRegistry/NETREGISTRY]: Channel 'balm:network' : Version test of '1.0' from client : ACCEPTED
[16Apr2026 02:29:37.123] [Netty Epoll Server IO #2/DEBUG] [net.minecraftforge.network.NetworkRegistry/NETREGISTRY]: Channel 'immersive_melodies:main' : Version test of '1' from client : ACCEPTED
[16Apr2026 02:29:37.123] [Netty Epoll Server IO #2/DEBUG] [net.minecraftforge.network.NetworkRegistry/NETREGISTRY]: Channel 'attributeslib:attributeslib' : Version test of '1.0.0' from client : ACCEPTED
[16Apr2026 02:29:37.123] [Netty Epoll Server IO #2/DEBUG] [net.minecraftforge.network.NetworkRegistry/NETREGISTRY]: Channel 'skinshuffle:handshake' : Version test of 'ABSENT 🤔' from client : ACCEPTED
[16Apr2026 02:29:37.123] [Netty Epoll Server IO #2/DEBUG] [net.minecraftforge.network.NetworkRegistry/NETREGISTRY]: Channel 'cataclysm:main_channel' : Version test of '1' from client : ACCEPTED
[16Apr2026 02:29:37.123] [Netty Epoll Server IO #2/DEBUG] [net.minecraftforge.network.NetworkRegistry/NETREGISTRY]: Channel 'lionfishapi:main_channel' : Version test of '1' from client : ACCEPTED
[16Apr2026 02:29:37.123] [Netty Epoll Server IO #2/DEBUG] [net.minecraftforge.network.NetworkRegistry/NETREGISTRY]: Channel 'fml:loginwrapper' : Version test of 'FML3' from client : ACCEPTED
[16Apr2026 02:29:37.123] [Netty Epoll Server IO #2/DEBUG] [net.minecraftforge.network.NetworkRegistry/NETREGISTRY]: Channel 'enchantinginfuser:1' : Version test of '1' from client : ACCEPTED
[16Apr2026 02:29:37.123] [Netty Epoll Server IO #2/DEBUG] [net.minecraftforge.network.NetworkRegistry/NETREGISTRY]: Channel 'forge:tier_sorting' : Version test of '1.0' from client : ACCEPTED
[16Apr2026 02:29:37.123] [Netty Epoll Server IO #2/DEBUG] [net.minecraftforge.network.NetworkRegistry/NETREGISTRY]: Channel 'vanillabackport:network' : Version test of '1' from client : ACCEPTED
[16Apr2026 02:29:37.123] [Netty Epoll Server IO #2/DEBUG] [net.minecraftforge.network.NetworkRegistry/NETREGISTRY]: Channel 'alexsmobs:main_channel' : Version test of '1' from client : ACCEPTED
[16Apr2026 02:29:37.123] [Netty Epoll Server IO #2/DEBUG] [net.minecraftforge.network.NetworkRegistry/NETREGISTRY]: Channel 'xaerolib:main' : Version test of '1.0' from client : ACCEPTED
[16Apr2026 02:29:37.123] [Netty Epoll Server IO #2/DEBUG] [net.minecraftforge.network.NetworkRegistry/NETREGISTRY]: Channel 'relics:network' : Version test of '1.0' from client : ACCEPTED
[16Apr2026 02:29:37.123] [Netty Epoll Server IO #2/DEBUG] [net.minecraftforge.network.NetworkRegistry/NETREGISTRY]: Channel 'fml:play' : Version test of 'FML3' from client : ACCEPTED
[16Apr2026 02:29:37.123] [Netty Epoll Server IO #2/DEBUG] [net.minecraftforge.network.NetworkRegistry/NETREGISTRY]: Channel 'ic_ip:main' : Version test of '1' from client : ACCEPTED
[16Apr2026 02:29:37.123] [Netty Epoll Server IO #2/DEBUG] [net.minecraftforge.network.NetworkRegistry/NETREGISTRY]: Channel 'fml:handshake' : Version test of 'FML3' from client : ACCEPTED
[16Apr2026 02:29:37.123] [Netty Epoll Server IO #2/DEBUG] [net.minecraftforge.network.NetworkRegistry/NETREGISTRY]: Channel 'lootr:main_network_channel' : Version test of '2' from client : ACCEPTED
[16Apr2026 02:29:37.123] [Netty Epoll Server IO #2/DEBUG] [net.minecraftforge.network.NetworkRegistry/NETREGISTRY]: Channel 'siegeweapons:main' : Version test of '1' from client : ACCEPTED
[16Apr2026 02:29:37.123] [Netty Epoll Server IO #2/DEBUG] [net.minecraftforge.network.NetworkRegistry/NETREGISTRY]: Channel 'xaeroworldmap:main' : Version test of '1.0' from client : ACCEPTED
[16Apr2026 02:29:37.123] [Netty Epoll Server IO #2/DEBUG] [net.minecraftforge.network.NetworkRegistry/NETREGISTRY]: Channel 'minecraft:register' : Version test of 'FML3' from client : ACCEPTED
[16Apr2026 02:29:37.123] [Netty Epoll Server IO #2/DEBUG] [net.minecraftforge.network.NetworkRegistry/NETREGISTRY]: Channel 'forge:split' : Version test of '1.1' from client : ACCEPTED
[16Apr2026 02:29:37.123] [Netty Epoll Server IO #2/DEBUG] [net.minecraftforge.network.NetworkRegistry/NETREGISTRY]: Channel 'geckolib:main' : Version test of '1' from client : ACCEPTED
[16Apr2026 02:29:37.124] [Netty Epoll Server IO #2/DEBUG] [net.minecraftforge.network.NetworkRegistry/NETREGISTRY]: Channel 'waystones:network' : Version test of '1.0' from client : ACCEPTED
[16Apr2026 02:29:37.124] [Netty Epoll Server IO #2/DEBUG] [net.minecraftforge.network.NetworkRegistry/NETREGISTRY]: Channel 'moonlight:channel' : Version test of '0' from client : ACCEPTED
[16Apr2026 02:29:37.124] [Netty Epoll Server IO #2/DEBUG] [net.minecraftforge.network.NetworkRegistry/NETREGISTRY]: Channel 'jade:networking' : Version test of '2' from client : ACCEPTED
[16Apr2026 02:29:37.124] [Netty Epoll Server IO #2/DEBUG] [net.minecraftforge.network.NetworkRegistry/NETREGISTRY]: Channel 'skinshuffle:refresh' : Version test of 'ABSENT 🤔' from client : ACCEPTED
[16Apr2026 02:29:37.124] [Netty Epoll Server IO #2/DEBUG] [net.minecraftforge.network.NetworkRegistry/NETREGISTRY]: Accepting channel list from client
[16Apr2026 02:29:37.125] [Netty Epoll Server IO #2/DEBUG] [net.minecraftforge.network.HandshakeHandler/FMLHANDSHAKE]: Accepted client connection mod list
[16Apr2026 02:29:37.125] [Netty Epoll Server IO #2/DEBUG] [net.minecraftforge.network.LoginWrapper/FMLHANDSHAKE]: Recieved login wrapper packet event for channel fml:handshake with index 2
[16Apr2026 02:29:37.125] [Netty Epoll Server IO #2/DEBUG] [net.minecraftforge.network.HandshakeHandler/FMLHANDSHAKE]: Received client indexed reply 2 of type net.minecraftforge.network.HandshakeMessages$C2SAcknowledge
[16Apr2026 02:29:37.125] [Netty Epoll Server IO #2/DEBUG] [net.minecraftforge.network.HandshakeHandler/FMLHANDSHAKE]: Received acknowledgement from client
[16Apr2026 02:29:37.126] [Netty Epoll Server IO #2/DEBUG] [net.minecraftforge.network.LoginWrapper/FMLHANDSHAKE]: Recieved login wrapper packet event for channel fml:handshake with index 3
[16Apr2026 02:29:37.126] [Netty Epoll Server IO #2/DEBUG] [net.minecraftforge.network.HandshakeHandler/FMLHANDSHAKE]: Received client indexed reply 3 of type net.minecraftforge.network.HandshakeMessages$C2SAcknowledge
[16Apr2026 02:29:37.126] [Netty Epoll Server IO #2/DEBUG] [net.minecraftforge.network.HandshakeHandler/FMLHANDSHAKE]: Received acknowledgement from client
[16Apr2026 02:29:37.126] [Server thread/DEBUG] [net.minecraftforge.network.HandshakeHandler/FMLHANDSHAKE]: Sending ticking packet info 'Registry minecraft:villager_profession' to 'fml:handshake' sequence 7
[16Apr2026 02:29:37.176] [Server thread/DEBUG] [net.minecraftforge.network.HandshakeHandler/FMLHANDSHAKE]: Sending ticking packet info 'Registry minecraft:item' to 'fml:handshake' sequence 8
[16Apr2026 02:29:37.226] [Server thread/DEBUG] [net.minecraftforge.network.HandshakeHandler/FMLHANDSHAKE]: Sending ticking packet info 'Registry minecraft:potion' to 'fml:handshake' sequence 9
[16Apr2026 02:29:37.234] [Netty Epoll Server IO #2/DEBUG] [net.minecraftforge.network.LoginWrapper/FMLHANDSHAKE]: Recieved login wrapper packet event for channel fml:handshake with index 4
[16Apr2026 02:29:37.234] [Netty Epoll Server IO #2/DEBUG] [net.minecraftforge.network.HandshakeHandler/FMLHANDSHAKE]: Received client indexed reply 4 of type net.minecraftforge.network.HandshakeMessages$C2SAcknowledge
[16Apr2026 02:29:37.234] [Netty Epoll Server IO #2/DEBUG] [net.minecraftforge.network.HandshakeHandler/FMLHANDSHAKE]: Received acknowledgement from client
[16Apr2026 02:29:37.276] [Server thread/DEBUG] [net.minecraftforge.network.HandshakeHandler/FMLHANDSHAKE]: Sending ticking packet info 'Registry minecraft:painting_variant' to 'fml:handshake' sequence 10
[16Apr2026 02:29:37.327] [Server thread/DEBUG] [net.minecraftforge.network.HandshakeHandler/FMLHANDSHAKE]: Sending ticking packet info 'Registry forge:fluid_type' to 'fml:handshake' sequence 11
[16Apr2026 02:29:37.376] [Server thread/DEBUG] [net.minecraftforge.network.HandshakeHandler/FMLHANDSHAKE]: Sending ticking packet info 'Registry minecraft:block_entity_type' to 'fml:handshake' sequence 12
[16Apr2026 02:29:37.426] [Server thread/DEBUG] [net.minecraftforge.network.HandshakeHandler/FMLHANDSHAKE]: Sending ticking packet info 'Registry forge:display_contexts' to 'fml:handshake' sequence 13
[16Apr2026 02:29:37.476] [Server thread/DEBUG] [net.minecraftforge.network.HandshakeHandler/FMLHANDSHAKE]: Sending ticking packet info 'Registry minecraft:block' to 'fml:handshake' sequence 14
[16Apr2026 02:29:37.526] [Server thread/DEBUG] [net.minecraftforge.network.HandshakeHandler/FMLHANDSHAKE]: Sending ticking packet info 'Registry forge:entity_data_serializers' to 'fml:handshake' sequence 15
[16Apr2026 02:29:37.541] [Netty Epoll Server IO #2/DEBUG] [net.minecraftforge.network.LoginWrapper/FMLHANDSHAKE]: Recieved login wrapper packet event for channel fml:handshake with index 5
[16Apr2026 02:29:37.541] [Netty Epoll Server IO #2/DEBUG] [net.minecraftforge.network.HandshakeHandler/FMLHANDSHAKE]: Received client indexed reply 5 of type net.minecraftforge.network.HandshakeMessages$C2SAcknowledge
[16Apr2026 02:29:37.541] [Netty Epoll Server IO #2/DEBUG] [net.minecraftforge.network.HandshakeHandler/FMLHANDSHAKE]: Received acknowledgement from client
[16Apr2026 02:29:37.576] [Server thread/DEBUG] [net.minecraftforge.network.HandshakeHandler/FMLHANDSHAKE]: Sending ticking packet info 'Registry minecraft:mob_effect' to 'fml:handshake' sequence 16
[16Apr2026 02:29:37.626] [Server thread/DEBUG] [net.minecraftforge.network.HandshakeHandler/FMLHANDSHAKE]: Sending ticking packet info 'Registry minecraft:stat_type' to 'fml:handshake' sequence 17
[16Apr2026 02:29:37.676] [Server thread/DEBUG] [net.minecraftforge.network.HandshakeHandler/FMLHANDSHAKE]: Sending ticking packet info 'Registry minecraft:menu' to 'fml:handshake' sequence 18
[16Apr2026 02:29:37.710] [Netty Epoll Server IO #2/DEBUG] [net.minecraftforge.network.LoginWrapper/FMLHANDSHAKE]: Recieved login wrapper packet event for channel fml:handshake with index 6
[16Apr2026 02:29:37.710] [Netty Epoll Server IO #2/DEBUG] [net.minecraftforge.network.HandshakeHandler/FMLHANDSHAKE]: Received client indexed reply 6 of type net.minecraftforge.network.HandshakeMessages$C2SAcknowledge
[16Apr2026 02:29:37.710] [Netty Epoll Server IO #2/DEBUG] [net.minecraftforge.network.HandshakeHandler/FMLHANDSHAKE]: Received acknowledgement from client
[16Apr2026 02:29:37.710] [Netty Epoll Server IO #2/DEBUG] [net.minecraftforge.network.LoginWrapper/FMLHANDSHAKE]: Recieved login wrapper packet event for channel fml:handshake with index 7
[16Apr2026 02:29:37.710] [Netty Epoll Server IO #2/DEBUG] [net.minecraftforge.network.HandshakeHandler/FMLHANDSHAKE]: Received client indexed reply 7 of type net.minecraftforge.network.HandshakeMessages$C2SAcknowledge
[16Apr2026 02:29:37.710] [Netty Epoll Server IO #2/DEBUG] [net.minecraftforge.network.HandshakeHandler/FMLHANDSHAKE]: Received acknowledgement from client
[16Apr2026 02:29:37.726] [Server thread/DEBUG] [net.minecraftforge.network.HandshakeHandler/FMLHANDSHAKE]: Sending ticking packet info 'Registry minecraft:enchantment' to 'fml:handshake' sequence 19
[16Apr2026 02:29:37.776] [Server thread/DEBUG] [net.minecraftforge.network.HandshakeHandler/FMLHANDSHAKE]: Sending ticking packet info 'Registry minecraft:fluid' to 'fml:handshake' sequence 20
[16Apr2026 02:29:37.826] [Server thread/DEBUG] [net.minecraftforge.network.HandshakeHandler/FMLHANDSHAKE]: Sending ticking packet info 'Registry minecraft:entity_type' to 'fml:handshake' sequence 21
[16Apr2026 02:29:37.876] [Server thread/DEBUG] [net.minecraftforge.network.HandshakeHandler/FMLHANDSHAKE]: Sending ticking packet info 'Registry aether:advancement_sound_override' to 'fml:handshake' sequence 22
[16Apr2026 02:29:37.927] [Server thread/DEBUG] [net.minecraftforge.network.HandshakeHandler/FMLHANDSHAKE]: Sending ticking packet info 'Config curios-server.toml' to 'fml:handshake' sequence 23
[16Apr2026 02:29:37.976] [Server thread/DEBUG] [net.minecraftforge.network.HandshakeHandler/FMLHANDSHAKE]: Sending ticking packet info 'Config travelersbackpack-server.toml' to 'fml:handshake' sequence 24
[16Apr2026 02:29:38.026] [Server thread/DEBUG] [net.minecraftforge.network.HandshakeHandler/FMLHANDSHAKE]: Sending ticking packet info 'Config enchantinginfuser-server.toml' to 'fml:handshake' sequence 25
[16Apr2026 02:29:38.077] [Server thread/DEBUG] [net.minecraftforge.network.HandshakeHandler/FMLHANDSHAKE]: Sending ticking packet info 'Config siegeweapons-server.toml' to 'fml:handshake' sequence 26
[16Apr2026 02:29:38.126] [Server thread/DEBUG] [net.minecraftforge.network.HandshakeHandler/FMLHANDSHAKE]: Sending ticking packet info 'Config aether-server.toml' to 'fml:handshake' sequence 27
[16Apr2026 02:29:38.176] [Server thread/DEBUG] [net.minecraftforge.network.HandshakeHandler/FMLHANDSHAKE]: Sending ticking packet info 'Config forge-server.toml' to 'fml:handshake' sequence 28
[16Apr2026 02:29:38.794] [Netty Epoll Server IO #2/DEBUG] [net.minecraftforge.network.LoginWrapper/FMLHANDSHAKE]: Recieved login wrapper packet event for channel fml:handshake with index 8
[16Apr2026 02:29:38.794] [Netty Epoll Server IO #2/DEBUG] [net.minecraftforge.network.HandshakeHandler/FMLHANDSHAKE]: Received client indexed reply 8 of type net.minecraftforge.network.HandshakeMessages$C2SAcknowledge
[16Apr2026 02:29:38.794] [Netty Epoll Server IO #2/DEBUG] [net.minecraftforge.network.HandshakeHandler/FMLHANDSHAKE]: Received acknowledgement from client
[16Apr2026 02:29:38.836] [Netty Epoll Server IO #2/DEBUG] [net.minecraftforge.network.LoginWrapper/FMLHANDSHAKE]: Recieved login wrapper packet event for channel fml:handshake with index 9
[16Apr2026 02:29:38.837] [Netty Epoll Server IO #2/DEBUG] [net.minecraftforge.network.HandshakeHandler/FMLHANDSHAKE]: Received client indexed reply 9 of type net.minecraftforge.network.HandshakeMessages$C2SAcknowledge
[16Apr2026 02:29:38.837] [Netty Epoll Server IO #2/DEBUG] [net.minecraftforge.network.HandshakeHandler/FMLHANDSHAKE]: Received acknowledgement from client
[16Apr2026 02:29:38.837] [Netty Epoll Server IO #2/DEBUG] [net.minecraftforge.network.LoginWrapper/FMLHANDSHAKE]: Recieved login wrapper packet event for channel fml:handshake with index 10
[16Apr2026 02:29:38.837] [Netty Epoll Server IO #2/DEBUG] [net.minecraftforge.network.HandshakeHandler/FMLHANDSHAKE]: Received client indexed reply 10 of type net.minecraftforge.network.HandshakeMessages$C2SAcknowledge
[16Apr2026 02:29:38.837] [Netty Epoll Server IO #2/DEBUG] [net.minecraftforge.network.HandshakeHandler/FMLHANDSHAKE]: Received acknowledgement from client
[16Apr2026 02:29:38.837] [Netty Epoll Server IO #2/DEBUG] [net.minecraftforge.network.LoginWrapper/FMLHANDSHAKE]: Recieved login wrapper packet event for channel fml:handshake with index 11
[16Apr2026 02:29:38.837] [Netty Epoll Server IO #2/DEBUG] [net.minecraftforge.network.HandshakeHandler/FMLHANDSHAKE]: Received client indexed reply 11 of type net.minecraftforge.network.HandshakeMessages$C2SAcknowledge
[16Apr2026 02:29:38.837] [Netty Epoll Server IO #2/DEBUG] [net.minecraftforge.network.HandshakeHandler/FMLHANDSHAKE]: Received acknowledgement from client
[16Apr2026 02:29:38.838] [Netty Epoll Server IO #2/DEBUG] [net.minecraftforge.network.LoginWrapper/FMLHANDSHAKE]: Recieved login wrapper packet event for channel fml:handshake with index 12
[16Apr2026 02:29:38.838] [Netty Epoll Server IO #2/DEBUG] [net.minecraftforge.network.HandshakeHandler/FMLHANDSHAKE]: Received client indexed reply 12 of type net.minecraftforge.network.HandshakeMessages$C2SAcknowledge
[16Apr2026 02:29:38.838] [Netty Epoll Server IO #2/DEBUG] [net.minecraftforge.network.HandshakeHandler/FMLHANDSHAKE]: Received acknowledgement from client
[16Apr2026 02:29:38.838] [Netty Epoll Server IO #2/DEBUG] [net.minecraftforge.network.LoginWrapper/FMLHANDSHAKE]: Recieved login wrapper packet event for channel fml:handshake with index 13
[16Apr2026 02:29:38.838] [Netty Epoll Server IO #2/DEBUG] [net.minecraftforge.network.HandshakeHandler/FMLHANDSHAKE]: Received client indexed reply 13 of type net.minecraftforge.network.HandshakeMessages$C2SAcknowledge
[16Apr2026 02:29:38.838] [Netty Epoll Server IO #2/DEBUG] [net.minecraftforge.network.HandshakeHandler/FMLHANDSHAKE]: Received acknowledgement from client
[16Apr2026 02:29:39.627] [Netty Epoll Server IO #2/DEBUG] [net.minecraftforge.network.LoginWrapper/FMLHANDSHAKE]: Recieved login wrapper packet event for channel fml:handshake with index 14
[16Apr2026 02:29:39.627] [Netty Epoll Server IO #2/DEBUG] [net.minecraftforge.network.HandshakeHandler/FMLHANDSHAKE]: Received client indexed reply 14 of type net.minecraftforge.network.HandshakeMessages$C2SAcknowledge
[16Apr2026 02:29:39.627] [Netty Epoll Server IO #2/DEBUG] [net.minecraftforge.network.HandshakeHandler/FMLHANDSHAKE]: Received acknowledgement from client
[16Apr2026 02:29:39.627] [Netty Epoll Server IO #2/DEBUG] [net.minecraftforge.network.LoginWrapper/FMLHANDSHAKE]: Recieved login wrapper packet event for channel fml:handshake with index 15
[16Apr2026 02:29:39.627] [Netty Epoll Server IO #2/DEBUG] [net.minecraftforge.network.HandshakeHandler/FMLHANDSHAKE]: Received client indexed reply 15 of type net.minecraftforge.network.HandshakeMessages$C2SAcknowledge
[16Apr2026 02:29:39.627] [Netty Epoll Server IO #2/DEBUG] [net.minecraftforge.network.HandshakeHandler/FMLHANDSHAKE]: Received acknowledgement from client
[16Apr2026 02:29:39.628] [Netty Epoll Server IO #2/DEBUG] [net.minecraftforge.network.LoginWrapper/FMLHANDSHAKE]: Recieved login wrapper packet event for channel fml:handshake with index 16
[16Apr2026 02:29:39.628] [Netty Epoll Server IO #2/DEBUG] [net.minecraftforge.network.HandshakeHandler/FMLHANDSHAKE]: Received client indexed reply 16 of type net.minecraftforge.network.HandshakeMessages$C2SAcknowledge
[16Apr2026 02:29:39.628] [Netty Epoll Server IO #2/DEBUG] [net.minecraftforge.network.HandshakeHandler/FMLHANDSHAKE]: Received acknowledgement from client
[16Apr2026 02:29:39.628] [Netty Epoll Server IO #2/DEBUG] [net.minecraftforge.network.LoginWrapper/FMLHANDSHAKE]: Recieved login wrapper packet event for channel fml:handshake with index 17
[16Apr2026 02:29:39.628] [Netty Epoll Server IO #2/DEBUG] [net.minecraftforge.network.HandshakeHandler/FMLHANDSHAKE]: Received client indexed reply 17 of type net.minecraftforge.network.HandshakeMessages$C2SAcknowledge
[16Apr2026 02:29:39.628] [Netty Epoll Server IO #2/DEBUG] [net.minecraftforge.network.HandshakeHandler/FMLHANDSHAKE]: Received acknowledgement from client
[16Apr2026 02:29:39.628] [Netty Epoll Server IO #2/DEBUG] [net.minecraftforge.network.LoginWrapper/FMLHANDSHAKE]: Recieved login wrapper packet event for channel fml:handshake with index 18
[16Apr2026 02:29:39.629] [Netty Epoll Server IO #2/DEBUG] [net.minecraftforge.network.HandshakeHandler/FMLHANDSHAKE]: Received client indexed reply 18 of type net.minecraftforge.network.HandshakeMessages$C2SAcknowledge
[16Apr2026 02:29:39.629] [Netty Epoll Server IO #2/DEBUG] [net.minecraftforge.network.HandshakeHandler/FMLHANDSHAKE]: Received acknowledgement from client
[16Apr2026 02:29:39.629] [Netty Epoll Server IO #2/DEBUG] [net.minecraftforge.network.LoginWrapper/FMLHANDSHAKE]: Recieved login wrapper packet event for channel fml:handshake with index 19
[16Apr2026 02:29:39.629] [Netty Epoll Server IO #2/DEBUG] [net.minecraftforge.network.HandshakeHandler/FMLHANDSHAKE]: Received client indexed reply 19 of type net.minecraftforge.network.HandshakeMessages$C2SAcknowledge
[16Apr2026 02:29:39.629] [Netty Epoll Server IO #2/DEBUG] [net.minecraftforge.network.HandshakeHandler/FMLHANDSHAKE]: Received acknowledgement from client
[16Apr2026 02:29:39.629] [Netty Epoll Server IO #2/DEBUG] [net.minecraftforge.network.LoginWrapper/FMLHANDSHAKE]: Recieved login wrapper packet event for channel fml:handshake with index 20
[16Apr2026 02:29:39.629] [Netty Epoll Server IO #2/DEBUG] [net.minecraftforge.network.HandshakeHandler/FMLHANDSHAKE]: Received client indexed reply 20 of type net.minecraftforge.network.HandshakeMessages$C2SAcknowledge
[16Apr2026 02:29:39.629] [Netty Epoll Server IO #2/DEBUG] [net.minecraftforge.network.HandshakeHandler/FMLHANDSHAKE]: Received acknowledgement from client
[16Apr2026 02:29:39.745] [Netty Epoll Server IO #2/DEBUG] [net.minecraftforge.network.LoginWrapper/FMLHANDSHAKE]: Recieved login wrapper packet event for channel fml:handshake with index 21
[16Apr2026 02:29:39.745] [Netty Epoll Server IO #2/DEBUG] [net.minecraftforge.network.HandshakeHandler/FMLHANDSHAKE]: Received client indexed reply 21 of type net.minecraftforge.network.HandshakeMessages$C2SAcknowledge
[16Apr2026 02:29:39.745] [Netty Epoll Server IO #2/DEBUG] [net.minecraftforge.network.HandshakeHandler/FMLHANDSHAKE]: Received acknowledgement from client
[16Apr2026 02:29:46.076] [Netty Epoll Server IO #2/DEBUG] [net.minecraftforge.network.LoginWrapper/FMLHANDSHAKE]: Recieved login wrapper packet event for channel fml:handshake with index 22
[16Apr2026 02:29:46.076] [Netty Epoll Server IO #2/DEBUG] [net.minecraftforge.network.HandshakeHandler/FMLHANDSHAKE]: Received client indexed reply 22 of type net.minecraftforge.network.HandshakeMessages$C2SAcknowledge
[16Apr2026 02:29:46.076] [Netty Epoll Server IO #2/DEBUG] [net.minecraftforge.network.HandshakeHandler/FMLHANDSHAKE]: Received acknowledgement from client
[16Apr2026 02:29:46.084] [Netty Epoll Server IO #2/DEBUG] [net.minecraftforge.network.LoginWrapper/FMLHANDSHAKE]: Recieved login wrapper packet event for channel fml:handshake with index 23
[16Apr2026 02:29:46.084] [Netty Epoll Server IO #2/DEBUG] [net.minecraftforge.network.HandshakeHandler/FMLHANDSHAKE]: Received client indexed reply 23 of type net.minecraftforge.network.HandshakeMessages$C2SAcknowledge
[16Apr2026 02:29:46.084] [Netty Epoll Server IO #2/DEBUG] [net.minecraftforge.network.HandshakeHandler/FMLHANDSHAKE]: Received acknowledgement from client
[16Apr2026 02:29:46.125] [Netty Epoll Server IO #2/DEBUG] [net.minecraftforge.network.LoginWrapper/FMLHANDSHAKE]: Recieved login wrapper packet event for channel fml:handshake with index 24
[16Apr2026 02:29:46.125] [Netty Epoll Server IO #2/DEBUG] [net.minecraftforge.network.HandshakeHandler/FMLHANDSHAKE]: Received client indexed reply 24 of type net.minecraftforge.network.HandshakeMessages$C2SAcknowledge
[16Apr2026 02:29:46.125] [Netty Epoll Server IO #2/DEBUG] [net.minecraftforge.network.HandshakeHandler/FMLHANDSHAKE]: Received acknowledgement from client
[16Apr2026 02:29:46.144] [Netty Epoll Server IO #2/DEBUG] [net.minecraftforge.network.LoginWrapper/FMLHANDSHAKE]: Recieved login wrapper packet event for channel fml:handshake with index 25
[16Apr2026 02:29:46.144] [Netty Epoll Server IO #2/DEBUG] [net.minecraftforge.network.HandshakeHandler/FMLHANDSHAKE]: Received client indexed reply 25 of type net.minecraftforge.network.HandshakeMessages$C2SAcknowledge
[16Apr2026 02:29:46.144] [Netty Epoll Server IO #2/DEBUG] [net.minecraftforge.network.HandshakeHandler/FMLHANDSHAKE]: Received acknowledgement from client
[16Apr2026 02:29:46.145] [Netty Epoll Server IO #2/DEBUG] [net.minecraftforge.network.LoginWrapper/FMLHANDSHAKE]: Recieved login wrapper packet event for channel fml:handshake with index 26
[16Apr2026 02:29:46.145] [Netty Epoll Server IO #2/DEBUG] [net.minecraftforge.network.HandshakeHandler/FMLHANDSHAKE]: Received client indexed reply 26 of type net.minecraftforge.network.HandshakeMessages$C2SAcknowledge
[16Apr2026 02:29:46.145] [Netty Epoll Server IO #2/DEBUG] [net.minecraftforge.network.HandshakeHandler/FMLHANDSHAKE]: Received acknowledgement from client
[16Apr2026 02:29:46.145] [Netty Epoll Server IO #2/DEBUG] [net.minecraftforge.network.LoginWrapper/FMLHANDSHAKE]: Recieved login wrapper packet event for channel fml:handshake with index 27
[16Apr2026 02:29:46.145] [Netty Epoll Server IO #2/DEBUG] [net.minecraftforge.network.HandshakeHandler/FMLHANDSHAKE]: Received client indexed reply 27 of type net.minecraftforge.network.HandshakeMessages$C2SAcknowledge
[16Apr2026 02:29:46.145] [Netty Epoll Server IO #2/DEBUG] [net.minecraftforge.network.HandshakeHandler/FMLHANDSHAKE]: Received acknowledgement from client
[16Apr2026 02:29:46.151] [Netty Epoll Server IO #2/DEBUG] [net.minecraftforge.network.LoginWrapper/FMLHANDSHAKE]: Recieved login wrapper packet event for channel fml:handshake with index 28
[16Apr2026 02:29:46.151] [Netty Epoll Server IO #2/DEBUG] [net.minecraftforge.network.HandshakeHandler/FMLHANDSHAKE]: Received client indexed reply 28 of type net.minecraftforge.network.HandshakeMessages$C2SAcknowledge
[16Apr2026 02:29:46.151] [Netty Epoll Server IO #2/DEBUG] [net.minecraftforge.network.HandshakeHandler/FMLHANDSHAKE]: Received acknowledgement from client
[16Apr2026 02:29:46.176] [Server thread/DEBUG] [net.minecraftforge.network.HandshakeHandler/FMLHANDSHAKE]: Handshake complete!
[16Apr2026 02:29:46.230] [ForkJoinPool.commonPool-worker-2/DEBUG] [SkinRestorer/]: Fetching davixlapida123's skin
[16Apr2026 02:29:46.445] [Server thread/INFO] [net.minecraft.server.players.PlayerList/]: davixlapida123[/127.83.155.71:44537] logged in with entity id 11 at (4859.794934098069, 55.0, -2805.300000011921)
[16Apr2026 02:29:46.452] [Server thread/DEBUG] [net.minecraftforge.network.filters.NetworkFilters/]: Injected net.minecraftforge.network.filters.ForgeConnectionNetworkFilter@360300c2 into net.minecraft.network.Connection@423c7824
[16Apr2026 02:29:46.480] [Server thread/DEBUG] [mixin/]: Mixing PacketDistributorHackMixin from moonlight.mixins.json into net.minecraftforge.network.PacketDistributor
[16Apr2026 02:29:46.680] [Server thread/INFO] [net.minecraft.server.MinecraftServer/]: davixlapida123 joined the game
[16Apr2026 02:29:46.821] [Server thread/INFO] [Jade/]: Syncing config to davixlapida123 (dc4e3ba7-b98d-365a-925e-d011efff1420)
[16Apr2026 02:29:46.941] [Server thread/DEBUG] [artifacts.Artifacts/]: Loaded artifacts.forge.platform.ForgePlatformHelper@33c39c67 for service interface artifacts.platform.PlatformHelper
[16Apr2026 02:29:48.768] [Server thread/DEBUG] [mixin/]: Mixing item.wearable.charmofsinking.EnchantmentHelperMixin from mixins.artifacts.common.json into net.minecraft.world.item.enchantment.EnchantmentHelper
[16Apr2026 02:29:48.768] [Server thread/DEBUG] [mixin/]: Mixing item.wearable.pendant.EnchantmentHelperMixin from mixins.artifacts.common.json into net.minecraft.world.item.enchantment.EnchantmentHelper
[16Apr2026 02:29:48.769] [Server thread/DEBUG] [mixin/]: Mixing EnchantmentHelperMixin from apotheosis.mixins.json into net.minecraft.world.item.enchantment.EnchantmentHelper
[16Apr2026 02:29:48.773] [Server thread/DEBUG] [mixin/]: Mixing MixinEnchantmentHelper from immersive_armors.mixins.json into net.minecraft.world.item.enchantment.EnchantmentHelper
[16Apr2026 02:29:48.833] [Server thread/WARN] [net.minecraft.server.MinecraftServer/]: Can't keep up! Is the server overloaded? Running 2407ms or 48 ticks behind
[16Apr2026 02:29:48.904] [Netty Epoll Server IO #2/DEBUG] [mixin/]: Mixing ChunkHolderMixin from supplementaries.mixins.json into net.minecraft.network.protocol.game.ClientboundLevelChunkPacketData$BlockEntityInfo
[16Apr2026 02:29:48.904] [Netty Epoll Server IO #2/DEBUG] [mixin/]: Renaming synthetic method lambda$sendBlockEntityCaps$2(Lnet/minecraft/world/level/block/entity/BlockEntity;Lnet/minecraft/server/level/ServerLevel;Lnet/minecraft/core/BlockPos;)V to md26f194$lambda$sendBlockEntityCaps$2$0 in supplementaries.mixins.json:ChunkHolderMixin
[16Apr2026 02:29:48.904] [Netty Epoll Server IO #2/DEBUG] [mixin/]: Renaming synthetic method lambda$sendBlockEntityCaps$1(Lnet/minecraft/server/level/ServerLevel;Lnet/minecraft/core/BlockPos;Lnet/mehvahdjukaar/supplementaries/api/IAntiqueTextProvider;)V to md26f194$lambda$sendBlockEntityCaps$1$1 in supplementaries.mixins.json:ChunkHolderMixin
[16Apr2026 02:29:48.905] [Netty Epoll Server IO #2/DEBUG] [mixin/]: Renaming synthetic method lambda$sendBlockEntityCaps$0(Lnet/minecraft/core/BlockPos;Lnet/mehvahdjukaar/supplementaries/api/IAntiqueTextProvider;Lnet/minecraft/server/level/ServerPlayer;)V to md26f194$lambda$sendBlockEntityCaps$0$2 in supplementaries.mixins.json:ChunkHolderMixin
[16Apr2026 02:30:14.486] [Server thread/DEBUG] [mixin/]: Mixing swimming.FallLocationMixin from expandability-common.mixins.json into net.minecraft.world.damagesource.FallLocation
[16Apr2026 02:30:16.537] [Server thread/INFO] [net.minecraft.server.network.ServerGamePacketListenerImpl/]: davixlapida123 lost connection: Timed out
[16Apr2026 02:30:16.537] [Server thread/INFO] [net.minecraft.server.MinecraftServer/]: davixlapida123 left the game
[16Apr2026 02:31:41.885] [Netty Epoll Server IO #7/DEBUG] [net.minecraftforge.network.HandshakeHandler/FMLHANDSHAKE]: Starting new modded impl connection. Found 29 messages to dispatch.
[16Apr2026 02:31:42.376] [Server thread/DEBUG] [net.minecraftforge.network.HandshakeHandler/FMLHANDSHAKE]: Sending ticking packet info 'net.minecraftforge.network.HandshakeMessages$S2CModData' to 'fml:handshake' sequence 0
[16Apr2026 02:31:42.426] [Server thread/DEBUG] [net.minecraftforge.network.HandshakeHandler/FMLHANDSHAKE]: Sending ticking packet info 'net.minecraftforge.network.HandshakeMessages$S2CModList' to 'fml:handshake' sequence 1
[16Apr2026 02:31:42.476] [Server thread/DEBUG] [net.minecraftforge.network.HandshakeHandler/FMLHANDSHAKE]: Sending ticking packet info 'Registry minecraft:command_argument_type' to 'fml:handshake' sequence 2
[16Apr2026 02:31:42.526] [Server thread/DEBUG] [net.minecraftforge.network.HandshakeHandler/FMLHANDSHAKE]: Sending ticking packet info 'Registry minecraft:recipe_serializer' to 'fml:handshake' sequence 3
[16Apr2026 02:31:42.576] [Server thread/DEBUG] [net.minecraftforge.network.HandshakeHandler/FMLHANDSHAKE]: Sending ticking packet info 'Registry aether:moa_type' to 'fml:handshake' sequence 4
[16Apr2026 02:31:42.626] [Server thread/DEBUG] [net.minecraftforge.network.HandshakeHandler/FMLHANDSHAKE]: Sending ticking packet info 'Registry minecraft:sound_event' to 'fml:handshake' sequence 5
[16Apr2026 02:31:42.658] [Netty Epoll Server IO #7/DEBUG] [net.minecraftforge.network.LoginWrapper/FMLHANDSHAKE]: Recieved login wrapper packet event for channel fml:handshake with index 1
[16Apr2026 02:31:42.659] [Netty Epoll Server IO #7/DEBUG] [net.minecraftforge.network.HandshakeHandler/FMLHANDSHAKE]: Received client indexed reply 1 of type net.minecraftforge.network.HandshakeMessages$C2SModListReply
[16Apr2026 02:31:42.659] [Netty Epoll Server IO #7/DEBUG] [net.minecraftforge.network.HandshakeHandler/FMLHANDSHAKE]: Received client connection with modlist [kuma_api, fabric_renderer_api_v1, geckolib, fabric_item_api_v1, aether, fabric_rendering_fluids_v1, fabric_models_v0, mcwwindows, fabric_convention_tags_v1, xaeroworldmap, placebo, citadel, alexsmobs, fabric_command_api_v1, fabric_block_view_api_v2, fabric_command_api_v2, yungsapi, mcwstairs, fabric_data_attachment_api_v1, guardvillagers, relics, apotheosis, mcwdoors, balm, fabric_screen_api_v1, immersive_armors, carryon, cloth_config, fabric_api, fabric_content_registries_v0, supplementaries, embeddium, rubidium, mcwbridges, farmersdelight, fabric_game_rule_api_v1, fabric_api_lookup_api_v1, mcwfences, vanillabackport, resourcefulconfig, lionfishapi, spark, mysticaloaktree, cataclysm, curios, advancednetherite, attributeslib, fabric_entity_events_v1, resourcefullib, cumulus_menus, mcwroofs, inventoryprofilesnext, architectury, fabric_loot_api_v2, transition, fabric_rendering_data_attachment_v1, nitrogen_internals, fabric_networking_api_v1, smallships, enchantinginfuser, fabric_lifecycle_events_v1, renderscale, fabric_key_binding_api_v1, fabric_client_tags_api_v1, fabric_dimensions_v1, fabric_transfer_api_v1, octolib, fabric_model_loading_api_v1, jei, xaerolib, fabric_screen_handler_api_v1, fabric_resource_loader_v0, siegeweapons, trender, fabric_rendering_v1, waystones, fabric_renderer_indigo, fabric_mining_level_api_v1, travelersbackpack, artifacts, glitchcore, fabric_particles_v1, puzzlesaccessapi, forge, fabric_transitive_access_wideners_v1, minecraft, hiccups_legacy, libipn, terrablender, biomesoplenty, moonlight, endermanoverhaul, fabric_api_base, fabric_blockrenderlayer_v1, mixinsquared, jade, another_furniture, platform, fabric_block_api_v1, fabric_resource_conditions_api_v1, ksyxis, kotlinforforge, xaerominimap, fabric_item_group_api_v1, immersive_paintings, entityculling, fabric_biome_api_v1, fabric_registry_sync_v0, immediatelyfast, coroutil, creeperoverhaul, appleskin, fabric_recipe_api_v1, lootr, ferritecore, fabric_object_builder_api_v1, embeddium_extra, puzzleslib, fabric_sound_api_v1, immersive_melodies, fabric_message_api_v1, expandability, fabric_data_generation_api_v1, fabric_events_interaction_v0]
[16Apr2026 02:31:42.659] [Netty Epoll Server IO #7/DEBUG] [net.minecraftforge.network.NetworkRegistry/NETREGISTRY]: Channel 'hiccups_legacy:hiccups_legacy' : Version test of '1' from client : ACCEPTED
[16Apr2026 02:31:42.659] [Netty Epoll Server IO #7/DEBUG] [net.minecraftforge.network.NetworkRegistry/NETREGISTRY]: Channel 'supplementaries:channel' : Version test of '0' from client : ACCEPTED
[16Apr2026 02:31:42.659] [Netty Epoll Server IO #7/DEBUG] [net.minecraftforge.network.NetworkRegistry/NETREGISTRY]: Channel 'skinshuffle:skin_refresh' : Version test of 'ABSENT 🤔' from client : ACCEPTED
[16Apr2026 02:31:42.659] [Netty Epoll Server IO #7/DEBUG] [net.minecraftforge.network.NetworkRegistry/NETREGISTRY]: Channel 'ic_ia:main' : Version test of '1' from client : ACCEPTED
[16Apr2026 02:31:42.659] [Netty Epoll Server IO #7/DEBUG] [net.minecraftforge.network.NetworkRegistry/NETREGISTRY]: Channel 'architectury:network' : Version test of '1' from client : ACCEPTED
[16Apr2026 02:31:42.659] [Netty Epoll Server IO #7/DEBUG] [net.minecraftforge.network.NetworkRegistry/NETREGISTRY]: Channel 'apotheosis:apotheosis' : Version test of '1.0.0' from client : ACCEPTED
[16Apr2026 02:31:42.659] [Netty Epoll Server IO #7/DEBUG] [net.minecraftforge.network.NetworkRegistry/NETREGISTRY]: Channel 'aether:main' : Version test of '1' from client : ACCEPTED
[16Apr2026 02:31:42.659] [Netty Epoll Server IO #7/DEBUG] [net.minecraftforge.network.NetworkRegistry/NETREGISTRY]: Channel 'carryon:carryonpackets' : Version test of '1.0' from client : ACCEPTED
[16Apr2026 02:31:42.659] [Netty Epoll Server IO #7/DEBUG] [net.minecraftforge.network.NetworkRegistry/NETREGISTRY]: Channel 'guardvillagers:main' : Version test of '1' from client : ACCEPTED
[16Apr2026 02:31:42.659] [Netty Epoll Server IO #7/DEBUG] [net.minecraftforge.network.NetworkRegistry/NETREGISTRY]: Channel 'minecraft:unregister' : Version test of 'FML3' from client : ACCEPTED
[16Apr2026 02:31:42.659] [Netty Epoll Server IO #7/DEBUG] [net.minecraftforge.network.NetworkRegistry/NETREGISTRY]: Channel 'endermanoverhaul:main' : Version test of '1' from client : ACCEPTED
[16Apr2026 02:31:42.659] [Netty Epoll Server IO #7/DEBUG] [net.minecraftforge.network.NetworkRegistry/NETREGISTRY]: Channel 'xaerominimap:main' : Version test of '1.0' from client : ACCEPTED
[16Apr2026 02:31:42.659] [Netty Epoll Server IO #7/DEBUG] [net.minecraftforge.network.NetworkRegistry/NETREGISTRY]: Channel 'citadel:main_channel' : Version test of '1' from client : ACCEPTED
[16Apr2026 02:31:42.659] [Netty Epoll Server IO #7/DEBUG] [net.minecraftforge.network.NetworkRegistry/NETREGISTRY]: Channel 'puzzleslib:1' : Version test of '1' from client : ACCEPTED
[16Apr2026 02:31:42.659] [Netty Epoll Server IO #7/DEBUG] [net.minecraftforge.network.NetworkRegistry/NETREGISTRY]: Channel 'platform:networking' : Version test of '1' from client : ACCEPTED
[16Apr2026 02:31:42.659] [Netty Epoll Server IO #7/DEBUG] [net.minecraftforge.network.NetworkRegistry/NETREGISTRY]: Channel 'nitrogen_internals:main' : Version test of '1' from client : ACCEPTED
[16Apr2026 02:31:42.659] [Netty Epoll Server IO #7/DEBUG] [net.minecraftforge.network.NetworkRegistry/NETREGISTRY]: Channel 'fallingtree:main' : Version test of 'ABSENT 🤔' from client : ACCEPTED
[16Apr2026 02:31:42.659] [Netty Epoll Server IO #7/DEBUG] [net.minecraftforge.network.NetworkRegistry/NETREGISTRY]: Channel 'travelersbackpack:network' : Version test of 'travelersbackpack:1' from client : ACCEPTED
[16Apr2026 02:31:42.660] [Netty Epoll Server IO #7/DEBUG] [net.minecraftforge.network.NetworkRegistry/NETREGISTRY]: Channel 'curios:main' : Version test of '1' from client : ACCEPTED
[16Apr2026 02:31:42.660] [Netty Epoll Server IO #7/DEBUG] [net.minecraftforge.network.NetworkRegistry/NETREGISTRY]: Channel 'placebo:placebo' : Version test of '1.0.0' from client : ACCEPTED
[16Apr2026 02:31:42.660] [Netty Epoll Server IO #7/DEBUG] [net.minecraftforge.network.NetworkRegistry/NETREGISTRY]: Channel 'balm:network' : Version test of '1.0' from client : ACCEPTED
[16Apr2026 02:31:42.660] [Netty Epoll Server IO #7/DEBUG] [net.minecraftforge.network.NetworkRegistry/NETREGISTRY]: Channel 'immersive_melodies:main' : Version test of '1' from client : ACCEPTED
[16Apr2026 02:31:42.660] [Netty Epoll Server IO #7/DEBUG] [net.minecraftforge.network.NetworkRegistry/NETREGISTRY]: Channel 'attributeslib:attributeslib' : Version test of '1.0.0' from client : ACCEPTED
[16Apr2026 02:31:42.660] [Netty Epoll Server IO #7/DEBUG] [net.minecraftforge.network.NetworkRegistry/NETREGISTRY]: Channel 'skinshuffle:handshake' : Version test of 'ABSENT 🤔' from client : ACCEPTED
[16Apr2026 02:31:42.660] [Netty Epoll Server IO #7/DEBUG] [net.minecraftforge.network.NetworkRegistry/NETREGISTRY]: Channel 'cataclysm:main_channel' : Version test of '1' from client : ACCEPTED
[16Apr2026 02:31:42.660] [Netty Epoll Server IO #7/DEBUG] [net.minecraftforge.network.NetworkRegistry/NETREGISTRY]: Channel 'lionfishapi:main_channel' : Version test of '1' from client : ACCEPTED
[16Apr2026 02:31:42.660] [Netty Epoll Server IO #7/DEBUG] [net.minecraftforge.network.NetworkRegistry/NETREGISTRY]: Channel 'fml:loginwrapper' : Version test of 'FML3' from client : ACCEPTED
[16Apr2026 02:31:42.660] [Netty Epoll Server IO #7/DEBUG] [net.minecraftforge.network.NetworkRegistry/NETREGISTRY]: Channel 'enchantinginfuser:1' : Version test of '1' from client : ACCEPTED
[16Apr2026 02:31:42.660] [Netty Epoll Server IO #7/DEBUG] [net.minecraftforge.network.NetworkRegistry/NETREGISTRY]: Channel 'forge:tier_sorting' : Version test of '1.0' from client : ACCEPTED
[16Apr2026 02:31:42.660] [Netty Epoll Server IO #7/DEBUG] [net.minecraftforge.network.NetworkRegistry/NETREGISTRY]: Channel 'vanillabackport:network' : Version test of '1' from client : ACCEPTED
[16Apr2026 02:31:42.660] [Netty Epoll Server IO #7/DEBUG] [net.minecraftforge.network.NetworkRegistry/NETREGISTRY]: Channel 'alexsmobs:main_channel' : Version test of '1' from client : ACCEPTED
[16Apr2026 02:31:42.660] [Netty Epoll Server IO #7/DEBUG] [net.minecraftforge.network.NetworkRegistry/NETREGISTRY]: Channel 'xaerolib:main' : Version test of '1.0' from client : ACCEPTED
[16Apr2026 02:31:42.660] [Netty Epoll Server IO #7/DEBUG] [net.minecraftforge.network.NetworkRegistry/NETREGISTRY]: Channel 'relics:network' : Version test of '1.0' from client : ACCEPTED
[16Apr2026 02:31:42.660] [Netty Epoll Server IO #7/DEBUG] [net.minecraftforge.network.NetworkRegistry/NETREGISTRY]: Channel 'fml:play' : Version test of 'FML3' from client : ACCEPTED
[16Apr2026 02:31:42.660] [Netty Epoll Server IO #7/DEBUG] [net.minecraftforge.network.NetworkRegistry/NETREGISTRY]: Channel 'ic_ip:main' : Version test of '1' from client : ACCEPTED
[16Apr2026 02:31:42.660] [Netty Epoll Server IO #7/DEBUG] [net.minecraftforge.network.NetworkRegistry/NETREGISTRY]: Channel 'fml:handshake' : Version test of 'FML3' from client : ACCEPTED
[16Apr2026 02:31:42.660] [Netty Epoll Server IO #7/DEBUG] [net.minecraftforge.network.NetworkRegistry/NETREGISTRY]: Channel 'lootr:main_network_channel' : Version test of '2' from client : ACCEPTED
[16Apr2026 02:31:42.660] [Netty Epoll Server IO #7/DEBUG] [net.minecraftforge.network.NetworkRegistry/NETREGISTRY]: Channel 'siegeweapons:main' : Version test of '1' from client : ACCEPTED
[16Apr2026 02:31:42.660] [Netty Epoll Server IO #7/DEBUG] [net.minecraftforge.network.NetworkRegistry/NETREGISTRY]: Channel 'xaeroworldmap:main' : Version test of '1.0' from client : ACCEPTED
[16Apr2026 02:31:42.660] [Netty Epoll Server IO #7/DEBUG] [net.minecraftforge.network.NetworkRegistry/NETREGISTRY]: Channel 'minecraft:register' : Version test of 'FML3' from client : ACCEPTED
[16Apr2026 02:31:42.660] [Netty Epoll Server IO #7/DEBUG] [net.minecraftforge.network.NetworkRegistry/NETREGISTRY]: Channel 'forge:split' : Version test of '1.1' from client : ACCEPTED
[16Apr2026 02:31:42.660] [Netty Epoll Server IO #7/DEBUG] [net.minecraftforge.network.NetworkRegistry/NETREGISTRY]: Channel 'geckolib:main' : Version test of '1' from client : ACCEPTED
[16Apr2026 02:31:42.660] [Netty Epoll Server IO #7/DEBUG] [net.minecraftforge.network.NetworkRegistry/NETREGISTRY]: Channel 'waystones:network' : Version test of '1.0' from client : ACCEPTED
[16Apr2026 02:31:42.660] [Netty Epoll Server IO #7/DEBUG] [net.minecraftforge.network.NetworkRegistry/NETREGISTRY]: Channel 'moonlight:channel' : Version test of '0' from client : ACCEPTED
[16Apr2026 02:31:42.660] [Netty Epoll Server IO #7/DEBUG] [net.minecraftforge.network.NetworkRegistry/NETREGISTRY]: Channel 'jade:networking' : Version test of '2' from client : ACCEPTED
[16Apr2026 02:31:42.661] [Netty Epoll Server IO #7/DEBUG] [net.minecraftforge.network.NetworkRegistry/NETREGISTRY]: Channel 'skinshuffle:refresh' : Version test of 'ABSENT 🤔' from client : ACCEPTED
[16Apr2026 02:31:42.661] [Netty Epoll Server IO #7/DEBUG] [net.minecraftforge.network.NetworkRegistry/NETREGISTRY]: Accepting channel list from client
[16Apr2026 02:31:42.661] [Netty Epoll Server IO #7/DEBUG] [net.minecraftforge.network.HandshakeHandler/FMLHANDSHAKE]: Accepted client connection mod list
[16Apr2026 02:31:42.661] [Netty Epoll Server IO #7/DEBUG] [net.minecraftforge.network.LoginWrapper/FMLHANDSHAKE]: Recieved login wrapper packet event for channel fml:handshake with index 2
[16Apr2026 02:31:42.661] [Netty Epoll Server IO #7/DEBUG] [net.minecraftforge.network.HandshakeHandler/FMLHANDSHAKE]: Received client indexed reply 2 of type net.minecraftforge.network.HandshakeMessages$C2SAcknowledge
[16Apr2026 02:31:42.661] [Netty Epoll Server IO #7/DEBUG] [net.minecraftforge.network.HandshakeHandler/FMLHANDSHAKE]: Received acknowledgement from client
[16Apr2026 02:31:42.676] [Server thread/DEBUG] [net.minecraftforge.network.HandshakeHandler/FMLHANDSHAKE]: Sending ticking packet info 'Registry minecraft:particle_type' to 'fml:handshake' sequence 6
[16Apr2026 02:31:42.723] [Netty Epoll Server IO #7/DEBUG] [net.minecraftforge.network.LoginWrapper/FMLHANDSHAKE]: Recieved login wrapper packet event for channel fml:handshake with index 3
[16Apr2026 02:31:42.723] [Netty Epoll Server IO #7/DEBUG] [net.minecraftforge.network.HandshakeHandler/FMLHANDSHAKE]: Received client indexed reply 3 of type net.minecraftforge.network.HandshakeMessages$C2SAcknowledge
[16Apr2026 02:31:42.723] [Netty Epoll Server IO #7/DEBUG] [net.minecraftforge.network.HandshakeHandler/FMLHANDSHAKE]: Received acknowledgement from client
[16Apr2026 02:31:42.726] [Server thread/DEBUG] [net.minecraftforge.network.HandshakeHandler/FMLHANDSHAKE]: Sending ticking packet info 'Registry minecraft:villager_profession' to 'fml:handshake' sequence 7
[16Apr2026 02:31:42.776] [Server thread/DEBUG] [net.minecraftforge.network.HandshakeHandler/FMLHANDSHAKE]: Sending ticking packet info 'Registry minecraft:item' to 'fml:handshake' sequence 8
[16Apr2026 02:31:42.821] [Netty Epoll Server IO #7/DEBUG] [net.minecraftforge.network.LoginWrapper/FMLHANDSHAKE]: Recieved login wrapper packet event for channel fml:handshake with index 4
[16Apr2026 02:31:42.821] [Netty Epoll Server IO #7/DEBUG] [net.minecraftforge.network.HandshakeHandler/FMLHANDSHAKE]: Received client indexed reply 4 of type net.minecraftforge.network.HandshakeMessages$C2SAcknowledge
[16Apr2026 02:31:42.821] [Netty Epoll Server IO #7/DEBUG] [net.minecraftforge.network.HandshakeHandler/FMLHANDSHAKE]: Received acknowledgement from client
[16Apr2026 02:31:42.826] [Server thread/DEBUG] [net.minecraftforge.network.HandshakeHandler/FMLHANDSHAKE]: Sending ticking packet info 'Registry minecraft:potion' to 'fml:handshake' sequence 9
[16Apr2026 02:31:42.876] [Server thread/DEBUG] [net.minecraftforge.network.HandshakeHandler/FMLHANDSHAKE]: Sending ticking packet info 'Registry minecraft:painting_variant' to 'fml:handshake' sequence 10
[16Apr2026 02:31:42.926] [Server thread/DEBUG] [net.minecraftforge.network.HandshakeHandler/FMLHANDSHAKE]: Sending ticking packet info 'Registry forge:fluid_type' to 'fml:handshake' sequence 11
[16Apr2026 02:31:42.976] [Server thread/DEBUG] [net.minecraftforge.network.HandshakeHandler/FMLHANDSHAKE]: Sending ticking packet info 'Registry minecraft:block_entity_type' to 'fml:handshake' sequence 12
[16Apr2026 02:31:43.026] [Server thread/DEBUG] [net.minecraftforge.network.HandshakeHandler/FMLHANDSHAKE]: Sending ticking packet info 'Registry forge:display_contexts' to 'fml:handshake' sequence 13
[16Apr2026 02:31:43.076] [Server thread/DEBUG] [net.minecraftforge.network.HandshakeHandler/FMLHANDSHAKE]: Sending ticking packet info 'Registry minecraft:block' to 'fml:handshake' sequence 14
[16Apr2026 02:31:43.126] [Server thread/DEBUG] [net.minecraftforge.network.HandshakeHandler/FMLHANDSHAKE]: Sending ticking packet info 'Registry forge:entity_data_serializers' to 'fml:handshake' sequence 15
[16Apr2026 02:31:43.176] [Server thread/DEBUG] [net.minecraftforge.network.HandshakeHandler/FMLHANDSHAKE]: Sending ticking packet info 'Registry minecraft:mob_effect' to 'fml:handshake' sequence 16
[16Apr2026 02:31:43.226] [Server thread/DEBUG] [net.minecraftforge.network.HandshakeHandler/FMLHANDSHAKE]: Sending ticking packet info 'Registry minecraft:stat_type' to 'fml:handshake' sequence 17
[16Apr2026 02:31:43.276] [Server thread/DEBUG] [net.minecraftforge.network.HandshakeHandler/FMLHANDSHAKE]: Sending ticking packet info 'Registry minecraft:menu' to 'fml:handshake' sequence 18
[16Apr2026 02:31:43.326] [Server thread/DEBUG] [net.minecraftforge.network.HandshakeHandler/FMLHANDSHAKE]: Sending ticking packet info 'Registry minecraft:enchantment' to 'fml:handshake' sequence 19
[16Apr2026 02:31:43.376] [Server thread/DEBUG] [net.minecraftforge.network.HandshakeHandler/FMLHANDSHAKE]: Sending ticking packet info 'Registry minecraft:fluid' to 'fml:handshake' sequence 20
[16Apr2026 02:31:43.426] [Server thread/DEBUG] [net.minecraftforge.network.HandshakeHandler/FMLHANDSHAKE]: Sending ticking packet info 'Registry minecraft:entity_type' to 'fml:handshake' sequence 21
[16Apr2026 02:31:43.476] [Server thread/DEBUG] [net.minecraftforge.network.HandshakeHandler/FMLHANDSHAKE]: Sending ticking packet info 'Registry aether:advancement_sound_override' to 'fml:handshake' sequence 22
[16Apr2026 02:31:43.526] [Server thread/DEBUG] [net.minecraftforge.network.HandshakeHandler/FMLHANDSHAKE]: Sending ticking packet info 'Config curios-server.toml' to 'fml:handshake' sequence 23
[16Apr2026 02:31:43.576] [Server thread/DEBUG] [net.minecraftforge.network.HandshakeHandler/FMLHANDSHAKE]: Sending ticking packet info 'Config travelersbackpack-server.toml' to 'fml:handshake' sequence 24
[16Apr2026 02:31:43.626] [Server thread/DEBUG] [net.minecraftforge.network.HandshakeHandler/FMLHANDSHAKE]: Sending ticking packet info 'Config enchantinginfuser-server.toml' to 'fml:handshake' sequence 25
[16Apr2026 02:31:43.676] [Server thread/DEBUG] [net.minecraftforge.network.HandshakeHandler/FMLHANDSHAKE]: Sending ticking packet info 'Config siegeweapons-server.toml' to 'fml:handshake' sequence 26
[16Apr2026 02:31:43.681] [Netty Epoll Server IO #7/DEBUG] [net.minecraftforge.network.LoginWrapper/FMLHANDSHAKE]: Recieved login wrapper packet event for channel fml:handshake with index 5
[16Apr2026 02:31:43.681] [Netty Epoll Server IO #7/DEBUG] [net.minecraftforge.network.HandshakeHandler/FMLHANDSHAKE]: Received client indexed reply 5 of type net.minecraftforge.network.HandshakeMessages$C2SAcknowledge
[16Apr2026 02:31:43.681] [Netty Epoll Server IO #7/DEBUG] [net.minecraftforge.network.HandshakeHandler/FMLHANDSHAKE]: Received acknowledgement from client
[16Apr2026 02:31:43.726] [Server thread/DEBUG] [net.minecraftforge.network.HandshakeHandler/FMLHANDSHAKE]: Sending ticking packet info 'Config aether-server.toml' to 'fml:handshake' sequence 27
[16Apr2026 02:31:43.776] [Server thread/DEBUG] [net.minecraftforge.network.HandshakeHandler/FMLHANDSHAKE]: Sending ticking packet info 'Config forge-server.toml' to 'fml:handshake' sequence 28
[16Apr2026 02:31:43.809] [Netty Epoll Server IO #7/DEBUG] [net.minecraftforge.network.LoginWrapper/FMLHANDSHAKE]: Recieved login wrapper packet event for channel fml:handshake with index 6
[16Apr2026 02:31:43.809] [Netty Epoll Server IO #7/DEBUG] [net.minecraftforge.network.HandshakeHandler/FMLHANDSHAKE]: Received client indexed reply 6 of type net.minecraftforge.network.HandshakeMessages$C2SAcknowledge
[16Apr2026 02:31:43.809] [Netty Epoll Server IO #7/DEBUG] [net.minecraftforge.network.HandshakeHandler/FMLHANDSHAKE]: Received acknowledgement from client
[16Apr2026 02:31:43.809] [Netty Epoll Server IO #7/DEBUG] [net.minecraftforge.network.LoginWrapper/FMLHANDSHAKE]: Recieved login wrapper packet event for channel fml:handshake with index 7
[16Apr2026 02:31:43.809] [Netty Epoll Server IO #7/DEBUG] [net.minecraftforge.network.HandshakeHandler/FMLHANDSHAKE]: Received client indexed reply 7 of type net.minecraftforge.network.HandshakeMessages$C2SAcknowledge
[16Apr2026 02:31:43.809] [Netty Epoll Server IO #7/DEBUG] [net.minecraftforge.network.HandshakeHandler/FMLHANDSHAKE]: Received acknowledgement from client
[16Apr2026 02:31:47.395] [Netty Epoll Server IO #7/DEBUG] [net.minecraftforge.network.LoginWrapper/FMLHANDSHAKE]: Recieved login wrapper packet event for channel fml:handshake with index 8
[16Apr2026 02:31:47.395] [Netty Epoll Server IO #7/DEBUG] [net.minecraftforge.network.HandshakeHandler/FMLHANDSHAKE]: Received client indexed reply 8 of type net.minecraftforge.network.HandshakeMessages$C2SAcknowledge
[16Apr2026 02:31:47.395] [Netty Epoll Server IO #7/DEBUG] [net.minecraftforge.network.HandshakeHandler/FMLHANDSHAKE]: Received acknowledgement from client
[16Apr2026 02:31:47.399] [Netty Epoll Server IO #7/DEBUG] [net.minecraftforge.network.LoginWrapper/FMLHANDSHAKE]: Recieved login wrapper packet event for channel fml:handshake with index 9
[16Apr2026 02:31:47.400] [Netty Epoll Server IO #7/DEBUG] [net.minecraftforge.network.HandshakeHandler/FMLHANDSHAKE]: Received client indexed reply 9 of type net.minecraftforge.network.HandshakeMessages$C2SAcknowledge
[16Apr2026 02:31:47.400] [Netty Epoll Server IO #7/DEBUG] [net.minecraftforge.network.HandshakeHandler/FMLHANDSHAKE]: Received acknowledgement from client
[16Apr2026 02:31:47.401] [Netty Epoll Server IO #7/DEBUG] [net.minecraftforge.network.LoginWrapper/FMLHANDSHAKE]: Recieved login wrapper packet event for channel fml:handshake with index 10
[16Apr2026 02:31:47.401] [Netty Epoll Server IO #7/DEBUG] [net.minecraftforge.network.HandshakeHandler/FMLHANDSHAKE]: Received client indexed reply 10 of type net.minecraftforge.network.HandshakeMessages$C2SAcknowledge
[16Apr2026 02:31:47.401] [Netty Epoll Server IO #7/DEBUG] [net.minecraftforge.network.HandshakeHandler/FMLHANDSHAKE]: Received acknowledgement from client
[16Apr2026 02:31:47.408] [Netty Epoll Server IO #7/DEBUG] [net.minecraftforge.network.LoginWrapper/FMLHANDSHAKE]: Recieved login wrapper packet event for channel fml:handshake with index 11
[16Apr2026 02:31:47.409] [Netty Epoll Server IO #7/DEBUG] [net.minecraftforge.network.HandshakeHandler/FMLHANDSHAKE]: Received client indexed reply 11 of type net.minecraftforge.network.HandshakeMessages$C2SAcknowledge
[16Apr2026 02:31:47.409] [Netty Epoll Server IO #7/DEBUG] [net.minecraftforge.network.HandshakeHandler/FMLHANDSHAKE]: Received acknowledgement from client
[16Apr2026 02:31:47.421] [Netty Epoll Server IO #7/DEBUG] [net.minecraftforge.network.LoginWrapper/FMLHANDSHAKE]: Recieved login wrapper packet event for channel fml:handshake with index 12
[16Apr2026 02:31:47.422] [Netty Epoll Server IO #7/DEBUG] [net.minecraftforge.network.HandshakeHandler/FMLHANDSHAKE]: Received client indexed reply 12 of type net.minecraftforge.network.HandshakeMessages$C2SAcknowledge
[16Apr2026 02:31:47.422] [Netty Epoll Server IO #7/DEBUG] [net.minecraftforge.network.HandshakeHandler/FMLHANDSHAKE]: Received acknowledgement from client
[16Apr2026 02:31:47.422] [Netty Epoll Server IO #7/DEBUG] [net.minecraftforge.network.LoginWrapper/FMLHANDSHAKE]: Recieved login wrapper packet event for channel fml:handshake with index 13
[16Apr2026 02:31:47.422] [Netty Epoll Server IO #7/DEBUG] [net.minecraftforge.network.HandshakeHandler/FMLHANDSHAKE]: Received client indexed reply 13 of type net.minecraftforge.network.HandshakeMessages$C2SAcknowledge
[16Apr2026 02:31:47.422] [Netty Epoll Server IO #7/DEBUG] [net.minecraftforge.network.HandshakeHandler/FMLHANDSHAKE]: Received acknowledgement from client
[16Apr2026 02:31:48.164] [Netty Epoll Server IO #7/DEBUG] [net.minecraftforge.network.LoginWrapper/FMLHANDSHAKE]: Recieved login wrapper packet event for channel fml:handshake with index 14
[16Apr2026 02:31:48.164] [Netty Epoll Server IO #7/DEBUG] [net.minecraftforge.network.HandshakeHandler/FMLHANDSHAKE]: Received client indexed reply 14 of type net.minecraftforge.network.HandshakeMessages$C2SAcknowledge
[16Apr2026 02:31:48.164] [Netty Epoll Server IO #7/DEBUG] [net.minecraftforge.network.HandshakeHandler/FMLHANDSHAKE]: Received acknowledgement from client
[16Apr2026 02:31:48.169] [Netty Epoll Server IO #7/DEBUG] [net.minecraftforge.network.LoginWrapper/FMLHANDSHAKE]: Recieved login wrapper packet event for channel fml:handshake with index 15
[16Apr2026 02:31:48.169] [Netty Epoll Server IO #7/DEBUG] [net.minecraftforge.network.HandshakeHandler/FMLHANDSHAKE]: Received client indexed reply 15 of type net.minecraftforge.network.HandshakeMessages$C2SAcknowledge
[16Apr2026 02:31:48.169] [Netty Epoll Server IO #7/DEBUG] [net.minecraftforge.network.HandshakeHandler/FMLHANDSHAKE]: Received acknowledgement from client
[16Apr2026 02:31:48.169] [Netty Epoll Server IO #7/DEBUG] [net.minecraftforge.network.LoginWrapper/FMLHANDSHAKE]: Recieved login wrapper packet event for channel fml:handshake with index 16
[16Apr2026 02:31:48.169] [Netty Epoll Server IO #7/DEBUG] [net.minecraftforge.network.HandshakeHandler/FMLHANDSHAKE]: Received client indexed reply 16 of type net.minecraftforge.network.HandshakeMessages$C2SAcknowledge
[16Apr2026 02:31:48.169] [Netty Epoll Server IO #7/DEBUG] [net.minecraftforge.network.HandshakeHandler/FMLHANDSHAKE]: Received acknowledgement from client
[16Apr2026 02:31:48.169] [Netty Epoll Server IO #7/DEBUG] [net.minecraftforge.network.LoginWrapper/FMLHANDSHAKE]: Recieved login wrapper packet event for channel fml:handshake with index 17
[16Apr2026 02:31:48.169] [Netty Epoll Server IO #7/DEBUG] [net.minecraftforge.network.HandshakeHandler/FMLHANDSHAKE]: Received client indexed reply 17 of type net.minecraftforge.network.HandshakeMessages$C2SAcknowledge
[16Apr2026 02:31:48.169] [Netty Epoll Server IO #7/DEBUG] [net.minecraftforge.network.HandshakeHandler/FMLHANDSHAKE]: Received acknowledgement from client
[16Apr2026 02:31:48.172] [Netty Epoll Server IO #7/DEBUG] [net.minecraftforge.network.LoginWrapper/FMLHANDSHAKE]: Recieved login wrapper packet event for channel fml:handshake with index 18
[16Apr2026 02:31:48.172] [Netty Epoll Server IO #7/DEBUG] [net.minecraftforge.network.HandshakeHandler/FMLHANDSHAKE]: Received client indexed reply 18 of type net.minecraftforge.network.HandshakeMessages$C2SAcknowledge
[16Apr2026 02:31:48.172] [Netty Epoll Server IO #7/DEBUG] [net.minecraftforge.network.HandshakeHandler/FMLHANDSHAKE]: Received acknowledgement from client
[16Apr2026 02:31:48.172] [Netty Epoll Server IO #7/DEBUG] [net.minecraftforge.network.LoginWrapper/FMLHANDSHAKE]: Recieved login wrapper packet event for channel fml:handshake with index 19
[16Apr2026 02:31:48.172] [Netty Epoll Server IO #7/DEBUG] [net.minecraftforge.network.HandshakeHandler/FMLHANDSHAKE]: Received client indexed reply 19 of type net.minecraftforge.network.HandshakeMessages$C2SAcknowledge
[16Apr2026 02:31:48.172] [Netty Epoll Server IO #7/DEBUG] [net.minecraftforge.network.HandshakeHandler/FMLHANDSHAKE]: Received acknowledgement from client
[16Apr2026 02:31:48.172] [Netty Epoll Server IO #7/DEBUG] [net.minecraftforge.network.LoginWrapper/FMLHANDSHAKE]: Recieved login wrapper packet event for channel fml:handshake with index 20
[16Apr2026 02:31:48.173] [Netty Epoll Server IO #7/DEBUG] [net.minecraftforge.network.HandshakeHandler/FMLHANDSHAKE]: Received client indexed reply 20 of type net.minecraftforge.network.HandshakeMessages$C2SAcknowledge
[16Apr2026 02:31:48.173] [Netty Epoll Server IO #7/DEBUG] [net.minecraftforge.network.HandshakeHandler/FMLHANDSHAKE]: Received acknowledgement from client
[16Apr2026 02:31:48.173] [Netty Epoll Server IO #7/DEBUG] [net.minecraftforge.network.LoginWrapper/FMLHANDSHAKE]: Recieved login wrapper packet event for channel fml:handshake with index 21
[16Apr2026 02:31:48.173] [Netty Epoll Server IO #7/DEBUG] [net.minecraftforge.network.HandshakeHandler/FMLHANDSHAKE]: Received client indexed reply 21 of type net.minecraftforge.network.HandshakeMessages$C2SAcknowledge
[16Apr2026 02:31:48.173] [Netty Epoll Server IO #7/DEBUG] [net.minecraftforge.network.HandshakeHandler/FMLHANDSHAKE]: Received acknowledgement from client
[16Apr2026 02:31:52.537] [Netty Epoll Server IO #7/DEBUG] [net.minecraftforge.network.LoginWrapper/FMLHANDSHAKE]: Recieved login wrapper packet event for channel fml:handshake with index 22
[16Apr2026 02:31:52.537] [Netty Epoll Server IO #7/DEBUG] [net.minecraftforge.network.HandshakeHandler/FMLHANDSHAKE]: Received client indexed reply 22 of type net.minecraftforge.network.HandshakeMessages$C2SAcknowledge
[16Apr2026 02:31:52.537] [Netty Epoll Server IO #7/DEBUG] [net.minecraftforge.network.HandshakeHandler/FMLHANDSHAKE]: Received acknowledgement from client
[16Apr2026 02:31:52.537] [Netty Epoll Server IO #7/DEBUG] [net.minecraftforge.network.LoginWrapper/FMLHANDSHAKE]: Recieved login wrapper packet event for channel fml:handshake with index 23
[16Apr2026 02:31:52.537] [Netty Epoll Server IO #7/DEBUG] [net.minecraftforge.network.HandshakeHandler/FMLHANDSHAKE]: Received client indexed reply 23 of type net.minecraftforge.network.HandshakeMessages$C2SAcknowledge
[16Apr2026 02:31:52.537] [Netty Epoll Server IO #7/DEBUG] [net.minecraftforge.network.HandshakeHandler/FMLHANDSHAKE]: Received acknowledgement from client
[16Apr2026 02:31:52.537] [Netty Epoll Server IO #7/DEBUG] [net.minecraftforge.network.LoginWrapper/FMLHANDSHAKE]: Recieved login wrapper packet event for channel fml:handshake with index 24
[16Apr2026 02:31:52.537] [Netty Epoll Server IO #7/DEBUG] [net.minecraftforge.network.HandshakeHandler/FMLHANDSHAKE]: Received client indexed reply 24 of type net.minecraftforge.network.HandshakeMessages$C2SAcknowledge
[16Apr2026 02:31:52.537] [Netty Epoll Server IO #7/DEBUG] [net.minecraftforge.network.HandshakeHandler/FMLHANDSHAKE]: Received acknowledgement from client
[16Apr2026 02:31:52.537] [Netty Epoll Server IO #7/DEBUG] [net.minecraftforge.network.LoginWrapper/FMLHANDSHAKE]: Recieved login wrapper packet event for channel fml:handshake with index 25
[16Apr2026 02:31:52.537] [Netty Epoll Server IO #7/DEBUG] [net.minecraftforge.network.HandshakeHandler/FMLHANDSHAKE]: Received client indexed reply 25 of type net.minecraftforge.network.HandshakeMessages$C2SAcknowledge
[16Apr2026 02:31:52.537] [Netty Epoll Server IO #7/DEBUG] [net.minecraftforge.network.HandshakeHandler/FMLHANDSHAKE]: Received acknowledgement from client
[16Apr2026 02:31:52.537] [Netty Epoll Server IO #7/DEBUG] [net.minecraftforge.network.LoginWrapper/FMLHANDSHAKE]: Recieved login wrapper packet event for channel fml:handshake with index 26
[16Apr2026 02:31:52.538] [Netty Epoll Server IO #7/DEBUG] [net.minecraftforge.network.HandshakeHandler/FMLHANDSHAKE]: Received client indexed reply 26 of type net.minecraftforge.network.HandshakeMessages$C2SAcknowledge
[16Apr2026 02:31:52.538] [Netty Epoll Server IO #7/DEBUG] [net.minecraftforge.network.HandshakeHandler/FMLHANDSHAKE]: Received acknowledgement from client
[16Apr2026 02:31:52.538] [Netty Epoll Server IO #7/DEBUG] [net.minecraftforge.network.LoginWrapper/FMLHANDSHAKE]: Recieved login wrapper packet event for channel fml:handshake with index 27
[16Apr2026 02:31:52.538] [Netty Epoll Server IO #7/DEBUG] [net.minecraftforge.network.HandshakeHandler/FMLHANDSHAKE]: Received client indexed reply 27 of type net.minecraftforge.network.HandshakeMessages$C2SAcknowledge
[16Apr2026 02:31:52.538] [Netty Epoll Server IO #7/DEBUG] [net.minecraftforge.network.HandshakeHandler/FMLHANDSHAKE]: Received acknowledgement from client
[16Apr2026 02:31:52.538] [Netty Epoll Server IO #7/DEBUG] [net.minecraftforge.network.LoginWrapper/FMLHANDSHAKE]: Recieved login wrapper packet event for channel fml:handshake with index 28
[16Apr2026 02:31:52.538] [Netty Epoll Server IO #7/DEBUG] [net.minecraftforge.network.HandshakeHandler/FMLHANDSHAKE]: Received client indexed reply 28 of type net.minecraftforge.network.HandshakeMessages$C2SAcknowledge
[16Apr2026 02:31:52.538] [Netty Epoll Server IO #7/DEBUG] [net.minecraftforge.network.HandshakeHandler/FMLHANDSHAKE]: Received acknowledgement from client
[16Apr2026 02:31:52.576] [Server thread/DEBUG] [net.minecraftforge.network.HandshakeHandler/FMLHANDSHAKE]: Handshake complete!
[16Apr2026 02:31:52.627] [ForkJoinPool.commonPool-worker-5/DEBUG] [SkinRestorer/]: Fetching davixlapida123's skin
[16Apr2026 02:31:52.763] [Server thread/INFO] [net.minecraft.server.players.PlayerList/]: davixlapida123[/127.83.155.71:50023] logged in with entity id 162 at (4859.794934098069, 55.0, -2805.300000011921)
[16Apr2026 02:31:52.764] [Server thread/DEBUG] [net.minecraftforge.network.filters.NetworkFilters/]: Injected net.minecraftforge.network.filters.ForgeConnectionNetworkFilter@53c601c0 into net.minecraft.network.Connection@121204f8
[16Apr2026 02:31:52.846] [Server thread/INFO] [net.minecraft.server.MinecraftServer/]: davixlapida123 joined the game
[16Apr2026 02:31:52.873] [Server thread/INFO] [Jade/]: Syncing config to davixlapida123 (dc4e3ba7-b98d-365a-925e-d011efff1420)
[16Apr2026 02:32:00.542] [Server thread/DEBUG] [net.minecraftforge.common.ForgeHooks/WP]: Gathering id map for writing to world save world
[16Apr2026 02:32:00.599] [Server thread/DEBUG] [net.minecraftforge.common.ForgeHooks/WP]: ID Map collection complete world
[16Apr2026 02:32:19.649] [Server thread/INFO] [net.minecraft.server.MinecraftServer/]: [Not Secure] <davixlapida123> asd
[16Apr2026 02:34:02.240] [Worker-Main-10/DEBUG] [mixin/]: Mixing common.accessor.WorldGenRegionAccessor from aether.mixins.json into net.minecraft.server.level.WorldGenRegion
[16Apr2026 02:34:02.241] [Worker-Main-10/DEBUG] [mixin/]: Mixing accessor.WorldGenRegionAccessor from betteroceanmonuments.mixins.json into net.minecraft.server.level.WorldGenRegion
[16Apr2026 02:34:02.241] [Worker-Main-10/DEBUG] [mixin/]: Mixing accessor.WorldGenRegionAccessor from cataclysm.mixins.json into net.minecraft.server.level.WorldGenRegion
[16Apr2026 02:34:02.241] [Worker-Main-10/DEBUG] [mixin/]: Mixing world.WorldGenRegionAccessor from moogs_structures-common.mixins.json into net.minecraft.server.level.WorldGenRegion
[16Apr2026 02:34:02.241] [Worker-Main-10/DEBUG] [mixin/]: Mixing accessor.WorldGenRegionAccessor from betterjungletemples.mixins.json into net.minecraft.server.level.WorldGenRegion
[16Apr2026 02:34:02.242] [Worker-Main-10/DEBUG] [mixin/]: Unexpected: Registered method getStructureManager()Lnet/minecraft/world/level/StructureManager; in net.minecraft.server.level.WorldGenRegion was not merged
[16Apr2026 02:34:02.242] [Worker-Main-10/DEBUG] [mixin/]: Unexpected: Registered method getFirstPos()Lnet/minecraft/world/level/ChunkPos; in net.minecraft.server.level.WorldGenRegion was not merged
[16Apr2026 02:34:02.242] [Worker-Main-10/DEBUG] [mixin/]: Unexpected: Registered method getLastPos()Lnet/minecraft/world/level/ChunkPos; in net.minecraft.server.level.WorldGenRegion was not merged
[16Apr2026 02:34:02.242] [Worker-Main-10/DEBUG] [mixin/]: Unexpected: Registered method getCache()Ljava/util/List; in net.minecraft.server.level.WorldGenRegion was not merged
[16Apr2026 02:34:02.243] [Worker-Main-10/DEBUG] [mixin/]: Unexpected: Registered method getFirstPos()Lnet/minecraft/world/level/ChunkPos; in net.minecraft.server.level.WorldGenRegion was not merged
[16Apr2026 02:34:02.243] [Worker-Main-10/DEBUG] [mixin/]: Unexpected: Registered method getSize()I in net.minecraft.server.level.WorldGenRegion was not merged
[16Apr2026 02:34:02.243] [Worker-Main-10/DEBUG] [mixin/]: Unexpected: Registered method getSize()I in net.minecraft.server.level.WorldGenRegion was not merged
[16Apr2026 02:34:02.243] [Worker-Main-10/DEBUG] [mixin/]: Unexpected: Registered method getStructureManager()Lnet/minecraft/world/level/StructureManager; in net.minecraft.server.level.WorldGenRegion was not merged
[16Apr2026 02:34:02.243] [Worker-Main-10/DEBUG] [mixin/]: Unexpected: Registered method getStructureManager()Lnet/minecraft/world/level/StructureManager; in net.minecraft.server.level.WorldGenRegion was not merged
[16Apr2026 02:34:02.243] [Worker-Main-10/DEBUG] [mixin/]: Unexpected: Registered method getLastPos()Lnet/minecraft/world/level/ChunkPos; in net.minecraft.server.level.WorldGenRegion was not merged
[16Apr2026 02:34:02.243] [Worker-Main-10/DEBUG] [mixin/]: Unexpected: Registered method getCache()Ljava/util/List; in net.minecraft.server.level.WorldGenRegion was not merged
[16Apr2026 02:34:02.461] [Worker-Main-9/DEBUG] [mixin/]: Mixing common.BeardifierMixin from lithostitched.forge.mixins.json into net.minecraft.world.level.levelgen.Beardifier
[16Apr2026 02:34:02.463] [Worker-Main-9/DEBUG] [mixin/]: Mixing BeardifierMixin from yungsapi.mixins.json into net.minecraft.world.level.levelgen.Beardifier
[16Apr2026 02:34:02.467] [Worker-Main-9/DEBUG] [mixin/]: Mixing accessor.BeardifierAccessor from yungsapi.mixins.json into net.minecraft.world.level.levelgen.Beardifier
[16Apr2026 02:34:02.467] [Worker-Main-9/DEBUG] [mixin/]: Mixing accessor.BeardifierAccessor from cataclysm.mixins.json into net.minecraft.world.level.levelgen.Beardifier
[16Apr2026 02:34:02.477] [Worker-Main-9/DEBUG] [mixin/]: Unexpected: Registered method getPieceIterator()Lit/unimi/dsi/fastutil/objects/ObjectListIterator; in net.minecraft.world.level.levelgen.Beardifier was not merged
[16Apr2026 02:34:02.477] [Worker-Main-9/DEBUG] [mixin/]: Unexpected: Registered method getJunctionIterator()Lit/unimi/dsi/fastutil/objects/ObjectListIterator; in net.minecraft.world.level.levelgen.Beardifier was not merged
[16Apr2026 02:34:02.742] [Worker-Main-9/WARN] [net.minecraft.world.level.levelgen.heightproviders.UniformHeight/]: Empty height range: [6 above bottom--1 absolute]
[16Apr2026 02:34:02.743] [Worker-Main-9/WARN] [net.minecraft.world.level.levelgen.heightproviders.UniformHeight/]: Empty height range: [6 above bottom--1 absolute]
[16Apr2026 02:34:02.747] [Worker-Main-9/WARN] [net.minecraft.world.level.levelgen.heightproviders.UniformHeight/]: Empty height range: [6 above bottom--1 absolute]
[16Apr2026 02:34:11.287] [Server thread/INFO] [net.minecraft.world.entity.LivingEntity/]: Named entity Phantom['Jess the Morbius'/201, l='ServerLevel[world]', x=4855.95, y=58.00, z=-2806.06] died: Jess the Morbius was slain by davixlapida123
[16Apr2026 02:34:20.487] [Server thread/INFO] [net.minecraft.server.MinecraftServer/]: davixlapida123 has completed the challenge [Titan-Forged]
[16Apr2026 02:37:00.410] [Server thread/DEBUG] [net.minecraftforge.common.ForgeHooks/WP]: Gathering id map for writing to world save world
[16Apr2026 02:37:00.427] [Server thread/DEBUG] [net.minecraftforge.common.ForgeHooks/WP]: ID Map collection complete world
[16Apr2026 02:37:41.589] [Server thread/INFO] [net.minecraft.server.MinecraftServer/]: davixlapida123 was slain by End Enderman
[16Apr2026 02:37:41.605] [Server thread/INFO] [com.tiviacz.travelersbackpack.TravelersBackpack/]: Created new backpack backup file for davixlapida123 with unique ID travelersbackpack.diamond_16.04.2026-02.37.41.dat
[16Apr2026 02:37:48.617] [Server thread/DEBUG] [mixin/]: Mixing VillagerGoalPackagesMixin from guardvillagers.mixins.json into net.minecraft.world.entity.ai.behavior.VillagerGoalPackages
[16Apr2026 02:37:48.984] [Server thread/DEBUG] [mixin/]: Mixing access.AnimationStateAccessor from vanillabackport.mixins.json into net.minecraft.world.entity.AnimationState
[16Apr2026 02:37:50.390] [Server thread/DEBUG] [mixin/]: Generating mapped inner class net/minecraft/world/entity/Mob$Anonymous$399b5842fa2d4851afc5a6cdbe1bfc5f (originally immersive_armors/mixin/MobEntityMixin$1)
[16Apr2026 02:38:00.211] [Server thread/INFO] [net.minecraft.server.MinecraftServer/]: [Not Secure] <davixlapida123> asd
[16Apr2026 02:40:21.224] [Server thread/INFO] [net.minecraft.world.entity.LivingEntity/]: Named entity Shulker['Israel the Jerk'/1754, l='ServerLevel[world]', x=4947.50, y=60.00, z=-2798.50] died: Israel the Jerk was slain by davixlapida123
[16Apr2026 02:41:33.673] [Server thread/DEBUG] [mixin/]: Mixing access.AnimalMakeLoveAccessor from vanillabackport.mixins.json into net.minecraft.world.entity.ai.behavior.AnimalMakeLove
[16Apr2026 02:41:46.083] [Server thread/INFO] [net.minecraft.server.MinecraftServer/]: davixlapida123 was slain by Enderman
[16Apr2026 02:41:46.092] [Server thread/INFO] [com.tiviacz.travelersbackpack.TravelersBackpack/]: Created new backpack backup file for davixlapida123 with unique ID travelersbackpack.diamond_16.04.2026-02.41.46.dat
[16Apr2026 02:42:00.392] [Server thread/DEBUG] [net.minecraftforge.common.ForgeHooks/WP]: Gathering id map for writing to world save world
[16Apr2026 02:42:00.408] [Server thread/DEBUG] [net.minecraftforge.common.ForgeHooks/WP]: ID Map collection complete world
[16Apr2026 02:42:53.556] [Server thread/DEBUG] [mixin/]: Mixing PiglinAiMixin from relics.mixins.json into net.minecraft.world.entity.monster.piglin.PiglinAi
[16Apr2026 02:42:53.556] [Server thread/DEBUG] [mixin/]: relics.mixins.json:PiglinAiMixin: Class version 61 required is higher than the class version supported by the current version of Mixin (JAVA_8 supports class version 52)
[16Apr2026 02:42:53.558] [Server thread/DEBUG] [mixin/]: Mixing MixinPiglinAi from curios.mixins.json into net.minecraft.world.entity.monster.piglin.PiglinAi
[16Apr2026 02:45:00.687] [Server thread/INFO] [net.minecraft.server.MinecraftServer/]: davixlapida123 was slain by Enderman
[16Apr2026 02:45:00.697] [Server thread/INFO] [com.tiviacz.travelersbackpack.TravelersBackpack/]: Created new backpack backup file for davixlapida123 with unique ID travelersbackpack.diamond_16.04.2026-02.45.00.dat
[16Apr2026 02:47:00.390] [Server thread/DEBUG] [net.minecraftforge.common.ForgeHooks/WP]: Gathering id map for writing to world save world
[16Apr2026 02:47:00.410] [Server thread/DEBUG] [net.minecraftforge.common.ForgeHooks/WP]: ID Map collection complete world
[16Apr2026 02:47:28.746] [Server thread/ERROR] [Apotheosis : Adventure/]: Failed to execute LootRule minecraft:diamond_boots/apotheosis:mythic/ABILITY/0.3!
[16Apr2026 02:49:41.858] [Worker-Main-10/ERROR] [net.minecraft.world.entity.decoration.HangingEntity/]: Hanging entity at invalid position: BlockPos{x=-1474, y=19, z=299}
[16Apr2026 02:49:41.860] [Worker-Main-10/ERROR] [net.minecraft.world.entity.decoration.HangingEntity/]: Hanging entity at invalid position: BlockPos{x=-1475, y=17, z=299}
[16Apr2026 02:49:41.860] [Worker-Main-10/ERROR] [net.minecraft.world.entity.decoration.HangingEntity/]: Hanging entity at invalid position: BlockPos{x=-1477, y=19, z=299}
[16Apr2026 02:49:41.860] [Worker-Main-10/ERROR] [net.minecraft.world.entity.decoration.HangingEntity/]: Hanging entity at invalid position: BlockPos{x=-1482, y=17, z=299}
[16Apr2026 02:49:41.861] [Worker-Main-10/ERROR] [net.minecraft.world.entity.decoration.HangingEntity/]: Hanging entity at invalid position: BlockPos{x=-1481, y=17, z=299}
[16Apr2026 02:49:41.861] [Worker-Main-10/ERROR] [net.minecraft.world.entity.decoration.HangingEntity/]: Hanging entity at invalid position: BlockPos{x=-1483, y=17, z=301}
[16Apr2026 02:49:41.862] [Worker-Main-10/ERROR] [net.minecraft.world.entity.decoration.HangingEntity/]: Hanging entity at invalid position: BlockPos{x=-1483, y=17, z=309}
[16Apr2026 02:49:41.862] [Worker-Main-10/ERROR] [net.minecraft.world.entity.decoration.HangingEntity/]: Hanging entity at invalid position: BlockPos{x=-1483, y=19, z=306}
[16Apr2026 02:49:41.862] [Worker-Main-10/ERROR] [net.minecraft.world.entity.decoration.HangingEntity/]: Hanging entity at invalid position: BlockPos{x=-1483, y=17, z=305}
[16Apr2026 02:49:42.482] [Worker-Main-9/ERROR] [net.minecraft.world.entity.decoration.HangingEntity/]: Hanging entity at invalid position: BlockPos{x=-1459, y=18, z=314}
[16Apr2026 02:49:42.482] [Worker-Main-9/ERROR] [net.minecraft.world.entity.decoration.HangingEntity/]: Hanging entity at invalid position: BlockPos{x=-1459, y=17, z=317}
[16Apr2026 02:49:42.483] [Worker-Main-9/ERROR] [net.minecraft.world.entity.decoration.HangingEntity/]: Hanging entity at invalid position: BlockPos{x=-1459, y=16, z=316}
[16Apr2026 02:49:42.485] [Worker-Main-9/ERROR] [net.minecraft.world.entity.decoration.HangingEntity/]: Hanging entity at invalid position: BlockPos{x=-1466, y=18, z=323}
[16Apr2026 02:49:42.485] [Worker-Main-9/ERROR] [net.minecraft.world.entity.decoration.HangingEntity/]: Hanging entity at invalid position: BlockPos{x=-1467, y=16, z=323}
[16Apr2026 02:49:42.486] [Worker-Main-9/ERROR] [net.minecraft.world.entity.decoration.HangingEntity/]: Hanging entity at invalid position: BlockPos{x=-1460, y=16, z=323}
[16Apr2026 02:49:42.486] [Worker-Main-9/ERROR] [net.minecraft.world.entity.decoration.HangingEntity/]: Hanging entity at invalid position: BlockPos{x=-1459, y=17, z=321}
[16Apr2026 02:49:54.985] [Server thread/INFO] [net.minecraft.server.MinecraftServer/]: davixlapida123 has made the advancement [Three Little Birds]
[16Apr2026 02:51:41.182] [Server thread/INFO] [net.minecraft.server.MinecraftServer/]: davixlapida123 was slain by Skeleton
[16Apr2026 02:51:41.193] [Server thread/INFO] [com.tiviacz.travelersbackpack.TravelersBackpack/]: Created new backpack backup file for davixlapida123 with unique ID travelersbackpack.diamond_16.04.2026-02.51.41.dat
[16Apr2026 02:51:47.684] [Server thread/WARN] [net.minecraft.server.MinecraftServer/]: Can't keep up! Is the server overloaded? Running 2458ms or 49 ticks behind
[16Apr2026 02:52:02.857] [Server thread/DEBUG] [net.minecraftforge.common.ForgeHooks/WP]: Gathering id map for writing to world save world
[16Apr2026 02:52:02.870] [Server thread/DEBUG] [net.minecraftforge.common.ForgeHooks/WP]: ID Map collection complete world
[16Apr2026 02:52:26.933] [Server thread/INFO] [net.minecraft.server.MinecraftServer/]: davixlapida123 has made the advancement [The City at the End of the Game]
[16Apr2026 02:52:50.456] [Server thread/INFO] [net.minecraft.server.MinecraftServer/]: davixlapida123 has made the advancement [Hunt and Gather]
[16Apr2026 02:54:01.840] [Server thread/INFO] [net.minecraft.server.MinecraftServer/]: davixlapida123 has made the advancement [Local Brewery]
[16Apr2026 02:57:02.834] [Server thread/DEBUG] [net.minecraftforge.common.ForgeHooks/WP]: Gathering id map for writing to world save world
[16Apr2026 02:57:02.849] [Server thread/DEBUG] [net.minecraftforge.common.ForgeHooks/WP]: ID Map collection complete world
[16Apr2026 02:58:33.381] [Server thread/INFO] [net.minecraft.server.MinecraftServer/]: davixlapida123 has completed the challenge [Great View From Up Here]
[16Apr2026 03:02:02.831] [Server thread/DEBUG] [net.minecraftforge.common.ForgeHooks/WP]: Gathering id map for writing to world save world
[16Apr2026 03:02:02.845] [Server thread/DEBUG] [net.minecraftforge.common.ForgeHooks/WP]: ID Map collection complete world
[16Apr2026 03:07:02.840] [Server thread/DEBUG] [net.minecraftforge.common.ForgeHooks/WP]: Gathering id map for writing to world save world
[16Apr2026 03:07:02.855] [Server thread/DEBUG] [net.minecraftforge.common.ForgeHooks/WP]: ID Map collection complete world
[16Apr2026 03:08:42.485] [Server thread/INFO] [net.minecraft.server.MinecraftServer/]: davixlapida123 was slain by Skeleton
[16Apr2026 03:08:42.501] [Server thread/INFO] [com.tiviacz.travelersbackpack.TravelersBackpack/]: Created new backpack backup file for davixlapida123 with unique ID travelersbackpack.diamond_16.04.2026-03.08.42.dat
[16Apr2026 03:08:46.967] [Server thread/WARN] [net.minecraft.server.MinecraftServer/]: Can't keep up! Is the server overloaded? Running 2891ms or 57 ticks behind
[16Apr2026 03:09:22.293] [Server thread/WARN] [net.minecraft.server.MinecraftServer/]: Can't keep up! Is the server overloaded? Running 2167ms or 43 ticks behind
[16Apr2026 03:09:29.456] [Server thread/INFO] [net.minecraft.server.MinecraftServer/]: [davixlapida123: Teleported davixlapida123 to 5820.500000, 45.500000, -2858.500000]
[16Apr2026 03:11:19.508] [Server thread/INFO] [net.minecraft.server.MinecraftServer/]: [Not Secure] <davixlapida123> ASD
[16Apr2026 03:12:07.861] [Server thread/DEBUG] [net.minecraftforge.common.ForgeHooks/WP]: Gathering id map for writing to world save world
[16Apr2026 03:12:07.875] [Server thread/DEBUG] [net.minecraftforge.common.ForgeHooks/WP]: ID Map collection complete world
[16Apr2026 03:13:14.135] [Server thread/INFO] [net.minecraft.server.MinecraftServer/]: davixlapida123 was burnt to a crisp whilst fighting Skeleton
[16Apr2026 03:13:14.149] [Server thread/INFO] [com.tiviacz.travelersbackpack.TravelersBackpack/]: Created new backpack backup file for davixlapida123 with unique ID travelersbackpack.diamond_16.04.2026-03.13.14.dat
[16Apr2026 03:13:18.055] [Server thread/WARN] [net.minecraft.server.MinecraftServer/]: Can't keep up! Is the server overloaded? Running 2428ms or 48 ticks behind
[16Apr2026 03:13:26.264] [Server thread/INFO] [net.minecraft.server.MinecraftServer/]: [Not Secure] <davixlapida123> ASD
[16Apr2026 03:13:39.054] [Server thread/INFO] [net.minecraft.server.MinecraftServer/]: [Not Secure] <davixlapida123> ASD
[16Apr2026 03:13:41.897] [Server thread/INFO] [net.minecraft.server.network.ServerGamePacketListenerImpl/]: davixlapida123 lost connection: Timed out
[16Apr2026 03:13:41.897] [Server thread/INFO] [net.minecraft.server.MinecraftServer/]: davixlapida123 left the game
[16Apr2026 03:15:01.079] [Netty Epoll Server IO #2/DEBUG] [net.minecraftforge.network.HandshakeHandler/FMLHANDSHAKE]: Starting new modded impl connection. Found 29 messages to dispatch.
[16Apr2026 03:15:01.276] [Server thread/DEBUG] [net.minecraftforge.network.HandshakeHandler/FMLHANDSHAKE]: Sending ticking packet info 'net.minecraftforge.network.HandshakeMessages$S2CModData' to 'fml:handshake' sequence 0
[16Apr2026 03:15:01.326] [Server thread/DEBUG] [net.minecraftforge.network.HandshakeHandler/FMLHANDSHAKE]: Sending ticking packet info 'net.minecraftforge.network.HandshakeMessages$S2CModList' to 'fml:handshake' sequence 1
[16Apr2026 03:15:01.376] [Server thread/DEBUG] [net.minecraftforge.network.HandshakeHandler/FMLHANDSHAKE]: Sending ticking packet info 'Registry minecraft:command_argument_type' to 'fml:handshake' sequence 2
[16Apr2026 03:15:01.426] [Server thread/DEBUG] [net.minecraftforge.network.HandshakeHandler/FMLHANDSHAKE]: Sending ticking packet info 'Registry minecraft:recipe_serializer' to 'fml:handshake' sequence 3
[16Apr2026 03:15:01.476] [Server thread/DEBUG] [net.minecraftforge.network.HandshakeHandler/FMLHANDSHAKE]: Sending ticking packet info 'Registry aether:moa_type' to 'fml:handshake' sequence 4
[16Apr2026 03:15:01.526] [Server thread/DEBUG] [net.minecraftforge.network.HandshakeHandler/FMLHANDSHAKE]: Sending ticking packet info 'Registry minecraft:sound_event' to 'fml:handshake' sequence 5
[16Apr2026 03:15:01.541] [Netty Epoll Server IO #2/DEBUG] [net.minecraftforge.network.LoginWrapper/FMLHANDSHAKE]: Recieved login wrapper packet event for channel fml:handshake with index 1
[16Apr2026 03:15:01.541] [Netty Epoll Server IO #2/DEBUG] [net.minecraftforge.network.HandshakeHandler/FMLHANDSHAKE]: Received client indexed reply 1 of type net.minecraftforge.network.HandshakeMessages$C2SModListReply
[16Apr2026 03:15:01.541] [Netty Epoll Server IO #2/DEBUG] [net.minecraftforge.network.HandshakeHandler/FMLHANDSHAKE]: Received client connection with modlist [kuma_api, fabric_renderer_api_v1, geckolib, fabric_item_api_v1, aether, fabric_rendering_fluids_v1, fabric_models_v0, mcwwindows, fabric_convention_tags_v1, xaeroworldmap, placebo, citadel, alexsmobs, fabric_command_api_v1, fabric_block_view_api_v2, fabric_command_api_v2, yungsapi, mcwstairs, fabric_data_attachment_api_v1, guardvillagers, relics, apotheosis, mcwdoors, balm, fabric_screen_api_v1, immersive_armors, carryon, cloth_config, fabric_api, fabric_content_registries_v0, supplementaries, embeddium, rubidium, mcwbridges, farmersdelight, fabric_game_rule_api_v1, fabric_api_lookup_api_v1, mcwfences, vanillabackport, resourcefulconfig, lionfishapi, spark, mysticaloaktree, cataclysm, curios, advancednetherite, attributeslib, fabric_entity_events_v1, resourcefullib, cumulus_menus, mcwroofs, inventoryprofilesnext, architectury, fabric_loot_api_v2, transition, fabric_rendering_data_attachment_v1, nitrogen_internals, fabric_networking_api_v1, smallships, enchantinginfuser, fabric_lifecycle_events_v1, renderscale, fabric_key_binding_api_v1, fabric_client_tags_api_v1, fabric_dimensions_v1, fabric_transfer_api_v1, octolib, fabric_model_loading_api_v1, jei, xaerolib, fabric_screen_handler_api_v1, fabric_resource_loader_v0, siegeweapons, trender, fabric_rendering_v1, waystones, fabric_renderer_indigo, fabric_mining_level_api_v1, travelersbackpack, artifacts, glitchcore, fabric_particles_v1, puzzlesaccessapi, forge, fabric_transitive_access_wideners_v1, minecraft, hiccups_legacy, libipn, terrablender, biomesoplenty, moonlight, endermanoverhaul, fabric_api_base, fabric_blockrenderlayer_v1, mixinsquared, jade, another_furniture, platform, fabric_block_api_v1, fabric_resource_conditions_api_v1, ksyxis, kotlinforforge, xaerominimap, fabric_item_group_api_v1, immersive_paintings, entityculling, fabric_biome_api_v1, fabric_registry_sync_v0, immediatelyfast, coroutil, creeperoverhaul, appleskin, fabric_recipe_api_v1, lootr, ferritecore, fabric_object_builder_api_v1, embeddium_extra, puzzleslib, fabric_sound_api_v1, immersive_melodies, fabric_message_api_v1, expandability, fabric_data_generation_api_v1, fabric_events_interaction_v0]
[16Apr2026 03:15:01.541] [Netty Epoll Server IO #2/DEBUG] [net.minecraftforge.network.NetworkRegistry/NETREGISTRY]: Channel 'hiccups_legacy:hiccups_legacy' : Version test of '1' from client : ACCEPTED
[16Apr2026 03:15:01.541] [Netty Epoll Server IO #2/DEBUG] [net.minecraftforge.network.NetworkRegistry/NETREGISTRY]: Channel 'supplementaries:channel' : Version test of '0' from client : ACCEPTED
[16Apr2026 03:15:01.541] [Netty Epoll Server IO #2/DEBUG] [net.minecraftforge.network.NetworkRegistry/NETREGISTRY]: Channel 'skinshuffle:skin_refresh' : Version test of 'ABSENT 🤔' from client : ACCEPTED
[16Apr2026 03:15:01.541] [Netty Epoll Server IO #2/DEBUG] [net.minecraftforge.network.NetworkRegistry/NETREGISTRY]: Channel 'ic_ia:main' : Version test of '1' from client : ACCEPTED
[16Apr2026 03:15:01.541] [Netty Epoll Server IO #2/DEBUG] [net.minecraftforge.network.NetworkRegistry/NETREGISTRY]: Channel 'architectury:network' : Version test of '1' from client : ACCEPTED
[16Apr2026 03:15:01.541] [Netty Epoll Server IO #2/DEBUG] [net.minecraftforge.network.NetworkRegistry/NETREGISTRY]: Channel 'apotheosis:apotheosis' : Version test of '1.0.0' from client : ACCEPTED
[16Apr2026 03:15:01.542] [Netty Epoll Server IO #2/DEBUG] [net.minecraftforge.network.NetworkRegistry/NETREGISTRY]: Channel 'aether:main' : Version test of '1' from client : ACCEPTED
[16Apr2026 03:15:01.542] [Netty Epoll Server IO #2/DEBUG] [net.minecraftforge.network.NetworkRegistry/NETREGISTRY]: Channel 'carryon:carryonpackets' : Version test of '1.0' from client : ACCEPTED
[16Apr2026 03:15:01.542] [Netty Epoll Server IO #2/DEBUG] [net.minecraftforge.network.NetworkRegistry/NETREGISTRY]: Channel 'guardvillagers:main' : Version test of '1' from client : ACCEPTED
[16Apr2026 03:15:01.542] [Netty Epoll Server IO #2/DEBUG] [net.minecraftforge.network.NetworkRegistry/NETREGISTRY]: Channel 'minecraft:unregister' : Version test of 'FML3' from client : ACCEPTED
[16Apr2026 03:15:01.542] [Netty Epoll Server IO #2/DEBUG] [net.minecraftforge.network.NetworkRegistry/NETREGISTRY]: Channel 'endermanoverhaul:main' : Version test of '1' from client : ACCEPTED
[16Apr2026 03:15:01.542] [Netty Epoll Server IO #2/DEBUG] [net.minecraftforge.network.NetworkRegistry/NETREGISTRY]: Channel 'xaerominimap:main' : Version test of '1.0' from client : ACCEPTED
[16Apr2026 03:15:01.542] [Netty Epoll Server IO #2/DEBUG] [net.minecraftforge.network.NetworkRegistry/NETREGISTRY]: Channel 'citadel:main_channel' : Version test of '1' from client : ACCEPTED
[16Apr2026 03:15:01.542] [Netty Epoll Server IO #2/DEBUG] [net.minecraftforge.network.NetworkRegistry/NETREGISTRY]: Channel 'puzzleslib:1' : Version test of '1' from client : ACCEPTED
[16Apr2026 03:15:01.542] [Netty Epoll Server IO #2/DEBUG] [net.minecraftforge.network.NetworkRegistry/NETREGISTRY]: Channel 'platform:networking' : Version test of '1' from client : ACCEPTED
[16Apr2026 03:15:01.542] [Netty Epoll Server IO #2/DEBUG] [net.minecraftforge.network.NetworkRegistry/NETREGISTRY]: Channel 'nitrogen_internals:main' : Version test of '1' from client : ACCEPTED
[16Apr2026 03:15:01.542] [Netty Epoll Server IO #2/DEBUG] [net.minecraftforge.network.NetworkRegistry/NETREGISTRY]: Channel 'fallingtree:main' : Version test of 'ABSENT 🤔' from client : ACCEPTED
[16Apr2026 03:15:01.542] [Netty Epoll Server IO #2/DEBUG] [net.minecraftforge.network.NetworkRegistry/NETREGISTRY]: Channel 'travelersbackpack:network' : Version test of 'travelersbackpack:1' from client : ACCEPTED
[16Apr2026 03:15:01.542] [Netty Epoll Server IO #2/DEBUG] [net.minecraftforge.network.NetworkRegistry/NETREGISTRY]: Channel 'curios:main' : Version test of '1' from client : ACCEPTED
[16Apr2026 03:15:01.542] [Netty Epoll Server IO #2/DEBUG] [net.minecraftforge.network.NetworkRegistry/NETREGISTRY]: Channel 'placebo:placebo' : Version test of '1.0.0' from client : ACCEPTED
[16Apr2026 03:15:01.542] [Netty Epoll Server IO #2/DEBUG] [net.minecraftforge.network.NetworkRegistry/NETREGISTRY]: Channel 'balm:network' : Version test of '1.0' from client : ACCEPTED
[16Apr2026 03:15:01.542] [Netty Epoll Server IO #2/DEBUG] [net.minecraftforge.network.NetworkRegistry/NETREGISTRY]: Channel 'immersive_melodies:main' : Version test of '1' from client : ACCEPTED
[16Apr2026 03:15:01.542] [Netty Epoll Server IO #2/DEBUG] [net.minecraftforge.network.NetworkRegistry/NETREGISTRY]: Channel 'attributeslib:attributeslib' : Version test of '1.0.0' from client : ACCEPTED
[16Apr2026 03:15:01.542] [Netty Epoll Server IO #2/DEBUG] [net.minecraftforge.network.NetworkRegistry/NETREGISTRY]: Channel 'skinshuffle:handshake' : Version test of 'ABSENT 🤔' from client : ACCEPTED
[16Apr2026 03:15:01.542] [Netty Epoll Server IO #2/DEBUG] [net.minecraftforge.network.NetworkRegistry/NETREGISTRY]: Channel 'cataclysm:main_channel' : Version test of '1' from client : ACCEPTED
[16Apr2026 03:15:01.542] [Netty Epoll Server IO #2/DEBUG] [net.minecraftforge.network.NetworkRegistry/NETREGISTRY]: Channel 'lionfishapi:main_channel' : Version test of '1' from client : ACCEPTED
[16Apr2026 03:15:01.542] [Netty Epoll Server IO #2/DEBUG] [net.minecraftforge.network.NetworkRegistry/NETREGISTRY]: Channel 'fml:loginwrapper' : Version test of 'FML3' from client : ACCEPTED
[16Apr2026 03:15:01.542] [Netty Epoll Server IO #2/DEBUG] [net.minecraftforge.network.NetworkRegistry/NETREGISTRY]: Channel 'enchantinginfuser:1' : Version test of '1' from client : ACCEPTED
[16Apr2026 03:15:01.542] [Netty Epoll Server IO #2/DEBUG] [net.minecraftforge.network.NetworkRegistry/NETREGISTRY]: Channel 'forge:tier_sorting' : Version test of '1.0' from client : ACCEPTED
[16Apr2026 03:15:01.542] [Netty Epoll Server IO #2/DEBUG] [net.minecraftforge.network.NetworkRegistry/NETREGISTRY]: Channel 'vanillabackport:network' : Version test of '1' from client : ACCEPTED
[16Apr2026 03:15:01.542] [Netty Epoll Server IO #2/DEBUG] [net.minecraftforge.network.NetworkRegistry/NETREGISTRY]: Channel 'alexsmobs:main_channel' : Version test of '1' from client : ACCEPTED
[16Apr2026 03:15:01.542] [Netty Epoll Server IO #2/DEBUG] [net.minecraftforge.network.NetworkRegistry/NETREGISTRY]: Channel 'xaerolib:main' : Version test of '1.0' from client : ACCEPTED
[16Apr2026 03:15:01.542] [Netty Epoll Server IO #2/DEBUG] [net.minecraftforge.network.NetworkRegistry/NETREGISTRY]: Channel 'relics:network' : Version test of '1.0' from client : ACCEPTED
[16Apr2026 03:15:01.543] [Netty Epoll Server IO #2/DEBUG] [net.minecraftforge.network.NetworkRegistry/NETREGISTRY]: Channel 'fml:play' : Version test of 'FML3' from client : ACCEPTED
[16Apr2026 03:15:01.543] [Netty Epoll Server IO #2/DEBUG] [net.minecraftforge.network.NetworkRegistry/NETREGISTRY]: Channel 'ic_ip:main' : Version test of '1' from client : ACCEPTED
[16Apr2026 03:15:01.543] [Netty Epoll Server IO #2/DEBUG] [net.minecraftforge.network.NetworkRegistry/NETREGISTRY]: Channel 'fml:handshake' : Version test of 'FML3' from client : ACCEPTED
[16Apr2026 03:15:01.543] [Netty Epoll Server IO #2/DEBUG] [net.minecraftforge.network.NetworkRegistry/NETREGISTRY]: Channel 'lootr:main_network_channel' : Version test of '2' from client : ACCEPTED
[16Apr2026 03:15:01.543] [Netty Epoll Server IO #2/DEBUG] [net.minecraftforge.network.NetworkRegistry/NETREGISTRY]: Channel 'siegeweapons:main' : Version test of '1' from client : ACCEPTED
[16Apr2026 03:15:01.543] [Netty Epoll Server IO #2/DEBUG] [net.minecraftforge.network.NetworkRegistry/NETREGISTRY]: Channel 'xaeroworldmap:main' : Version test of '1.0' from client : ACCEPTED
[16Apr2026 03:15:01.543] [Netty Epoll Server IO #2/DEBUG] [net.minecraftforge.network.NetworkRegistry/NETREGISTRY]: Channel 'minecraft:register' : Version test of 'FML3' from client : ACCEPTED
[16Apr2026 03:15:01.543] [Netty Epoll Server IO #2/DEBUG] [net.minecraftforge.network.NetworkRegistry/NETREGISTRY]: Channel 'forge:split' : Version test of '1.1' from client : ACCEPTED
[16Apr2026 03:15:01.543] [Netty Epoll Server IO #2/DEBUG] [net.minecraftforge.network.NetworkRegistry/NETREGISTRY]: Channel 'geckolib:main' : Version test of '1' from client : ACCEPTED
[16Apr2026 03:15:01.543] [Netty Epoll Server IO #2/DEBUG] [net.minecraftforge.network.NetworkRegistry/NETREGISTRY]: Channel 'waystones:network' : Version test of '1.0' from client : ACCEPTED
[16Apr2026 03:15:01.543] [Netty Epoll Server IO #2/DEBUG] [net.minecraftforge.network.NetworkRegistry/NETREGISTRY]: Channel 'moonlight:channel' : Version test of '0' from client : ACCEPTED
[16Apr2026 03:15:01.543] [Netty Epoll Server IO #2/DEBUG] [net.minecraftforge.network.NetworkRegistry/NETREGISTRY]: Channel 'jade:networking' : Version test of '2' from client : ACCEPTED
[16Apr2026 03:15:01.543] [Netty Epoll Server IO #2/DEBUG] [net.minecraftforge.network.NetworkRegistry/NETREGISTRY]: Channel 'skinshuffle:refresh' : Version test of 'ABSENT 🤔' from client : ACCEPTED
[16Apr2026 03:15:01.543] [Netty Epoll Server IO #2/DEBUG] [net.minecraftforge.network.NetworkRegistry/NETREGISTRY]: Accepting channel list from client
[16Apr2026 03:15:01.543] [Netty Epoll Server IO #2/DEBUG] [net.minecraftforge.network.HandshakeHandler/FMLHANDSHAKE]: Accepted client connection mod list
[16Apr2026 03:15:01.557] [Netty Epoll Server IO #2/DEBUG] [net.minecraftforge.network.LoginWrapper/FMLHANDSHAKE]: Recieved login wrapper packet event for channel fml:handshake with index 2
[16Apr2026 03:15:01.557] [Netty Epoll Server IO #2/DEBUG] [net.minecraftforge.network.HandshakeHandler/FMLHANDSHAKE]: Received client indexed reply 2 of type net.minecraftforge.network.HandshakeMessages$C2SAcknowledge
[16Apr2026 03:15:01.557] [Netty Epoll Server IO #2/DEBUG] [net.minecraftforge.network.HandshakeHandler/FMLHANDSHAKE]: Received acknowledgement from client
[16Apr2026 03:15:01.576] [Server thread/DEBUG] [net.minecraftforge.network.HandshakeHandler/FMLHANDSHAKE]: Sending ticking packet info 'Registry minecraft:particle_type' to 'fml:handshake' sequence 6
[16Apr2026 03:15:01.613] [Netty Epoll Server IO #2/DEBUG] [net.minecraftforge.network.LoginWrapper/FMLHANDSHAKE]: Recieved login wrapper packet event for channel fml:handshake with index 3
[16Apr2026 03:15:01.613] [Netty Epoll Server IO #2/DEBUG] [net.minecraftforge.network.HandshakeHandler/FMLHANDSHAKE]: Received client indexed reply 3 of type net.minecraftforge.network.HandshakeMessages$C2SAcknowledge
[16Apr2026 03:15:01.613] [Netty Epoll Server IO #2/DEBUG] [net.minecraftforge.network.HandshakeHandler/FMLHANDSHAKE]: Received acknowledgement from client
[16Apr2026 03:15:01.626] [Server thread/DEBUG] [net.minecraftforge.network.HandshakeHandler/FMLHANDSHAKE]: Sending ticking packet info 'Registry minecraft:villager_profession' to 'fml:handshake' sequence 7
[16Apr2026 03:15:01.660] [Netty Epoll Server IO #2/DEBUG] [net.minecraftforge.network.LoginWrapper/FMLHANDSHAKE]: Recieved login wrapper packet event for channel fml:handshake with index 4
[16Apr2026 03:15:01.660] [Netty Epoll Server IO #2/DEBUG] [net.minecraftforge.network.HandshakeHandler/FMLHANDSHAKE]: Received client indexed reply 4 of type net.minecraftforge.network.HandshakeMessages$C2SAcknowledge
[16Apr2026 03:15:01.660] [Netty Epoll Server IO #2/DEBUG] [net.minecraftforge.network.HandshakeHandler/FMLHANDSHAKE]: Received acknowledgement from client
[16Apr2026 03:15:01.676] [Server thread/DEBUG] [net.minecraftforge.network.HandshakeHandler/FMLHANDSHAKE]: Sending ticking packet info 'Registry minecraft:item' to 'fml:handshake' sequence 8
[16Apr2026 03:15:01.726] [Server thread/DEBUG] [net.minecraftforge.network.HandshakeHandler/FMLHANDSHAKE]: Sending ticking packet info 'Registry minecraft:potion' to 'fml:handshake' sequence 9
[16Apr2026 03:15:01.776] [Server thread/DEBUG] [net.minecraftforge.network.HandshakeHandler/FMLHANDSHAKE]: Sending ticking packet info 'Registry minecraft:painting_variant' to 'fml:handshake' sequence 10
[16Apr2026 03:15:01.826] [Server thread/DEBUG] [net.minecraftforge.network.HandshakeHandler/FMLHANDSHAKE]: Sending ticking packet info 'Registry forge:fluid_type' to 'fml:handshake' sequence 11
[16Apr2026 03:15:01.876] [Server thread/DEBUG] [net.minecraftforge.network.HandshakeHandler/FMLHANDSHAKE]: Sending ticking packet info 'Registry minecraft:block_entity_type' to 'fml:handshake' sequence 12
[16Apr2026 03:15:01.926] [Server thread/DEBUG] [net.minecraftforge.network.HandshakeHandler/FMLHANDSHAKE]: Sending ticking packet info 'Registry forge:display_contexts' to 'fml:handshake' sequence 13
[16Apr2026 03:15:01.976] [Server thread/DEBUG] [net.minecraftforge.network.HandshakeHandler/FMLHANDSHAKE]: Sending ticking packet info 'Registry minecraft:block' to 'fml:handshake' sequence 14
[16Apr2026 03:15:02.026] [Server thread/DEBUG] [net.minecraftforge.network.HandshakeHandler/FMLHANDSHAKE]: Sending ticking packet info 'Registry forge:entity_data_serializers' to 'fml:handshake' sequence 15
[16Apr2026 03:15:02.076] [Server thread/DEBUG] [net.minecraftforge.network.HandshakeHandler/FMLHANDSHAKE]: Sending ticking packet info 'Registry minecraft:mob_effect' to 'fml:handshake' sequence 16
[16Apr2026 03:15:02.111] [Netty Epoll Server IO #2/DEBUG] [net.minecraftforge.network.LoginWrapper/FMLHANDSHAKE]: Recieved login wrapper packet event for channel fml:handshake with index 5
[16Apr2026 03:15:02.111] [Netty Epoll Server IO #2/DEBUG] [net.minecraftforge.network.HandshakeHandler/FMLHANDSHAKE]: Received client indexed reply 5 of type net.minecraftforge.network.HandshakeMessages$C2SAcknowledge
[16Apr2026 03:15:02.111] [Netty Epoll Server IO #2/DEBUG] [net.minecraftforge.network.HandshakeHandler/FMLHANDSHAKE]: Received acknowledgement from client
[16Apr2026 03:15:02.111] [Netty Epoll Server IO #2/DEBUG] [net.minecraftforge.network.LoginWrapper/FMLHANDSHAKE]: Recieved login wrapper packet event for channel fml:handshake with index 6
[16Apr2026 03:15:02.111] [Netty Epoll Server IO #2/DEBUG] [net.minecraftforge.network.HandshakeHandler/FMLHANDSHAKE]: Received client indexed reply 6 of type net.minecraftforge.network.HandshakeMessages$C2SAcknowledge
[16Apr2026 03:15:02.111] [Netty Epoll Server IO #2/DEBUG] [net.minecraftforge.network.HandshakeHandler/FMLHANDSHAKE]: Received acknowledgement from client
[16Apr2026 03:15:02.111] [Netty Epoll Server IO #2/DEBUG] [net.minecraftforge.network.LoginWrapper/FMLHANDSHAKE]: Recieved login wrapper packet event for channel fml:handshake with index 7
[16Apr2026 03:15:02.111] [Netty Epoll Server IO #2/DEBUG] [net.minecraftforge.network.HandshakeHandler/FMLHANDSHAKE]: Received client indexed reply 7 of type net.minecraftforge.network.HandshakeMessages$C2SAcknowledge
[16Apr2026 03:15:02.111] [Netty Epoll Server IO #2/DEBUG] [net.minecraftforge.network.HandshakeHandler/FMLHANDSHAKE]: Received acknowledgement from client
[16Apr2026 03:15:02.126] [Server thread/DEBUG] [net.minecraftforge.network.HandshakeHandler/FMLHANDSHAKE]: Sending ticking packet info 'Registry minecraft:stat_type' to 'fml:handshake' sequence 17
[16Apr2026 03:15:02.176] [Server thread/DEBUG] [net.minecraftforge.network.HandshakeHandler/FMLHANDSHAKE]: Sending ticking packet info 'Registry minecraft:menu' to 'fml:handshake' sequence 18
[16Apr2026 03:15:02.226] [Server thread/DEBUG] [net.minecraftforge.network.HandshakeHandler/FMLHANDSHAKE]: Sending ticking packet info 'Registry minecraft:enchantment' to 'fml:handshake' sequence 19
[16Apr2026 03:15:02.276] [Server thread/DEBUG] [net.minecraftforge.network.HandshakeHandler/FMLHANDSHAKE]: Sending ticking packet info 'Registry minecraft:fluid' to 'fml:handshake' sequence 20
[16Apr2026 03:15:02.326] [Server thread/DEBUG] [net.minecraftforge.network.HandshakeHandler/FMLHANDSHAKE]: Sending ticking packet info 'Registry minecraft:entity_type' to 'fml:handshake' sequence 21
[16Apr2026 03:15:02.376] [Server thread/DEBUG] [net.minecraftforge.network.HandshakeHandler/FMLHANDSHAKE]: Sending ticking packet info 'Registry aether:advancement_sound_override' to 'fml:handshake' sequence 22
[16Apr2026 03:15:02.426] [Server thread/DEBUG] [net.minecraftforge.network.HandshakeHandler/FMLHANDSHAKE]: Sending ticking packet info 'Config curios-server.toml' to 'fml:handshake' sequence 23
[16Apr2026 03:15:02.476] [Server thread/DEBUG] [net.minecraftforge.network.HandshakeHandler/FMLHANDSHAKE]: Sending ticking packet info 'Config travelersbackpack-server.toml' to 'fml:handshake' sequence 24
[16Apr2026 03:15:02.526] [Server thread/DEBUG] [net.minecraftforge.network.HandshakeHandler/FMLHANDSHAKE]: Sending ticking packet info 'Config enchantinginfuser-server.toml' to 'fml:handshake' sequence 25
[16Apr2026 03:15:02.576] [Server thread/DEBUG] [net.minecraftforge.network.HandshakeHandler/FMLHANDSHAKE]: Sending ticking packet info 'Config siegeweapons-server.toml' to 'fml:handshake' sequence 26
[16Apr2026 03:15:02.626] [Server thread/DEBUG] [net.minecraftforge.network.HandshakeHandler/FMLHANDSHAKE]: Sending ticking packet info 'Config aether-server.toml' to 'fml:handshake' sequence 27
[16Apr2026 03:15:02.676] [Server thread/DEBUG] [net.minecraftforge.network.HandshakeHandler/FMLHANDSHAKE]: Sending ticking packet info 'Config forge-server.toml' to 'fml:handshake' sequence 28
[16Apr2026 03:15:02.689] [Netty Epoll Server IO #2/DEBUG] [net.minecraftforge.network.LoginWrapper/FMLHANDSHAKE]: Recieved login wrapper packet event for channel fml:handshake with index 8
[16Apr2026 03:15:02.689] [Netty Epoll Server IO #2/DEBUG] [net.minecraftforge.network.HandshakeHandler/FMLHANDSHAKE]: Received client indexed reply 8 of type net.minecraftforge.network.HandshakeMessages$C2SAcknowledge
[16Apr2026 03:15:02.689] [Netty Epoll Server IO #2/DEBUG] [net.minecraftforge.network.HandshakeHandler/FMLHANDSHAKE]: Received acknowledgement from client
[16Apr2026 03:15:02.699] [Netty Epoll Server IO #2/DEBUG] [net.minecraftforge.network.LoginWrapper/FMLHANDSHAKE]: Recieved login wrapper packet event for channel fml:handshake with index 9
[16Apr2026 03:15:02.699] [Netty Epoll Server IO #2/DEBUG] [net.minecraftforge.network.HandshakeHandler/FMLHANDSHAKE]: Received client indexed reply 9 of type net.minecraftforge.network.HandshakeMessages$C2SAcknowledge
[16Apr2026 03:15:02.699] [Netty Epoll Server IO #2/DEBUG] [net.minecraftforge.network.HandshakeHandler/FMLHANDSHAKE]: Received acknowledgement from client
[16Apr2026 03:15:02.699] [Netty Epoll Server IO #2/DEBUG] [net.minecraftforge.network.LoginWrapper/FMLHANDSHAKE]: Recieved login wrapper packet event for channel fml:handshake with index 10
[16Apr2026 03:15:02.699] [Netty Epoll Server IO #2/DEBUG] [net.minecraftforge.network.HandshakeHandler/FMLHANDSHAKE]: Received client indexed reply 10 of type net.minecraftforge.network.HandshakeMessages$C2SAcknowledge
[16Apr2026 03:15:02.699] [Netty Epoll Server IO #2/DEBUG] [net.minecraftforge.network.HandshakeHandler/FMLHANDSHAKE]: Received acknowledgement from client
[16Apr2026 03:15:02.702] [Netty Epoll Server IO #2/DEBUG] [net.minecraftforge.network.LoginWrapper/FMLHANDSHAKE]: Recieved login wrapper packet event for channel fml:handshake with index 11
[16Apr2026 03:15:02.702] [Netty Epoll Server IO #2/DEBUG] [net.minecraftforge.network.HandshakeHandler/FMLHANDSHAKE]: Received client indexed reply 11 of type net.minecraftforge.network.HandshakeMessages$C2SAcknowledge
[16Apr2026 03:15:02.702] [Netty Epoll Server IO #2/DEBUG] [net.minecraftforge.network.HandshakeHandler/FMLHANDSHAKE]: Received acknowledgement from client
[16Apr2026 03:15:02.704] [Netty Epoll Server IO #2/DEBUG] [net.minecraftforge.network.LoginWrapper/FMLHANDSHAKE]: Recieved login wrapper packet event for channel fml:handshake with index 12
[16Apr2026 03:15:02.704] [Netty Epoll Server IO #2/DEBUG] [net.minecraftforge.network.HandshakeHandler/FMLHANDSHAKE]: Received client indexed reply 12 of type net.minecraftforge.network.HandshakeMessages$C2SAcknowledge
[16Apr2026 03:15:02.704] [Netty Epoll Server IO #2/DEBUG] [net.minecraftforge.network.HandshakeHandler/FMLHANDSHAKE]: Received acknowledgement from client
[16Apr2026 03:15:02.727] [Netty Epoll Server IO #2/DEBUG] [net.minecraftforge.network.LoginWrapper/FMLHANDSHAKE]: Recieved login wrapper packet event for channel fml:handshake with index 13
[16Apr2026 03:15:02.727] [Netty Epoll Server IO #2/DEBUG] [net.minecraftforge.network.HandshakeHandler/FMLHANDSHAKE]: Received client indexed reply 13 of type net.minecraftforge.network.HandshakeMessages$C2SAcknowledge
[16Apr2026 03:15:02.727] [Netty Epoll Server IO #2/DEBUG] [net.minecraftforge.network.HandshakeHandler/FMLHANDSHAKE]: Received acknowledgement from client
[16Apr2026 03:15:03.248] [Netty Epoll Server IO #2/DEBUG] [net.minecraftforge.network.LoginWrapper/FMLHANDSHAKE]: Recieved login wrapper packet event for channel fml:handshake with index 14
[16Apr2026 03:15:03.249] [Netty Epoll Server IO #2/DEBUG] [net.minecraftforge.network.HandshakeHandler/FMLHANDSHAKE]: Received client indexed reply 14 of type net.minecraftforge.network.HandshakeMessages$C2SAcknowledge
[16Apr2026 03:15:03.249] [Netty Epoll Server IO #2/DEBUG] [net.minecraftforge.network.HandshakeHandler/FMLHANDSHAKE]: Received acknowledgement from client
[16Apr2026 03:15:03.249] [Netty Epoll Server IO #2/DEBUG] [net.minecraftforge.network.LoginWrapper/FMLHANDSHAKE]: Recieved login wrapper packet event for channel fml:handshake with index 15
[16Apr2026 03:15:03.249] [Netty Epoll Server IO #2/DEBUG] [net.minecraftforge.network.HandshakeHandler/FMLHANDSHAKE]: Received client indexed reply 15 of type net.minecraftforge.network.HandshakeMessages$C2SAcknowledge
[16Apr2026 03:15:03.249] [Netty Epoll Server IO #2/DEBUG] [net.minecraftforge.network.HandshakeHandler/FMLHANDSHAKE]: Received acknowledgement from client
[16Apr2026 03:15:03.249] [Netty Epoll Server IO #2/DEBUG] [net.minecraftforge.network.LoginWrapper/FMLHANDSHAKE]: Recieved login wrapper packet event for channel fml:handshake with index 16
[16Apr2026 03:15:03.249] [Netty Epoll Server IO #2/DEBUG] [net.minecraftforge.network.HandshakeHandler/FMLHANDSHAKE]: Received client indexed reply 16 of type net.minecraftforge.network.HandshakeMessages$C2SAcknowledge
[16Apr2026 03:15:03.249] [Netty Epoll Server IO #2/DEBUG] [net.minecraftforge.network.HandshakeHandler/FMLHANDSHAKE]: Received acknowledgement from client
[16Apr2026 03:15:03.249] [Netty Epoll Server IO #2/DEBUG] [net.minecraftforge.network.LoginWrapper/FMLHANDSHAKE]: Recieved login wrapper packet event for channel fml:handshake with index 17
[16Apr2026 03:15:03.249] [Netty Epoll Server IO #2/DEBUG] [net.minecraftforge.network.HandshakeHandler/FMLHANDSHAKE]: Received client indexed reply 17 of type net.minecraftforge.network.HandshakeMessages$C2SAcknowledge
[16Apr2026 03:15:03.249] [Netty Epoll Server IO #2/DEBUG] [net.minecraftforge.network.HandshakeHandler/FMLHANDSHAKE]: Received acknowledgement from client
[16Apr2026 03:15:03.250] [Netty Epoll Server IO #2/DEBUG] [net.minecraftforge.network.LoginWrapper/FMLHANDSHAKE]: Recieved login wrapper packet event for channel fml:handshake with index 18
[16Apr2026 03:15:03.250] [Netty Epoll Server IO #2/DEBUG] [net.minecraftforge.network.HandshakeHandler/FMLHANDSHAKE]: Received client indexed reply 18 of type net.minecraftforge.network.HandshakeMessages$C2SAcknowledge
[16Apr2026 03:15:03.250] [Netty Epoll Server IO #2/DEBUG] [net.minecraftforge.network.HandshakeHandler/FMLHANDSHAKE]: Received acknowledgement from client
[16Apr2026 03:15:03.250] [Netty Epoll Server IO #2/DEBUG] [net.minecraftforge.network.LoginWrapper/FMLHANDSHAKE]: Recieved login wrapper packet event for channel fml:handshake with index 19
[16Apr2026 03:15:03.250] [Netty Epoll Server IO #2/DEBUG] [net.minecraftforge.network.HandshakeHandler/FMLHANDSHAKE]: Received client indexed reply 19 of type net.minecraftforge.network.HandshakeMessages$C2SAcknowledge
[16Apr2026 03:15:03.250] [Netty Epoll Server IO #2/DEBUG] [net.minecraftforge.network.HandshakeHandler/FMLHANDSHAKE]: Received acknowledgement from client
[16Apr2026 03:15:03.250] [Netty Epoll Server IO #2/DEBUG] [net.minecraftforge.network.LoginWrapper/FMLHANDSHAKE]: Recieved login wrapper packet event for channel fml:handshake with index 20
[16Apr2026 03:15:03.250] [Netty Epoll Server IO #2/DEBUG] [net.minecraftforge.network.HandshakeHandler/FMLHANDSHAKE]: Received client indexed reply 20 of type net.minecraftforge.network.HandshakeMessages$C2SAcknowledge
[16Apr2026 03:15:03.250] [Netty Epoll Server IO #2/DEBUG] [net.minecraftforge.network.HandshakeHandler/FMLHANDSHAKE]: Received acknowledgement from client
[16Apr2026 03:15:03.354] [Netty Epoll Server IO #2/DEBUG] [net.minecraftforge.network.LoginWrapper/FMLHANDSHAKE]: Recieved login wrapper packet event for channel fml:handshake with index 21
[16Apr2026 03:15:03.354] [Netty Epoll Server IO #2/DEBUG] [net.minecraftforge.network.HandshakeHandler/FMLHANDSHAKE]: Received client indexed reply 21 of type net.minecraftforge.network.HandshakeMessages$C2SAcknowledge
[16Apr2026 03:15:03.354] [Netty Epoll Server IO #2/DEBUG] [net.minecraftforge.network.HandshakeHandler/FMLHANDSHAKE]: Received acknowledgement from client
[16Apr2026 03:15:07.491] [Netty Epoll Server IO #2/DEBUG] [net.minecraftforge.network.LoginWrapper/FMLHANDSHAKE]: Recieved login wrapper packet event for channel fml:handshake with index 22
[16Apr2026 03:15:07.492] [Netty Epoll Server IO #2/DEBUG] [net.minecraftforge.network.HandshakeHandler/FMLHANDSHAKE]: Received client indexed reply 22 of type net.minecraftforge.network.HandshakeMessages$C2SAcknowledge
[16Apr2026 03:15:07.492] [Netty Epoll Server IO #2/DEBUG] [net.minecraftforge.network.HandshakeHandler/FMLHANDSHAKE]: Received acknowledgement from client
[16Apr2026 03:15:07.492] [Netty Epoll Server IO #2/DEBUG] [net.minecraftforge.network.LoginWrapper/FMLHANDSHAKE]: Recieved login wrapper packet event for channel fml:handshake with index 23
[16Apr2026 03:15:07.492] [Netty Epoll Server IO #2/DEBUG] [net.minecraftforge.network.HandshakeHandler/FMLHANDSHAKE]: Received client indexed reply 23 of type net.minecraftforge.network.HandshakeMessages$C2SAcknowledge
[16Apr2026 03:15:07.492] [Netty Epoll Server IO #2/DEBUG] [net.minecraftforge.network.HandshakeHandler/FMLHANDSHAKE]: Received acknowledgement from client
[16Apr2026 03:15:07.493] [Netty Epoll Server IO #2/DEBUG] [net.minecraftforge.network.LoginWrapper/FMLHANDSHAKE]: Recieved login wrapper packet event for channel fml:handshake with index 24
[16Apr2026 03:15:07.493] [Netty Epoll Server IO #2/DEBUG] [net.minecraftforge.network.HandshakeHandler/FMLHANDSHAKE]: Received client indexed reply 24 of type net.minecraftforge.network.HandshakeMessages$C2SAcknowledge
[16Apr2026 03:15:07.493] [Netty Epoll Server IO #2/DEBUG] [net.minecraftforge.network.HandshakeHandler/FMLHANDSHAKE]: Received acknowledgement from client
[16Apr2026 03:15:07.500] [Netty Epoll Server IO #2/DEBUG] [net.minecraftforge.network.LoginWrapper/FMLHANDSHAKE]: Recieved login wrapper packet event for channel fml:handshake with index 25
[16Apr2026 03:15:07.500] [Netty Epoll Server IO #2/DEBUG] [net.minecraftforge.network.HandshakeHandler/FMLHANDSHAKE]: Received client indexed reply 25 of type net.minecraftforge.network.HandshakeMessages$C2SAcknowledge
[16Apr2026 03:15:07.500] [Netty Epoll Server IO #2/DEBUG] [net.minecraftforge.network.HandshakeHandler/FMLHANDSHAKE]: Received acknowledgement from client
[16Apr2026 03:15:07.507] [Netty Epoll Server IO #2/DEBUG] [net.minecraftforge.network.LoginWrapper/FMLHANDSHAKE]: Recieved login wrapper packet event for channel fml:handshake with index 26
[16Apr2026 03:15:07.507] [Netty Epoll Server IO #2/DEBUG] [net.minecraftforge.network.HandshakeHandler/FMLHANDSHAKE]: Received client indexed reply 26 of type net.minecraftforge.network.HandshakeMessages$C2SAcknowledge
[16Apr2026 03:15:07.507] [Netty Epoll Server IO #2/DEBUG] [net.minecraftforge.network.HandshakeHandler/FMLHANDSHAKE]: Received acknowledgement from client
[16Apr2026 03:15:07.508] [Netty Epoll Server IO #2/DEBUG] [net.minecraftforge.network.LoginWrapper/FMLHANDSHAKE]: Recieved login wrapper packet event for channel fml:handshake with index 27
[16Apr2026 03:15:07.508] [Netty Epoll Server IO #2/DEBUG] [net.minecraftforge.network.HandshakeHandler/FMLHANDSHAKE]: Received client indexed reply 27 of type net.minecraftforge.network.HandshakeMessages$C2SAcknowledge
[16Apr2026 03:15:07.508] [Netty Epoll Server IO #2/DEBUG] [net.minecraftforge.network.HandshakeHandler/FMLHANDSHAKE]: Received acknowledgement from client
[16Apr2026 03:15:07.508] [Netty Epoll Server IO #2/DEBUG] [net.minecraftforge.network.LoginWrapper/FMLHANDSHAKE]: Recieved login wrapper packet event for channel fml:handshake with index 28
[16Apr2026 03:15:07.508] [Netty Epoll Server IO #2/DEBUG] [net.minecraftforge.network.HandshakeHandler/FMLHANDSHAKE]: Received client indexed reply 28 of type net.minecraftforge.network.HandshakeMessages$C2SAcknowledge
[16Apr2026 03:15:07.508] [Netty Epoll Server IO #2/DEBUG] [net.minecraftforge.network.HandshakeHandler/FMLHANDSHAKE]: Received acknowledgement from client
[16Apr2026 03:15:07.526] [Server thread/DEBUG] [net.minecraftforge.network.HandshakeHandler/FMLHANDSHAKE]: Handshake complete!
[16Apr2026 03:15:07.578] [ForkJoinPool.commonPool-worker-10/DEBUG] [SkinRestorer/]: Fetching davixlapida123's skin
[16Apr2026 03:15:07.701] [Server thread/INFO] [net.minecraft.server.players.PlayerList/]: davixlapida123[/127.83.155.71:51121] logged in with entity id 10840 at (974.5, 66.0, 1733.5)
[16Apr2026 03:15:07.701] [Server thread/DEBUG] [net.minecraftforge.network.filters.NetworkFilters/]: Injected net.minecraftforge.network.filters.ForgeConnectionNetworkFilter@ebdeccd into net.minecraft.network.Connection@6455323d
[16Apr2026 03:15:07.737] [Server thread/INFO] [net.minecraft.server.MinecraftServer/]: davixlapida123 joined the game
[16Apr2026 03:15:07.754] [Server thread/INFO] [Jade/]: Syncing config to davixlapida123 (dc4e3ba7-b98d-365a-925e-d011efff1420)
[16Apr2026 03:15:20.342] [Server thread/INFO] [net.minecraft.server.MinecraftServer/]: [Not Secure] <davixlapida123> ASD
[16Apr2026 03:15:27.253] [Server thread/INFO] [net.minecraft.server.MinecraftServer/]: [Not Secure] <davixlapida123> asd
[16Apr2026 03:15:52.572] [Server thread/INFO] [net.minecraft.world.entity.LivingEntity/]: Named entity Zombie['Esperanza the Crying'/11774, l='ServerLevel[world]', x=974.61, y=64.00, z=1636.62] died: Esperanza the Crying was slain by davixlapida123
[16Apr2026 03:16:16.191] [Server thread/INFO] [net.minecraft.server.MinecraftServer/]: [Not Secure] <davixlapida123> asd
[16Apr2026 03:17:10.249] [Server thread/DEBUG] [net.minecraftforge.common.ForgeHooks/WP]: Gathering id map for writing to world save world
[16Apr2026 03:17:10.262] [Server thread/DEBUG] [net.minecraftforge.common.ForgeHooks/WP]: ID Map collection complete world
